outer_fold,inner_fold,feature,importance,positive_importance_share,selected_feature_set_json,fallback_top_feature_used
1,1,Q1_Academic_Performance,0.03277611124755758,0.029825261268028348,"[""Q10_Financial_Difficulty"", ""Q11_Internet_Access"", ""Q12_Outside_Responsibilities"", ""Q13_Faculty"", ""Q3_Assignments"", ""Q6_PHQ2_Interest"", ""Q7_PHQ2_Depressed"", ""Q8_GAD2_Nervous"", ""Q9_GAD2_Worry""]",False
1,1,Q2_Attendance,0.0844164104390934,0.0768163580370656,"[""Q10_Financial_Difficulty"", ""Q11_Internet_Access"", ""Q12_Outside_Responsibilities"", ""Q13_Faculty"", ""Q3_Assignments"", ""Q6_PHQ2_Interest"", ""Q7_PHQ2_Depressed"", ""Q8_GAD2_Nervous"", ""Q9_GAD2_Worry""]",False
1,1,Q3_Assignments,0.07720246157528816,0.07025188466156043,"[""Q10_Financial_Difficulty"", ""Q11_Internet_Access"", ""Q12_Outside_Responsibilities"", ""Q13_Faculty"", ""Q3_Assignments"", ""Q6_PHQ2_Interest"", ""Q7_PHQ2_Depressed"", ""Q8_GAD2_Nervous"", ""Q9_GAD2_Worry""]",False
1,1,Q4_Repeating,0.030462179940106315,0.027719654374039445,"[""Q10_Financial_Difficulty"", ""Q11_Internet_Access"", ""Q12_Outside_Responsibilities"", ""Q13_Faculty"", ""Q3_Assignments"", ""Q6_PHQ2_Interest"", ""Q7_PHQ2_Depressed"", ""Q8_GAD2_Nervous"", ""Q9_GAD2_Worry""]",False
1,1,Q6_PHQ2_Interest,0.10566633745387329,0.09615314330592731,"[""Q10_Financial_Difficulty"", ""Q11_Internet_Access"", ""Q12_Outside_Responsibilities"", ""Q13_Faculty"", ""Q3_Assignments"", ""Q6_PHQ2_Interest"", ""Q7_PHQ2_Depressed"", ""Q8_GAD2_Nervous"", ""Q9_GAD2_Worry""]",False
1,1,Q7_PHQ2_Depressed,0.16208432748817536,0.14749179297918497,"[""Q10_Financial_Difficulty"", ""Q11_Internet_Access"", ""Q12_Outside_Responsibilities"", ""Q13_Faculty"", ""Q3_Assignments"", ""Q6_PHQ2_Interest"", ""Q7_PHQ2_Depressed"", ""Q8_GAD2_Nervous"", ""Q9_GAD2_Worry""]",False
1,1,Q8_GAD2_Nervous,0.04970552208370491,0.045230508629077334,"[""Q10_Financial_Difficulty"", ""Q11_Internet_Access"", ""Q12_Outside_Responsibilities"", ""Q13_Faculty"", ""Q3_Assignments"", ""Q6_PHQ2_Interest"", ""Q7_PHQ2_Depressed"", ""Q8_GAD2_Nervous"", ""Q9_GAD2_Worry""]",False
1,1,Q9_GAD2_Worry,0.12523240360729188,0.11395766656390599,"[""Q10_Financial_Difficulty"", ""Q11_Internet_Access"", ""Q12_Outside_Responsibilities"", ""Q13_Faculty"", ""Q3_Assignments"", ""Q6_PHQ2_Interest"", ""Q7_PHQ2_Depressed"", ""Q8_GAD2_Nervous"", ""Q9_GAD2_Worry""]",False
1,1,Q10_Financial_Difficulty,0.07085280939379326,0.06447389489810722,"[""Q10_Financial_Difficulty"", ""Q11_Internet_Access"", ""Q12_Outside_Responsibilities"", ""Q13_Faculty"", ""Q3_Assignments"", ""Q6_PHQ2_Interest"", ""Q7_PHQ2_Depressed"", ""Q8_GAD2_Nervous"", ""Q9_GAD2_Worry""]",False
1,1,Q11_Internet_Access,0.06851308671340084,0.06234481864161154,"[""Q10_Financial_Difficulty"", ""Q11_Internet_Access"", ""Q12_Outside_Responsibilities"", ""Q13_Faculty"", ""Q3_Assignments"", ""Q6_PHQ2_Interest"", ""Q7_PHQ2_Depressed"", ""Q8_GAD2_Nervous"", ""Q9_GAD2_Worry""]",False
1,1,Q12_Outside_Responsibilities,0.12483825910816715,0.11359900709466748,"[""Q10_Financial_Difficulty"", ""Q11_Internet_Access"", ""Q12_Outside_Responsibilities"", ""Q13_Faculty"", ""Q3_Assignments"", ""Q6_PHQ2_Interest"", ""Q7_PHQ2_Depressed"", ""Q8_GAD2_Nervous"", ""Q9_GAD2_Worry""]",False
1,1,Q14_Year,0.029324734177352107,0.02668461343229612,"[""Q10_Financial_Difficulty"", ""Q11_Internet_Access"", ""Q12_Outside_Responsibilities"", ""Q13_Faculty"", ""Q3_Assignments"", ""Q6_PHQ2_Interest"", ""Q7_PHQ2_Depressed"", ""Q8_GAD2_Nervous"", ""Q9_GAD2_Worry""]",False
1,1,Q16_Belonging,0.06767250043309278,0.06157991077200037,"[""Q10_Financial_Difficulty"", ""Q11_Internet_Access"", ""Q12_Outside_Responsibilities"", ""Q13_Faculty"", ""Q3_Assignments"", ""Q6_PHQ2_Interest"", ""Q7_PHQ2_Depressed"", ""Q8_GAD2_Nervous"", ""Q9_GAD2_Worry""]",False
1,1,Q13_Faculty,0.07019079867634062,0.06387148534252787,"[""Q10_Financial_Difficulty"", ""Q11_Internet_Access"", ""Q12_Outside_Responsibilities"", ""Q13_Faculty"", ""Q3_Assignments"", ""Q6_PHQ2_Interest"", ""Q7_PHQ2_Depressed"", ""Q8_GAD2_Nervous"", ""Q9_GAD2_Worry""]",False
1,2,Q1_Academic_Performance,0.0745457576647954,0.09543306016095134,"[""Q10_Financial_Difficulty"", ""Q11_Internet_Access"", ""Q12_Outside_Responsibilities"", ""Q13_Faculty"", ""Q3_Assignments"", ""Q6_PHQ2_Interest"", ""Q7_PHQ2_Depressed"", ""Q8_GAD2_Nervous"", ""Q9_GAD2_Worry""]",False
1,2,Q2_Attendance,0.029401460316817413,0.03763958431882363,"[""Q10_Financial_Difficulty"", ""Q11_Internet_Access"", ""Q12_Outside_Responsibilities"", ""Q13_Faculty"", ""Q3_Assignments"", ""Q6_PHQ2_Interest"", ""Q7_PHQ2_Depressed"", ""Q8_GAD2_Nervous"", ""Q9_GAD2_Worry""]",False
1,2,Q3_Assignments,-0.008370814592703663,0.0,"[""Q10_Financial_Difficulty"", ""Q11_Internet_Access"", ""Q12_Outside_Responsibilities"", ""Q13_Faculty"", ""Q3_Assignments"", ""Q6_PHQ2_Interest"", ""Q7_PHQ2_Depressed"", ""Q8_GAD2_Nervous"", ""Q9_GAD2_Worry""]",False
1,2,Q4_Repeating,0.041598121650798764,0.053253681637178196,"[""Q10_Financial_Difficulty"", ""Q11_Internet_Access"", ""Q12_Outside_Responsibilities"", ""Q13_Faculty"", ""Q3_Assignments"", ""Q6_PHQ2_Interest"", ""Q7_PHQ2_Depressed"", ""Q8_GAD2_Nervous"", ""Q9_GAD2_Worry""]",False
1,2,Q6_PHQ2_Interest,0.06364102746366371,0.08147288582074196,"[""Q10_Financial_Difficulty"", ""Q11_Internet_Access"", ""Q12_Outside_Responsibilities"", ""Q13_Faculty"", ""Q3_Assignments"", ""Q6_PHQ2_Interest"", ""Q7_PHQ2_Depressed"", ""Q8_GAD2_Nervous"", ""Q9_GAD2_Worry""]",False
1,2,Q7_PHQ2_Depressed,0.13936153371324014,0.178409852520138,"[""Q10_Financial_Difficulty"", ""Q11_Internet_Access"", ""Q12_Outside_Responsibilities"", ""Q13_Faculty"", ""Q3_Assignments"", ""Q6_PHQ2_Interest"", ""Q7_PHQ2_Depressed"", ""Q8_GAD2_Nervous"", ""Q9_GAD2_Worry""]",False
1,2,Q8_GAD2_Nervous,0.04765532159285572,0.06100807497336965,"[""Q10_Financial_Difficulty"", ""Q11_Internet_Access"", ""Q12_Outside_Responsibilities"", ""Q13_Faculty"", ""Q3_Assignments"", ""Q6_PHQ2_Interest"", ""Q7_PHQ2_Depressed"", ""Q8_GAD2_Nervous"", ""Q9_GAD2_Worry""]",False
1,2,Q9_GAD2_Worry,0.11489101622889623,0.1470828335131817,"[""Q10_Financial_Difficulty"", ""Q11_Internet_Access"", ""Q12_Outside_Responsibilities"", ""Q13_Faculty"", ""Q3_Assignments"", ""Q6_PHQ2_Interest"", ""Q7_PHQ2_Depressed"", ""Q8_GAD2_Nervous"", ""Q9_GAD2_Worry""]",False
1,2,Q10_Financial_Difficulty,0.0849313787612761,0.10872867394176551,"[""Q10_Financial_Difficulty"", ""Q11_Internet_Access"", ""Q12_Outside_Responsibilities"", ""Q13_Faculty"", ""Q3_Assignments"", ""Q6_PHQ2_Interest"", ""Q7_PHQ2_Depressed"", ""Q8_GAD2_Nervous"", ""Q9_GAD2_Worry""]",False
1,2,Q11_Internet_Access,0.04321926530208811,0.05532906063189869,"[""Q10_Financial_Difficulty"", ""Q11_Internet_Access"", ""Q12_Outside_Responsibilities"", ""Q13_Faculty"", ""Q3_Assignments"", ""Q6_PHQ2_Interest"", ""Q7_PHQ2_Depressed"", ""Q8_GAD2_Nervous"", ""Q9_GAD2_Worry""]",False
1,2,Q12_Outside_Responsibilities,0.033105249927825875,0.04238115497077506,"[""Q10_Financial_Difficulty"", ""Q11_Internet_Access"", ""Q12_Outside_Responsibilities"", ""Q13_Faculty"", ""Q3_Assignments"", ""Q6_PHQ2_Interest"", ""Q7_PHQ2_Depressed"", ""Q8_GAD2_Nervous"", ""Q9_GAD2_Worry""]",False
1,2,Q14_Year,0.032949956904704134,0.042182349715018004,"[""Q10_Financial_Difficulty"", ""Q11_Internet_Access"", ""Q12_Outside_Responsibilities"", ""Q13_Faculty"", ""Q3_Assignments"", ""Q6_PHQ2_Interest"", ""Q7_PHQ2_Depressed"", ""Q8_GAD2_Nervous"", ""Q9_GAD2_Worry""]",False
1,2,Q16_Belonging,0.014927314782781895,0.019109864522571456,"[""Q10_Financial_Difficulty"", ""Q11_Internet_Access"", ""Q12_Outside_Responsibilities"", ""Q13_Faculty"", ""Q3_Assignments"", ""Q6_PHQ2_Interest"", ""Q7_PHQ2_Depressed"", ""Q8_GAD2_Nervous"", ""Q9_GAD2_Worry""]",False
1,2,Q13_Faculty,0.060903972375351535,0.07796892327358698,"[""Q10_Financial_Difficulty"", ""Q11_Internet_Access"", ""Q12_Outside_Responsibilities"", ""Q13_Faculty"", ""Q3_Assignments"", ""Q6_PHQ2_Interest"", ""Q7_PHQ2_Depressed"", ""Q8_GAD2_Nervous"", ""Q9_GAD2_Worry""]",False
1,3,Q1_Academic_Performance,0.01669114381270348,0.01701177553294915,"[""Q10_Financial_Difficulty"", ""Q11_Internet_Access"", ""Q12_Outside_Responsibilities"", ""Q13_Faculty"", ""Q3_Assignments"", ""Q6_PHQ2_Interest"", ""Q7_PHQ2_Depressed"", ""Q8_GAD2_Nervous"", ""Q9_GAD2_Worry""]",False
1,3,Q2_Attendance,0.0788729675401201,0.08038809289923553,"[""Q10_Financial_Difficulty"", ""Q11_Internet_Access"", ""Q12_Outside_Responsibilities"", ""Q13_Faculty"", ""Q3_Assignments"", ""Q6_PHQ2_Interest"", ""Q7_PHQ2_Depressed"", ""Q8_GAD2_Nervous"", ""Q9_GAD2_Worry""]",False
1,3,Q3_Assignments,0.07312233740067935,0.0745269949299806,"[""Q10_Financial_Difficulty"", ""Q11_Internet_Access"", ""Q12_Outside_Responsibilities"", ""Q13_Faculty"", ""Q3_Assignments"", ""Q6_PHQ2_Interest"", ""Q7_PHQ2_Depressed"", ""Q8_GAD2_Nervous"", ""Q9_GAD2_Worry""]",False
1,3,Q4_Repeating,0.022727189240950747,0.02316377153060359,"[""Q10_Financial_Difficulty"", ""Q11_Internet_Access"", ""Q12_Outside_Responsibilities"", ""Q13_Faculty"", ""Q3_Assignments"", ""Q6_PHQ2_Interest"", ""Q7_PHQ2_Depressed"", ""Q8_GAD2_Nervous"", ""Q9_GAD2_Worry""]",False
1,3,Q6_PHQ2_Interest,0.1388712426246898,0.14153891632728646,"[""Q10_Financial_Difficulty"", ""Q11_Internet_Access"", ""Q12_Outside_Responsibilities"", ""Q13_Faculty"", ""Q3_Assignments"", ""Q6_PHQ2_Interest"", ""Q7_PHQ2_Depressed"", ""Q8_GAD2_Nervous"", ""Q9_GAD2_Worry""]",False
1,3,Q7_PHQ2_Depressed,0.1727568870745977,0.1760754935469029,"[""Q10_Financial_Difficulty"", ""Q11_Internet_Access"", ""Q12_Outside_Responsibilities"", ""Q13_Faculty"", ""Q3_Assignments"", ""Q6_PHQ2_Interest"", ""Q7_PHQ2_Depressed"", ""Q8_GAD2_Nervous"", ""Q9_GAD2_Worry""]",False
1,3,Q8_GAD2_Nervous,0.05079041436110805,0.05176608254247008,"[""Q10_Financial_Difficulty"", ""Q11_Internet_Access"", ""Q12_Outside_Responsibilities"", ""Q13_Faculty"", ""Q3_Assignments"", ""Q6_PHQ2_Interest"", ""Q7_PHQ2_Depressed"", ""Q8_GAD2_Nervous"", ""Q9_GAD2_Worry""]",False
1,3,Q9_GAD2_Worry,0.03633720763078,0.03703523417241903,"[""Q10_Financial_Difficulty"", ""Q11_Internet_Access"", ""Q12_Outside_Responsibilities"", ""Q13_Faculty"", ""Q3_Assignments"", ""Q6_PHQ2_Interest"", ""Q7_PHQ2_Depressed"", ""Q8_GAD2_Nervous"", ""Q9_GAD2_Worry""]",False
1,3,Q10_Financial_Difficulty,0.0376589774191007,0.03838239475035569,"[""Q10_Financial_Difficulty"", ""Q11_Internet_Access"", ""Q12_Outside_Responsibilities"", ""Q13_Faculty"", ""Q3_Assignments"", ""Q6_PHQ2_Interest"", ""Q7_PHQ2_Depressed"", ""Q8_GAD2_Nervous"", ""Q9_GAD2_Worry""]",False
1,3,Q11_Internet_Access,0.09844101770810412,0.1003320392704767,"[""Q10_Financial_Difficulty"", ""Q11_Internet_Access"", ""Q12_Outside_Responsibilities"", ""Q13_Faculty"", ""Q3_Assignments"", ""Q6_PHQ2_Interest"", ""Q7_PHQ2_Depressed"", ""Q8_GAD2_Nervous"", ""Q9_GAD2_Worry""]",False
1,3,Q12_Outside_Responsibilities,0.05806358434541581,0.059178967877018415,"[""Q10_Financial_Difficulty"", ""Q11_Internet_Access"", ""Q12_Outside_Responsibilities"", ""Q13_Faculty"", ""Q3_Assignments"", ""Q6_PHQ2_Interest"", ""Q7_PHQ2_Depressed"", ""Q8_GAD2_Nervous"", ""Q9_GAD2_Worry""]",False
1,3,Q14_Year,0.05429849732344805,0.055341554695604984,"[""Q10_Financial_Difficulty"", ""Q11_Internet_Access"", ""Q12_Outside_Responsibilities"", ""Q13_Faculty"", ""Q3_Assignments"", ""Q6_PHQ2_Interest"", ""Q7_PHQ2_Depressed"", ""Q8_GAD2_Nervous"", ""Q9_GAD2_Worry""]",False
1,3,Q16_Belonging,0.05285503445201852,0.053870363347998475,"[""Q10_Financial_Difficulty"", ""Q11_Internet_Access"", ""Q12_Outside_Responsibilities"", ""Q13_Faculty"", ""Q3_Assignments"", ""Q6_PHQ2_Interest"", ""Q7_PHQ2_Depressed"", ""Q8_GAD2_Nervous"", ""Q9_GAD2_Worry""]",False
1,3,Q13_Faculty,0.08966586498924926,0.09138831857669831,"[""Q10_Financial_Difficulty"", ""Q11_Internet_Access"", ""Q12_Outside_Responsibilities"", ""Q13_Faculty"", ""Q3_Assignments"", ""Q6_PHQ2_Interest"", ""Q7_PHQ2_Depressed"", ""Q8_GAD2_Nervous"", ""Q9_GAD2_Worry""]",False
1,4,Q1_Academic_Performance,-0.006489118989119047,0.0,"[""Q10_Financial_Difficulty"", ""Q11_Internet_Access"", ""Q12_Outside_Responsibilities"", ""Q13_Faculty"", ""Q3_Assignments"", ""Q6_PHQ2_Interest"", ""Q7_PHQ2_Depressed"", ""Q8_GAD2_Nervous"", ""Q9_GAD2_Worry""]",False
1,4,Q2_Attendance,0.0068920672131680735,0.014760712129419826,"[""Q10_Financial_Difficulty"", ""Q11_Internet_Access"", ""Q12_Outside_Responsibilities"", ""Q13_Faculty"", ""Q3_Assignments"", ""Q6_PHQ2_Interest"", ""Q7_PHQ2_Depressed"", ""Q8_GAD2_Nervous"", ""Q9_GAD2_Worry""]",False
1,4,Q3_Assignments,0.005934652408276214,0.012710220762119698,"[""Q10_Financial_Difficulty"", ""Q11_Internet_Access"", ""Q12_Outside_Responsibilities"", ""Q13_Faculty"", ""Q3_Assignments"", ""Q6_PHQ2_Interest"", ""Q7_PHQ2_Depressed"", ""Q8_GAD2_Nervous"", ""Q9_GAD2_Worry""]",False
1,4,Q4_Repeating,0.0005103887844713107,0.0010930975698077246,"[""Q10_Financial_Difficulty"", ""Q11_Internet_Access"", ""Q12_Outside_Responsibilities"", ""Q13_Faculty"", ""Q3_Assignments"", ""Q6_PHQ2_Interest"", ""Q7_PHQ2_Depressed"", ""Q8_GAD2_Nervous"", ""Q9_GAD2_Worry""]",False
1,4,Q6_PHQ2_Interest,0.03743875841494263,0.08018243559639321,"[""Q10_Financial_Difficulty"", ""Q11_Internet_Access"", ""Q12_Outside_Responsibilities"", ""Q13_Faculty"", ""Q3_Assignments"", ""Q6_PHQ2_Interest"", ""Q7_PHQ2_Depressed"", ""Q8_GAD2_Nervous"", ""Q9_GAD2_Worry""]",False
1,4,Q7_PHQ2_Depressed,0.10414314806884609,0.22304295378297173,"[""Q10_Financial_Difficulty"", ""Q11_Internet_Access"", ""Q12_Outside_Responsibilities"", ""Q13_Faculty"", ""Q3_Assignments"", ""Q6_PHQ2_Interest"", ""Q7_PHQ2_Depressed"", ""Q8_GAD2_Nervous"", ""Q9_GAD2_Worry""]",False
1,4,Q8_GAD2_Nervous,0.04741583079274921,0.10155029065471528,"[""Q10_Financial_Difficulty"", ""Q11_Internet_Access"", ""Q12_Outside_Responsibilities"", ""Q13_Faculty"", ""Q3_Assignments"", ""Q6_PHQ2_Interest"", ""Q7_PHQ2_Depressed"", ""Q8_GAD2_Nervous"", ""Q9_GAD2_Worry""]",False
1,4,Q9_GAD2_Worry,0.020107292446942697,0.043063705900069096,"[""Q10_Financial_Difficulty"", ""Q11_Internet_Access"", ""Q12_Outside_Responsibilities"", ""Q13_Faculty"", ""Q3_Assignments"", ""Q6_PHQ2_Interest"", ""Q7_PHQ2_Depressed"", ""Q8_GAD2_Nervous"", ""Q9_GAD2_Worry""]",False
1,4,Q10_Financial_Difficulty,0.0244743461065912,0.05241660684111639,"[""Q10_Financial_Difficulty"", ""Q11_Internet_Access"", ""Q12_Outside_Responsibilities"", ""Q13_Faculty"", ""Q3_Assignments"", ""Q6_PHQ2_Interest"", ""Q7_PHQ2_Depressed"", ""Q8_GAD2_Nervous"", ""Q9_GAD2_Worry""]",False
1,4,Q11_Internet_Access,0.06342508404049171,0.1358372427821428,"[""Q10_Financial_Difficulty"", ""Q11_Internet_Access"", ""Q12_Outside_Responsibilities"", ""Q13_Faculty"", ""Q3_Assignments"", ""Q6_PHQ2_Interest"", ""Q7_PHQ2_Depressed"", ""Q8_GAD2_Nervous"", ""Q9_GAD2_Worry""]",False
1,4,Q12_Outside_Responsibilities,0.06201825400945658,0.13282424066523701,"[""Q10_Financial_Difficulty"", ""Q11_Internet_Access"", ""Q12_Outside_Responsibilities"", ""Q13_Faculty"", ""Q3_Assignments"", ""Q6_PHQ2_Interest"", ""Q7_PHQ2_Depressed"", ""Q8_GAD2_Nervous"", ""Q9_GAD2_Worry""]",False
1,4,Q14_Year,0.016542198996327407,0.03542835985491308,"[""Q10_Financial_Difficulty"", ""Q11_Internet_Access"", ""Q12_Outside_Responsibilities"", ""Q13_Faculty"", ""Q3_Assignments"", ""Q6_PHQ2_Interest"", ""Q7_PHQ2_Depressed"", ""Q8_GAD2_Nervous"", ""Q9_GAD2_Worry""]",False
1,4,Q16_Belonging,0.02385569082602431,0.05109163535994076,"[""Q10_Financial_Difficulty"", ""Q11_Internet_Access"", ""Q12_Outside_Responsibilities"", ""Q13_Faculty"", ""Q3_Assignments"", ""Q6_PHQ2_Interest"", ""Q7_PHQ2_Depressed"", ""Q8_GAD2_Nervous"", ""Q9_GAD2_Worry""]",False
1,4,Q13_Faculty,0.05416198341449006,0.11599849810115347,"[""Q10_Financial_Difficulty"", ""Q11_Internet_Access"", ""Q12_Outside_Responsibilities"", ""Q13_Faculty"", ""Q3_Assignments"", ""Q6_PHQ2_Interest"", ""Q7_PHQ2_Depressed"", ""Q8_GAD2_Nervous"", ""Q9_GAD2_Worry""]",False
1,5,Q1_Academic_Performance,-0.06619921462452324,0.0,"[""Q10_Financial_Difficulty"", ""Q11_Internet_Access"", ""Q12_Outside_Responsibilities"", ""Q13_Faculty"", ""Q3_Assignments"", ""Q6_PHQ2_Interest"", ""Q7_PHQ2_Depressed"", ""Q8_GAD2_Nervous"", ""Q9_GAD2_Worry""]",False
1,5,Q2_Attendance,-0.025016485232553128,0.0,"[""Q10_Financial_Difficulty"", ""Q11_Internet_Access"", ""Q12_Outside_Responsibilities"", ""Q13_Faculty"", ""Q3_Assignments"", ""Q6_PHQ2_Interest"", ""Q7_PHQ2_Depressed"", ""Q8_GAD2_Nervous"", ""Q9_GAD2_Worry""]",False
1,5,Q3_Assignments,0.021275445587372217,0.14062398789682193,"[""Q10_Financial_Difficulty"", ""Q11_Internet_Access"", ""Q12_Outside_Responsibilities"", ""Q13_Faculty"", ""Q3_Assignments"", ""Q6_PHQ2_Interest"", ""Q7_PHQ2_Depressed"", ""Q8_GAD2_Nervous"", ""Q9_GAD2_Worry""]",False
1,5,Q4_Repeating,-0.026289376738704885,0.0,"[""Q10_Financial_Difficulty"", ""Q11_Internet_Access"", ""Q12_Outside_Responsibilities"", ""Q13_Faculty"", ""Q3_Assignments"", ""Q6_PHQ2_Interest"", ""Q7_PHQ2_Depressed"", ""Q8_GAD2_Nervous"", ""Q9_GAD2_Worry""]",False
1,5,Q6_PHQ2_Interest,-0.033620782106237666,0.0,"[""Q10_Financial_Difficulty"", ""Q11_Internet_Access"", ""Q12_Outside_Responsibilities"", ""Q13_Faculty"", ""Q3_Assignments"", ""Q6_PHQ2_Interest"", ""Q7_PHQ2_Depressed"", ""Q8_GAD2_Nervous"", ""Q9_GAD2_Worry""]",False
1,5,Q7_PHQ2_Depressed,0.05868343985395932,0.3878790365107608,"[""Q10_Financial_Difficulty"", ""Q11_Internet_Access"", ""Q12_Outside_Responsibilities"", ""Q13_Faculty"", ""Q3_Assignments"", ""Q6_PHQ2_Interest"", ""Q7_PHQ2_Depressed"", ""Q8_GAD2_Nervous"", ""Q9_GAD2_Worry""]",False
1,5,Q8_GAD2_Nervous,-0.03804546089052484,0.0,"[""Q10_Financial_Difficulty"", ""Q11_Internet_Access"", ""Q12_Outside_Responsibilities"", ""Q13_Faculty"", ""Q3_Assignments"", ""Q6_PHQ2_Interest"", ""Q7_PHQ2_Depressed"", ""Q8_GAD2_Nervous"", ""Q9_GAD2_Worry""]",False
1,5,Q9_GAD2_Worry,0.05086697557695576,0.33621467190926474,"[""Q10_Financial_Difficulty"", ""Q11_Internet_Access"", ""Q12_Outside_Responsibilities"", ""Q13_Faculty"", ""Q3_Assignments"", ""Q6_PHQ2_Interest"", ""Q7_PHQ2_Depressed"", ""Q8_GAD2_Nervous"", ""Q9_GAD2_Worry""]",False
1,5,Q10_Financial_Difficulty,0.020467285375643383,0.13528230368315253,"[""Q10_Financial_Difficulty"", ""Q11_Internet_Access"", ""Q12_Outside_Responsibilities"", ""Q13_Faculty"", ""Q3_Assignments"", ""Q6_PHQ2_Interest"", ""Q7_PHQ2_Depressed"", ""Q8_GAD2_Nervous"", ""Q9_GAD2_Worry""]",False
1,5,Q11_Internet_Access,-0.026851962841464676,0.0,"[""Q10_Financial_Difficulty"", ""Q11_Internet_Access"", ""Q12_Outside_Responsibilities"", ""Q13_Faculty"", ""Q3_Assignments"", ""Q6_PHQ2_Interest"", ""Q7_PHQ2_Depressed"", ""Q8_GAD2_Nervous"", ""Q9_GAD2_Worry""]",False
1,5,Q12_Outside_Responsibilities,-0.03858425243085488,0.0,"[""Q10_Financial_Difficulty"", ""Q11_Internet_Access"", ""Q12_Outside_Responsibilities"", ""Q13_Faculty"", ""Q3_Assignments"", ""Q6_PHQ2_Interest"", ""Q7_PHQ2_Depressed"", ""Q8_GAD2_Nervous"", ""Q9_GAD2_Worry""]",False
1,5,Q14_Year,-0.029939391778112508,0.0,"[""Q10_Financial_Difficulty"", ""Q11_Internet_Access"", ""Q12_Outside_Responsibilities"", ""Q13_Faculty"", ""Q3_Assignments"", ""Q6_PHQ2_Interest"", ""Q7_PHQ2_Depressed"", ""Q8_GAD2_Nervous"", ""Q9_GAD2_Worry""]",False
1,5,Q16_Belonging,-0.06000104566618325,0.0,"[""Q10_Financial_Difficulty"", ""Q11_Internet_Access"", ""Q12_Outside_Responsibilities"", ""Q13_Faculty"", ""Q3_Assignments"", ""Q6_PHQ2_Interest"", ""Q7_PHQ2_Depressed"", ""Q8_GAD2_Nervous"", ""Q9_GAD2_Worry""]",False
1,5,Q13_Faculty,-0.028803709805060213,0.0,"[""Q10_Financial_Difficulty"", ""Q11_Internet_Access"", ""Q12_Outside_Responsibilities"", ""Q13_Faculty"", ""Q3_Assignments"", ""Q6_PHQ2_Interest"", ""Q7_PHQ2_Depressed"", ""Q8_GAD2_Nervous"", ""Q9_GAD2_Worry""]",False
2,1,Q1_Academic_Performance,0.04742698978744592,0.08980787929250082,"[""Q11_Internet_Access"", ""Q16_Belonging"", ""Q1_Academic_Performance"", ""Q4_Repeating"", ""Q6_PHQ2_Interest"", ""Q7_PHQ2_Depressed"", ""Q8_GAD2_Nervous"", ""Q9_GAD2_Worry""]",False
2,1,Q2_Attendance,0.014980075989250299,0.028366313406447602,"[""Q11_Internet_Access"", ""Q16_Belonging"", ""Q1_Academic_Performance"", ""Q4_Repeating"", ""Q6_PHQ2_Interest"", ""Q7_PHQ2_Depressed"", ""Q8_GAD2_Nervous"", ""Q9_GAD2_Worry""]",False
2,1,Q3_Assignments,-0.027340956469396844,0.0,"[""Q11_Internet_Access"", ""Q16_Belonging"", ""Q1_Academic_Performance"", ""Q4_Repeating"", ""Q6_PHQ2_Interest"", ""Q7_PHQ2_Depressed"", ""Q8_GAD2_Nervous"", ""Q9_GAD2_Worry""]",False
2,1,Q4_Repeating,-0.002923148335992362,0.0,"[""Q11_Internet_Access"", ""Q16_Belonging"", ""Q1_Academic_Performance"", ""Q4_Repeating"", ""Q6_PHQ2_Interest"", ""Q7_PHQ2_Depressed"", ""Q8_GAD2_Nervous"", ""Q9_GAD2_Worry""]",False
2,1,Q6_PHQ2_Interest,0.06917555318242703,0.13099101920746084,"[""Q11_Internet_Access"", ""Q16_Belonging"", ""Q1_Academic_Performance"", ""Q4_Repeating"", ""Q6_PHQ2_Interest"", ""Q7_PHQ2_Depressed"", ""Q8_GAD2_Nervous"", ""Q9_GAD2_Worry""]",False
2,1,Q7_PHQ2_Depressed,0.13881070260256345,0.26285233112429407,"[""Q11_Internet_Access"", ""Q16_Belonging"", ""Q1_Academic_Performance"", ""Q4_Repeating"", ""Q6_PHQ2_Interest"", ""Q7_PHQ2_Depressed"", ""Q8_GAD2_Nervous"", ""Q9_GAD2_Worry""]",False
2,1,Q8_GAD2_Nervous,0.03902263348569115,0.07389336690911205,"[""Q11_Internet_Access"", ""Q16_Belonging"", ""Q1_Academic_Performance"", ""Q4_Repeating"", ""Q6_PHQ2_Interest"", ""Q7_PHQ2_Depressed"", ""Q8_GAD2_Nervous"", ""Q9_GAD2_Worry""]",False
2,1,Q9_GAD2_Worry,0.15069461886056118,0.28535574788347784,"[""Q11_Internet_Access"", ""Q16_Belonging"", ""Q1_Academic_Performance"", ""Q4_Repeating"", ""Q6_PHQ2_Interest"", ""Q7_PHQ2_Depressed"", ""Q8_GAD2_Nervous"", ""Q9_GAD2_Worry""]",False
2,1,Q10_Financial_Difficulty,0.030488178135410382,0.05773249860690034,"[""Q11_Internet_Access"", ""Q16_Belonging"", ""Q1_Academic_Performance"", ""Q4_Repeating"", ""Q6_PHQ2_Interest"", ""Q7_PHQ2_Depressed"", ""Q8_GAD2_Nervous"", ""Q9_GAD2_Worry""]",False
2,1,Q11_Internet_Access,-0.0003233019105864765,0.0,"[""Q11_Internet_Access"", ""Q16_Belonging"", ""Q1_Academic_Performance"", ""Q4_Repeating"", ""Q6_PHQ2_Interest"", ""Q7_PHQ2_Depressed"", ""Q8_GAD2_Nervous"", ""Q9_GAD2_Worry""]",False
2,1,Q12_Outside_Responsibilities,0.02194339877826116,0.04155208073667236,"[""Q11_Internet_Access"", ""Q16_Belonging"", ""Q1_Academic_Performance"", ""Q4_Repeating"", ""Q6_PHQ2_Interest"", ""Q7_PHQ2_Depressed"", ""Q8_GAD2_Nervous"", ""Q9_GAD2_Worry""]",False
2,1,Q14_Year,0.0031418184402880354,0.005949356105224072,"[""Q11_Internet_Access"", ""Q16_Belonging"", ""Q1_Academic_Performance"", ""Q4_Repeating"", ""Q6_PHQ2_Interest"", ""Q7_PHQ2_Depressed"", ""Q8_GAD2_Nervous"", ""Q9_GAD2_Worry""]",False
2,1,Q16_Belonging,0.007928806894553275,0.01501401070805628,"[""Q11_Internet_Access"", ""Q16_Belonging"", ""Q1_Academic_Performance"", ""Q4_Repeating"", ""Q6_PHQ2_Interest"", ""Q7_PHQ2_Depressed"", ""Q8_GAD2_Nervous"", ""Q9_GAD2_Worry""]",False
2,1,Q13_Faculty,0.004481085552252395,0.008485396019854053,"[""Q11_Internet_Access"", ""Q16_Belonging"", ""Q1_Academic_Performance"", ""Q4_Repeating"", ""Q6_PHQ2_Interest"", ""Q7_PHQ2_Depressed"", ""Q8_GAD2_Nervous"", ""Q9_GAD2_Worry""]",False
2,2,Q1_Academic_Performance,0.04140189810563658,0.2658266740037042,"[""Q11_Internet_Access"", ""Q16_Belonging"", ""Q1_Academic_Performance"", ""Q4_Repeating"", ""Q6_PHQ2_Interest"", ""Q7_PHQ2_Depressed"", ""Q8_GAD2_Nervous"", ""Q9_GAD2_Worry""]",False
2,2,Q2_Attendance,0.0023782953156190056,0.015270177515448707,"[""Q11_Internet_Access"", ""Q16_Belonging"", ""Q1_Academic_Performance"", ""Q4_Repeating"", ""Q6_PHQ2_Interest"", ""Q7_PHQ2_Depressed"", ""Q8_GAD2_Nervous"", ""Q9_GAD2_Worry""]",False
2,2,Q3_Assignments,0.0,0.0,"[""Q11_Internet_Access"", ""Q16_Belonging"", ""Q1_Academic_Performance"", ""Q4_Repeating"", ""Q6_PHQ2_Interest"", ""Q7_PHQ2_Depressed"", ""Q8_GAD2_Nervous"", ""Q9_GAD2_Worry""]",False
2,2,Q4_Repeating,0.01908212288901177,0.12251943733529846,"[""Q11_Internet_Access"", ""Q16_Belonging"", ""Q1_Academic_Performance"", ""Q4_Repeating"", ""Q6_PHQ2_Interest"", ""Q7_PHQ2_Depressed"", ""Q8_GAD2_Nervous"", ""Q9_GAD2_Worry""]",False
2,2,Q6_PHQ2_Interest,-0.023785107779545022,0.0,"[""Q11_Internet_Access"", ""Q16_Belonging"", ""Q1_Academic_Performance"", ""Q4_Repeating"", ""Q6_PHQ2_Interest"", ""Q7_PHQ2_Depressed"", ""Q8_GAD2_Nervous"", ""Q9_GAD2_Worry""]",False
2,2,Q7_PHQ2_Depressed,0.021929443382611723,0.14080105656698327,"[""Q11_Internet_Access"", ""Q16_Belonging"", ""Q1_Academic_Performance"", ""Q4_Repeating"", ""Q6_PHQ2_Interest"", ""Q7_PHQ2_Depressed"", ""Q8_GAD2_Nervous"", ""Q9_GAD2_Worry""]",False
2,2,Q8_GAD2_Nervous,-0.03729606567859055,0.0,"[""Q11_Internet_Access"", ""Q16_Belonging"", ""Q1_Academic_Performance"", ""Q4_Repeating"", ""Q6_PHQ2_Interest"", ""Q7_PHQ2_Depressed"", ""Q8_GAD2_Nervous"", ""Q9_GAD2_Worry""]",False
2,2,Q9_GAD2_Worry,0.05357462285754364,0.3439833547941794,"[""Q11_Internet_Access"", ""Q16_Belonging"", ""Q1_Academic_Performance"", ""Q4_Repeating"", ""Q6_PHQ2_Interest"", ""Q7_PHQ2_Depressed"", ""Q8_GAD2_Nervous"", ""Q9_GAD2_Worry""]",False
2,2,Q10_Financial_Difficulty,-0.015311122034766733,0.0,"[""Q11_Internet_Access"", ""Q16_Belonging"", ""Q1_Academic_Performance"", ""Q4_Repeating"", ""Q6_PHQ2_Interest"", ""Q7_PHQ2_Depressed"", ""Q8_GAD2_Nervous"", ""Q9_GAD2_Worry""]",False
2,2,Q11_Internet_Access,-0.005756239589252915,0.0,"[""Q11_Internet_Access"", ""Q16_Belonging"", ""Q1_Academic_Performance"", ""Q4_Repeating"", ""Q6_PHQ2_Interest"", ""Q7_PHQ2_Depressed"", ""Q8_GAD2_Nervous"", ""Q9_GAD2_Worry""]",False
2,2,Q12_Outside_Responsibilities,-0.03595795407545317,0.0,"[""Q11_Internet_Access"", ""Q16_Belonging"", ""Q1_Academic_Performance"", ""Q4_Repeating"", ""Q6_PHQ2_Interest"", ""Q7_PHQ2_Depressed"", ""Q8_GAD2_Nervous"", ""Q9_GAD2_Worry""]",False
2,2,Q14_Year,-0.07589999955671109,0.0,"[""Q11_Internet_Access"", ""Q16_Belonging"", ""Q1_Academic_Performance"", ""Q4_Repeating"", ""Q6_PHQ2_Interest"", ""Q7_PHQ2_Depressed"", ""Q8_GAD2_Nervous"", ""Q9_GAD2_Worry""]",False
2,2,Q16_Belonging,0.017381336375104164,0.111599299784386,"[""Q11_Internet_Access"", ""Q16_Belonging"", ""Q1_Academic_Performance"", ""Q4_Repeating"", ""Q6_PHQ2_Interest"", ""Q7_PHQ2_Depressed"", ""Q8_GAD2_Nervous"", ""Q9_GAD2_Worry""]",False
2,2,Q13_Faculty,-0.02426395897840637,0.0,"[""Q11_Internet_Access"", ""Q16_Belonging"", ""Q1_Academic_Performance"", ""Q4_Repeating"", ""Q6_PHQ2_Interest"", ""Q7_PHQ2_Depressed"", ""Q8_GAD2_Nervous"", ""Q9_GAD2_Worry""]",False
2,3,Q1_Academic_Performance,0.0021868916719525455,0.01623627639620322,"[""Q11_Internet_Access"", ""Q16_Belonging"", ""Q1_Academic_Performance"", ""Q4_Repeating"", ""Q6_PHQ2_Interest"", ""Q7_PHQ2_Depressed"", ""Q8_GAD2_Nervous"", ""Q9_GAD2_Worry""]",False
2,3,Q2_Attendance,0.0002620803199680388,0.0019457792846260342,"[""Q11_Internet_Access"", ""Q16_Belonging"", ""Q1_Academic_Performance"", ""Q4_Repeating"", ""Q6_PHQ2_Interest"", ""Q7_PHQ2_Depressed"", ""Q8_GAD2_Nervous"", ""Q9_GAD2_Worry""]",False
2,3,Q3_Assignments,0.02126722966414288,0.157895621185597,"[""Q11_Internet_Access"", ""Q16_Belonging"", ""Q1_Academic_Performance"", ""Q4_Repeating"", ""Q6_PHQ2_Interest"", ""Q7_PHQ2_Depressed"", ""Q8_GAD2_Nervous"", ""Q9_GAD2_Worry""]",False
2,3,Q4_Repeating,0.017886883881244955,0.13279870891062007,"[""Q11_Internet_Access"", ""Q16_Belonging"", ""Q1_Academic_Performance"", ""Q4_Repeating"", ""Q6_PHQ2_Interest"", ""Q7_PHQ2_Depressed"", ""Q8_GAD2_Nervous"", ""Q9_GAD2_Worry""]",False
2,3,Q6_PHQ2_Interest,0.007479912468688335,0.055533581209625586,"[""Q11_Internet_Access"", ""Q16_Belonging"", ""Q1_Academic_Performance"", ""Q4_Repeating"", ""Q6_PHQ2_Interest"", ""Q7_PHQ2_Depressed"", ""Q8_GAD2_Nervous"", ""Q9_GAD2_Worry""]",False
2,3,Q7_PHQ2_Depressed,0.018367616865363562,0.13636784482303238,"[""Q11_Internet_Access"", ""Q16_Belonging"", ""Q1_Academic_Performance"", ""Q4_Repeating"", ""Q6_PHQ2_Interest"", ""Q7_PHQ2_Depressed"", ""Q8_GAD2_Nervous"", ""Q9_GAD2_Worry""]",False
2,3,Q8_GAD2_Nervous,0.03230600430117255,0.23985148501774972,"[""Q11_Internet_Access"", ""Q16_Belonging"", ""Q1_Academic_Performance"", ""Q4_Repeating"", ""Q6_PHQ2_Interest"", ""Q7_PHQ2_Depressed"", ""Q8_GAD2_Nervous"", ""Q9_GAD2_Worry""]",False
2,3,Q9_GAD2_Worry,-0.005776459998941075,0.0,"[""Q11_Internet_Access"", ""Q16_Belonging"", ""Q1_Academic_Performance"", ""Q4_Repeating"", ""Q6_PHQ2_Interest"", ""Q7_PHQ2_Depressed"", ""Q8_GAD2_Nervous"", ""Q9_GAD2_Worry""]",False
2,3,Q10_Financial_Difficulty,0.001035321056157812,0.007686598765808476,"[""Q11_Internet_Access"", ""Q16_Belonging"", ""Q1_Academic_Performance"", ""Q4_Repeating"", ""Q6_PHQ2_Interest"", ""Q7_PHQ2_Depressed"", ""Q8_GAD2_Nervous"", ""Q9_GAD2_Worry""]",False
2,3,Q11_Internet_Access,0.02293383507396999,0.17026910379765556,"[""Q11_Internet_Access"", ""Q16_Belonging"", ""Q1_Academic_Performance"", ""Q4_Repeating"", ""Q6_PHQ2_Interest"", ""Q7_PHQ2_Depressed"", ""Q8_GAD2_Nervous"", ""Q9_GAD2_Worry""]",False
2,3,Q12_Outside_Responsibilities,-0.017666472529605893,0.0,"[""Q11_Internet_Access"", ""Q16_Belonging"", ""Q1_Academic_Performance"", ""Q4_Repeating"", ""Q6_PHQ2_Interest"", ""Q7_PHQ2_Depressed"", ""Q8_GAD2_Nervous"", ""Q9_GAD2_Worry""]",False
2,3,Q14_Year,0.009674801574960468,0.0718292334568317,"[""Q11_Internet_Access"", ""Q16_Belonging"", ""Q1_Academic_Performance"", ""Q4_Repeating"", ""Q6_PHQ2_Interest"", ""Q7_PHQ2_Depressed"", ""Q8_GAD2_Nervous"", ""Q9_GAD2_Worry""]",False
2,3,Q16_Belonging,-0.0508489689215625,0.0,"[""Q11_Internet_Access"", ""Q16_Belonging"", ""Q1_Academic_Performance"", ""Q4_Repeating"", ""Q6_PHQ2_Interest"", ""Q7_PHQ2_Depressed"", ""Q8_GAD2_Nervous"", ""Q9_GAD2_Worry""]",False
2,3,Q13_Faculty,0.0012911232750037777,0.009585767152250294,"[""Q11_Internet_Access"", ""Q16_Belonging"", ""Q1_Academic_Performance"", ""Q4_Repeating"", ""Q6_PHQ2_Interest"", ""Q7_PHQ2_Depressed"", ""Q8_GAD2_Nervous"", ""Q9_GAD2_Worry""]",False
2,4,Q1_Academic_Performance,0.022493417688627653,0.03463059186793383,"[""Q11_Internet_Access"", ""Q16_Belonging"", ""Q1_Academic_Performance"", ""Q4_Repeating"", ""Q6_PHQ2_Interest"", ""Q7_PHQ2_Depressed"", ""Q8_GAD2_Nervous"", ""Q9_GAD2_Worry""]",False
2,4,Q2_Attendance,0.07719360799552477,0.11884633852942027,"[""Q11_Internet_Access"", ""Q16_Belonging"", ""Q1_Academic_Performance"", ""Q4_Repeating"", ""Q6_PHQ2_Interest"", ""Q7_PHQ2_Depressed"", ""Q8_GAD2_Nervous"", ""Q9_GAD2_Worry""]",False
2,4,Q3_Assignments,0.021301777632230852,0.032795957353169834,"[""Q11_Internet_Access"", ""Q16_Belonging"", ""Q1_Academic_Performance"", ""Q4_Repeating"", ""Q6_PHQ2_Interest"", ""Q7_PHQ2_Depressed"", ""Q8_GAD2_Nervous"", ""Q9_GAD2_Worry""]",False
2,4,Q4_Repeating,0.07290750123743593,0.11224750077624006,"[""Q11_Internet_Access"", ""Q16_Belonging"", ""Q1_Academic_Performance"", ""Q4_Repeating"", ""Q6_PHQ2_Interest"", ""Q7_PHQ2_Depressed"", ""Q8_GAD2_Nervous"", ""Q9_GAD2_Worry""]",False
2,4,Q6_PHQ2_Interest,0.05331412066776202,0.08208177072959902,"[""Q11_Internet_Access"", ""Q16_Belonging"", ""Q1_Academic_Performance"", ""Q4_Repeating"", ""Q6_PHQ2_Interest"", ""Q7_PHQ2_Depressed"", ""Q8_GAD2_Nervous"", ""Q9_GAD2_Worry""]",False
2,4,Q7_PHQ2_Depressed,0.10285309122644859,0.15835136633857705,"[""Q11_Internet_Access"", ""Q16_Belonging"", ""Q1_Academic_Performance"", ""Q4_Repeating"", ""Q6_PHQ2_Interest"", ""Q7_PHQ2_Depressed"", ""Q8_GAD2_Nervous"", ""Q9_GAD2_Worry""]",False
2,4,Q8_GAD2_Nervous,-0.009703312094724031,0.0,"[""Q11_Internet_Access"", ""Q16_Belonging"", ""Q1_Academic_Performance"", ""Q4_Repeating"", ""Q6_PHQ2_Interest"", ""Q7_PHQ2_Depressed"", ""Q8_GAD2_Nervous"", ""Q9_GAD2_Worry""]",False
2,4,Q9_GAD2_Worry,0.056090428981012685,0.08635614118884433,"[""Q11_Internet_Access"", ""Q16_Belonging"", ""Q1_Academic_Performance"", ""Q4_Repeating"", ""Q6_PHQ2_Interest"", ""Q7_PHQ2_Depressed"", ""Q8_GAD2_Nervous"", ""Q9_GAD2_Worry""]",False
2,4,Q10_Financial_Difficulty,0.04576653100943352,0.0704615936332407,"[""Q11_Internet_Access"", ""Q16_Belonging"", ""Q1_Academic_Performance"", ""Q4_Repeating"", ""Q6_PHQ2_Interest"", ""Q7_PHQ2_Depressed"", ""Q8_GAD2_Nervous"", ""Q9_GAD2_Worry""]",False
2,4,Q11_Internet_Access,0.040074427391479074,0.06169810024188152,"[""Q11_Internet_Access"", ""Q16_Belonging"", ""Q1_Academic_Performance"", ""Q4_Repeating"", ""Q6_PHQ2_Interest"", ""Q7_PHQ2_Depressed"", ""Q8_GAD2_Nervous"", ""Q9_GAD2_Worry""]",False
2,4,Q12_Outside_Responsibilities,0.021842598676308427,0.033628598844574205,"[""Q11_Internet_Access"", ""Q16_Belonging"", ""Q1_Academic_Performance"", ""Q4_Repeating"", ""Q6_PHQ2_Interest"", ""Q7_PHQ2_Depressed"", ""Q8_GAD2_Nervous"", ""Q9_GAD2_Worry""]",False
2,4,Q14_Year,0.027122963563331375,0.04175818430142155,"[""Q11_Internet_Access"", ""Q16_Belonging"", ""Q1_Academic_Performance"", ""Q4_Repeating"", ""Q6_PHQ2_Interest"", ""Q7_PHQ2_Depressed"", ""Q8_GAD2_Nervous"", ""Q9_GAD2_Worry""]",False
2,4,Q16_Belonging,0.08047273070458592,0.12389483590737912,"[""Q11_Internet_Access"", ""Q16_Belonging"", ""Q1_Academic_Performance"", ""Q4_Repeating"", ""Q6_PHQ2_Interest"", ""Q7_PHQ2_Depressed"", ""Q8_GAD2_Nervous"", ""Q9_GAD2_Worry""]",False
2,4,Q13_Faculty,0.02809129805420285,0.04324902028771846,"[""Q11_Internet_Access"", ""Q16_Belonging"", ""Q1_Academic_Performance"", ""Q4_Repeating"", ""Q6_PHQ2_Interest"", ""Q7_PHQ2_Depressed"", ""Q8_GAD2_Nervous"", ""Q9_GAD2_Worry""]",False
2,5,Q1_Academic_Performance,-0.014255459578275306,0.0,"[""Q11_Internet_Access"", ""Q16_Belonging"", ""Q1_Academic_Performance"", ""Q4_Repeating"", ""Q6_PHQ2_Interest"", ""Q7_PHQ2_Depressed"", ""Q8_GAD2_Nervous"", ""Q9_GAD2_Worry""]",False
2,5,Q2_Attendance,-0.063891840492694,0.0,"[""Q11_Internet_Access"", ""Q16_Belonging"", ""Q1_Academic_Performance"", ""Q4_Repeating"", ""Q6_PHQ2_Interest"", ""Q7_PHQ2_Depressed"", ""Q8_GAD2_Nervous"", ""Q9_GAD2_Worry""]",False
2,5,Q3_Assignments,0.0010417057999600298,0.004354471070396789,"[""Q11_Internet_Access"", ""Q16_Belonging"", ""Q1_Academic_Performance"", ""Q4_Repeating"", ""Q6_PHQ2_Interest"", ""Q7_PHQ2_Depressed"", ""Q8_GAD2_Nervous"", ""Q9_GAD2_Worry""]",False
2,5,Q4_Repeating,0.01260418468791102,0.052687195935313624,"[""Q11_Internet_Access"", ""Q16_Belonging"", ""Q1_Academic_Performance"", ""Q4_Repeating"", ""Q6_PHQ2_Interest"", ""Q7_PHQ2_Depressed"", ""Q8_GAD2_Nervous"", ""Q9_GAD2_Worry""]",False
2,5,Q6_PHQ2_Interest,0.021952202700565963,0.09176317497202044,"[""Q11_Internet_Access"", ""Q16_Belonging"", ""Q1_Academic_Performance"", ""Q4_Repeating"", ""Q6_PHQ2_Interest"", ""Q7_PHQ2_Depressed"", ""Q8_GAD2_Nervous"", ""Q9_GAD2_Worry""]",False
2,5,Q7_PHQ2_Depressed,0.0779712014368846,0.32593016280990467,"[""Q11_Internet_Access"", ""Q16_Belonging"", ""Q1_Academic_Performance"", ""Q4_Repeating"", ""Q6_PHQ2_Interest"", ""Q7_PHQ2_Depressed"", ""Q8_GAD2_Nervous"", ""Q9_GAD2_Worry""]",False
2,5,Q8_GAD2_Nervous,0.07257436599465661,0.30337066107172145,"[""Q11_Internet_Access"", ""Q16_Belonging"", ""Q1_Academic_Performance"", ""Q4_Repeating"", ""Q6_PHQ2_Interest"", ""Q7_PHQ2_Depressed"", ""Q8_GAD2_Nervous"", ""Q9_GAD2_Worry""]",False
2,5,Q9_GAD2_Worry,0.028332728264893626,0.11843463440409618,"[""Q11_Internet_Access"", ""Q16_Belonging"", ""Q1_Academic_Performance"", ""Q4_Repeating"", ""Q6_PHQ2_Interest"", ""Q7_PHQ2_Depressed"", ""Q8_GAD2_Nervous"", ""Q9_GAD2_Worry""]",False
2,5,Q10_Financial_Difficulty,-0.02754628640802221,0.0,"[""Q11_Internet_Access"", ""Q16_Belonging"", ""Q1_Academic_Performance"", ""Q4_Repeating"", ""Q6_PHQ2_Interest"", ""Q7_PHQ2_Depressed"", ""Q8_GAD2_Nervous"", ""Q9_GAD2_Worry""]",False
2,5,Q11_Internet_Access,0.022156390136326698,0.09261670605727766,"[""Q11_Internet_Access"", ""Q16_Belonging"", ""Q1_Academic_Performance"", ""Q4_Repeating"", ""Q6_PHQ2_Interest"", ""Q7_PHQ2_Depressed"", ""Q8_GAD2_Nervous"", ""Q9_GAD2_Worry""]",False
2,5,Q12_Outside_Responsibilities,-0.019428201693578076,0.0,"[""Q11_Internet_Access"", ""Q16_Belonging"", ""Q1_Academic_Performance"", ""Q4_Repeating"", ""Q6_PHQ2_Interest"", ""Q7_PHQ2_Depressed"", ""Q8_GAD2_Nervous"", ""Q9_GAD2_Worry""]",False
2,5,Q14_Year,0.002593933734320464,0.010842993679269296,"[""Q11_Internet_Access"", ""Q16_Belonging"", ""Q1_Academic_Performance"", ""Q4_Repeating"", ""Q6_PHQ2_Interest"", ""Q7_PHQ2_Depressed"", ""Q8_GAD2_Nervous"", ""Q9_GAD2_Worry""]",False
2,5,Q16_Belonging,-0.014025695341871789,0.0,"[""Q11_Internet_Access"", ""Q16_Belonging"", ""Q1_Academic_Performance"", ""Q4_Repeating"", ""Q6_PHQ2_Interest"", ""Q7_PHQ2_Depressed"", ""Q8_GAD2_Nervous"", ""Q9_GAD2_Worry""]",False
2,5,Q13_Faculty,-0.02538493622662243,0.0,"[""Q11_Internet_Access"", ""Q16_Belonging"", ""Q1_Academic_Performance"", ""Q4_Repeating"", ""Q6_PHQ2_Interest"", ""Q7_PHQ2_Depressed"", ""Q8_GAD2_Nervous"", ""Q9_GAD2_Worry""]",False
3,1,Q1_Academic_Performance,0.010128332311802084,0.014355755990087664,"[""Q10_Financial_Difficulty"", ""Q12_Outside_Responsibilities"", ""Q13_Faculty"", ""Q16_Belonging"", ""Q2_Attendance"", ""Q3_Assignments"", ""Q4_Repeating"", ""Q6_PHQ2_Interest"", ""Q7_PHQ2_Depressed"", ""Q9_GAD2_Worry""]",False
3,1,Q2_Attendance,0.017178748599424122,0.024348917029610583,"[""Q10_Financial_Difficulty"", ""Q12_Outside_Responsibilities"", ""Q13_Faculty"", ""Q16_Belonging"", ""Q2_Attendance"", ""Q3_Assignments"", ""Q4_Repeating"", ""Q6_PHQ2_Interest"", ""Q7_PHQ2_Depressed"", ""Q9_GAD2_Worry""]",False
3,1,Q3_Assignments,0.05837568201477148,0.08274087193826506,"[""Q10_Financial_Difficulty"", ""Q12_Outside_Responsibilities"", ""Q13_Faculty"", ""Q16_Belonging"", ""Q2_Attendance"", ""Q3_Assignments"", ""Q4_Repeating"", ""Q6_PHQ2_Interest"", ""Q7_PHQ2_Depressed"", ""Q9_GAD2_Worry""]",False
3,1,Q4_Repeating,0.05045342843762281,0.071511980967476,"[""Q10_Financial_Difficulty"", ""Q12_Outside_Responsibilities"", ""Q13_Faculty"", ""Q16_Belonging"", ""Q2_Attendance"", ""Q3_Assignments"", ""Q4_Repeating"", ""Q6_PHQ2_Interest"", ""Q7_PHQ2_Depressed"", ""Q9_GAD2_Worry""]",False
3,1,Q6_PHQ2_Interest,0.05955103936904875,0.08440680694708166,"[""Q10_Financial_Difficulty"", ""Q12_Outside_Responsibilities"", ""Q13_Faculty"", ""Q16_Belonging"", ""Q2_Attendance"", ""Q3_Assignments"", ""Q4_Repeating"", ""Q6_PHQ2_Interest"", ""Q7_PHQ2_Depressed"", ""Q9_GAD2_Worry""]",False
3,1,Q7_PHQ2_Depressed,0.12702944428580154,0.18004975050023192,"[""Q10_Financial_Difficulty"", ""Q12_Outside_Responsibilities"", ""Q13_Faculty"", ""Q16_Belonging"", ""Q2_Attendance"", ""Q3_Assignments"", ""Q4_Repeating"", ""Q6_PHQ2_Interest"", ""Q7_PHQ2_Depressed"", ""Q9_GAD2_Worry""]",False
3,1,Q8_GAD2_Nervous,0.04855059503208409,0.0688149316192955,"[""Q10_Financial_Difficulty"", ""Q12_Outside_Responsibilities"", ""Q13_Faculty"", ""Q16_Belonging"", ""Q2_Attendance"", ""Q3_Assignments"", ""Q4_Repeating"", ""Q6_PHQ2_Interest"", ""Q7_PHQ2_Depressed"", ""Q9_GAD2_Worry""]",False
3,1,Q9_GAD2_Worry,0.08407487965111578,0.11916655378309329,"[""Q10_Financial_Difficulty"", ""Q12_Outside_Responsibilities"", ""Q13_Faculty"", ""Q16_Belonging"", ""Q2_Attendance"", ""Q3_Assignments"", ""Q4_Repeating"", ""Q6_PHQ2_Interest"", ""Q7_PHQ2_Depressed"", ""Q9_GAD2_Worry""]",False
3,1,Q10_Financial_Difficulty,0.013606258877857366,0.019285320265496952,"[""Q10_Financial_Difficulty"", ""Q12_Outside_Responsibilities"", ""Q13_Faculty"", ""Q16_Belonging"", ""Q2_Attendance"", ""Q3_Assignments"", ""Q4_Repeating"", ""Q6_PHQ2_Interest"", ""Q7_PHQ2_Depressed"", ""Q9_GAD2_Worry""]",False
3,1,Q11_Internet_Access,0.04753872615769474,0.06738072288605997,"[""Q10_Financial_Difficulty"", ""Q12_Outside_Responsibilities"", ""Q13_Faculty"", ""Q16_Belonging"", ""Q2_Attendance"", ""Q3_Assignments"", ""Q4_Repeating"", ""Q6_PHQ2_Interest"", ""Q7_PHQ2_Depressed"", ""Q9_GAD2_Worry""]",False
3,1,Q12_Outside_Responsibilities,0.05145477393659899,0.07293127401617702,"[""Q10_Financial_Difficulty"", ""Q12_Outside_Responsibilities"", ""Q13_Faculty"", ""Q16_Belonging"", ""Q2_Attendance"", ""Q3_Assignments"", ""Q4_Repeating"", ""Q6_PHQ2_Interest"", ""Q7_PHQ2_Depressed"", ""Q9_GAD2_Worry""]",False
3,1,Q14_Year,-0.00970979064413494,0.0,"[""Q10_Financial_Difficulty"", ""Q12_Outside_Responsibilities"", ""Q13_Faculty"", ""Q16_Belonging"", ""Q2_Attendance"", ""Q3_Assignments"", ""Q4_Repeating"", ""Q6_PHQ2_Interest"", ""Q7_PHQ2_Depressed"", ""Q9_GAD2_Worry""]",False
3,1,Q16_Belonging,0.06657859818976766,0.09436757013399558,"[""Q10_Financial_Difficulty"", ""Q12_Outside_Responsibilities"", ""Q13_Faculty"", ""Q16_Belonging"", ""Q2_Attendance"", ""Q3_Assignments"", ""Q4_Repeating"", ""Q6_PHQ2_Interest"", ""Q7_PHQ2_Depressed"", ""Q9_GAD2_Worry""]",False
3,1,Q13_Faculty,0.07100362706537104,0.10063954392312884,"[""Q10_Financial_Difficulty"", ""Q12_Outside_Responsibilities"", ""Q13_Faculty"", ""Q16_Belonging"", ""Q2_Attendance"", ""Q3_Assignments"", ""Q4_Repeating"", ""Q6_PHQ2_Interest"", ""Q7_PHQ2_Depressed"", ""Q9_GAD2_Worry""]",False
3,2,Q1_Academic_Performance,0.04364736681631014,0.0329934758022021,"[""Q10_Financial_Difficulty"", ""Q12_Outside_Responsibilities"", ""Q13_Faculty"", ""Q16_Belonging"", ""Q2_Attendance"", ""Q3_Assignments"", ""Q4_Repeating"", ""Q6_PHQ2_Interest"", ""Q7_PHQ2_Depressed"", ""Q9_GAD2_Worry""]",False
3,2,Q2_Attendance,0.09258532595023253,0.06998616260709929,"[""Q10_Financial_Difficulty"", ""Q12_Outside_Responsibilities"", ""Q13_Faculty"", ""Q16_Belonging"", ""Q2_Attendance"", ""Q3_Assignments"", ""Q4_Repeating"", ""Q6_PHQ2_Interest"", ""Q7_PHQ2_Depressed"", ""Q9_GAD2_Worry""]",False
3,2,Q3_Assignments,0.0934717989763861,0.0706562563257145,"[""Q10_Financial_Difficulty"", ""Q12_Outside_Responsibilities"", ""Q13_Faculty"", ""Q16_Belonging"", ""Q2_Attendance"", ""Q3_Assignments"", ""Q4_Repeating"", ""Q6_PHQ2_Interest"", ""Q7_PHQ2_Depressed"", ""Q9_GAD2_Worry""]",False
3,2,Q4_Repeating,0.03665670169803843,0.02770916297316775,"[""Q10_Financial_Difficulty"", ""Q12_Outside_Responsibilities"", ""Q13_Faculty"", ""Q16_Belonging"", ""Q2_Attendance"", ""Q3_Assignments"", ""Q4_Repeating"", ""Q6_PHQ2_Interest"", ""Q7_PHQ2_Depressed"", ""Q9_GAD2_Worry""]",False
3,2,Q6_PHQ2_Interest,0.13270125701529173,0.10031019123517335,"[""Q10_Financial_Difficulty"", ""Q12_Outside_Responsibilities"", ""Q13_Faculty"", ""Q16_Belonging"", ""Q2_Attendance"", ""Q3_Assignments"", ""Q4_Repeating"", ""Q6_PHQ2_Interest"", ""Q7_PHQ2_Depressed"", ""Q9_GAD2_Worry""]",False
3,2,Q7_PHQ2_Depressed,0.20563759041188429,0.15544348624353546,"[""Q10_Financial_Difficulty"", ""Q12_Outside_Responsibilities"", ""Q13_Faculty"", ""Q16_Belonging"", ""Q2_Attendance"", ""Q3_Assignments"", ""Q4_Repeating"", ""Q6_PHQ2_Interest"", ""Q7_PHQ2_Depressed"", ""Q9_GAD2_Worry""]",False
3,2,Q8_GAD2_Nervous,0.07618345452334346,0.05758782594886873,"[""Q10_Financial_Difficulty"", ""Q12_Outside_Responsibilities"", ""Q13_Faculty"", ""Q16_Belonging"", ""Q2_Attendance"", ""Q3_Assignments"", ""Q4_Repeating"", ""Q6_PHQ2_Interest"", ""Q7_PHQ2_Depressed"", ""Q9_GAD2_Worry""]",False
3,2,Q9_GAD2_Worry,0.07659024895263425,0.05789532587700324,"[""Q10_Financial_Difficulty"", ""Q12_Outside_Responsibilities"", ""Q13_Faculty"", ""Q16_Belonging"", ""Q2_Attendance"", ""Q3_Assignments"", ""Q4_Repeating"", ""Q6_PHQ2_Interest"", ""Q7_PHQ2_Depressed"", ""Q9_GAD2_Worry""]",False
3,2,Q10_Financial_Difficulty,0.12367062135342406,0.093483844517804,"[""Q10_Financial_Difficulty"", ""Q12_Outside_Responsibilities"", ""Q13_Faculty"", ""Q16_Belonging"", ""Q2_Attendance"", ""Q3_Assignments"", ""Q4_Repeating"", ""Q6_PHQ2_Interest"", ""Q7_PHQ2_Depressed"", ""Q9_GAD2_Worry""]",False
3,2,Q11_Internet_Access,0.03894328833488124,0.02943761640289723,"[""Q10_Financial_Difficulty"", ""Q12_Outside_Responsibilities"", ""Q13_Faculty"", ""Q16_Belonging"", ""Q2_Attendance"", ""Q3_Assignments"", ""Q4_Repeating"", ""Q6_PHQ2_Interest"", ""Q7_PHQ2_Depressed"", ""Q9_GAD2_Worry""]",False
3,2,Q12_Outside_Responsibilities,0.10457162817270635,0.07904672687892364,"[""Q10_Financial_Difficulty"", ""Q12_Outside_Responsibilities"", ""Q13_Faculty"", ""Q16_Belonging"", ""Q2_Attendance"", ""Q3_Assignments"", ""Q4_Repeating"", ""Q6_PHQ2_Interest"", ""Q7_PHQ2_Depressed"", ""Q9_GAD2_Worry""]",False
3,2,Q14_Year,0.02122001803133571,0.01604042127869087,"[""Q10_Financial_Difficulty"", ""Q12_Outside_Responsibilities"", ""Q13_Faculty"", ""Q16_Belonging"", ""Q2_Attendance"", ""Q3_Assignments"", ""Q4_Repeating"", ""Q6_PHQ2_Interest"", ""Q7_PHQ2_Depressed"", ""Q9_GAD2_Worry""]",False
3,2,Q16_Belonging,0.17195527716119674,0.1299826928839809,"[""Q10_Financial_Difficulty"", ""Q12_Outside_Responsibilities"", ""Q13_Faculty"", ""Q16_Belonging"", ""Q2_Attendance"", ""Q3_Assignments"", ""Q4_Repeating"", ""Q6_PHQ2_Interest"", ""Q7_PHQ2_Depressed"", ""Q9_GAD2_Worry""]",False
3,2,Q13_Faculty,0.10507444491870929,0.07942681102493886,"[""Q10_Financial_Difficulty"", ""Q12_Outside_Responsibilities"", ""Q13_Faculty"", ""Q16_Belonging"", ""Q2_Attendance"", ""Q3_Assignments"", ""Q4_Repeating"", ""Q6_PHQ2_Interest"", ""Q7_PHQ2_Depressed"", ""Q9_GAD2_Worry""]",False
3,3,Q1_Academic_Performance,0.022952424786519838,0.057255769244735105,"[""Q10_Financial_Difficulty"", ""Q12_Outside_Responsibilities"", ""Q13_Faculty"", ""Q16_Belonging"", ""Q2_Attendance"", ""Q3_Assignments"", ""Q4_Repeating"", ""Q6_PHQ2_Interest"", ""Q7_PHQ2_Depressed"", ""Q9_GAD2_Worry""]",False
3,3,Q2_Attendance,0.07950366651116766,0.19832517157608748,"[""Q10_Financial_Difficulty"", ""Q12_Outside_Responsibilities"", ""Q13_Faculty"", ""Q16_Belonging"", ""Q2_Attendance"", ""Q3_Assignments"", ""Q4_Repeating"", ""Q6_PHQ2_Interest"", ""Q7_PHQ2_Depressed"", ""Q9_GAD2_Worry""]",False
3,3,Q3_Assignments,0.05737060507548801,0.14311333796689582,"[""Q10_Financial_Difficulty"", ""Q12_Outside_Responsibilities"", ""Q13_Faculty"", ""Q16_Belonging"", ""Q2_Attendance"", ""Q3_Assignments"", ""Q4_Repeating"", ""Q6_PHQ2_Interest"", ""Q7_PHQ2_Depressed"", ""Q9_GAD2_Worry""]",False
3,3,Q4_Repeating,0.04013700595205373,0.10012341494808112,"[""Q10_Financial_Difficulty"", ""Q12_Outside_Responsibilities"", ""Q13_Faculty"", ""Q16_Belonging"", ""Q2_Attendance"", ""Q3_Assignments"", ""Q4_Repeating"", ""Q6_PHQ2_Interest"", ""Q7_PHQ2_Depressed"", ""Q9_GAD2_Worry""]",False
3,3,Q6_PHQ2_Interest,0.024576297348197437,0.061306586251610784,"[""Q10_Financial_Difficulty"", ""Q12_Outside_Responsibilities"", ""Q13_Faculty"", ""Q16_Belonging"", ""Q2_Attendance"", ""Q3_Assignments"", ""Q4_Repeating"", ""Q6_PHQ2_Interest"", ""Q7_PHQ2_Depressed"", ""Q9_GAD2_Worry""]",False
3,3,Q7_PHQ2_Depressed,0.0376415669969179,0.09389843966514308,"[""Q10_Financial_Difficulty"", ""Q12_Outside_Responsibilities"", ""Q13_Faculty"", ""Q16_Belonging"", ""Q2_Attendance"", ""Q3_Assignments"", ""Q4_Repeating"", ""Q6_PHQ2_Interest"", ""Q7_PHQ2_Depressed"", ""Q9_GAD2_Worry""]",False
3,3,Q8_GAD2_Nervous,0.004674637215939859,0.011661075125095136,"[""Q10_Financial_Difficulty"", ""Q12_Outside_Responsibilities"", ""Q13_Faculty"", ""Q16_Belonging"", ""Q2_Attendance"", ""Q3_Assignments"", ""Q4_Repeating"", ""Q6_PHQ2_Interest"", ""Q7_PHQ2_Depressed"", ""Q9_GAD2_Worry""]",False
3,3,Q9_GAD2_Worry,0.058754557859917775,0.14656566520499473,"[""Q10_Financial_Difficulty"", ""Q12_Outside_Responsibilities"", ""Q13_Faculty"", ""Q16_Belonging"", ""Q2_Attendance"", ""Q3_Assignments"", ""Q4_Repeating"", ""Q6_PHQ2_Interest"", ""Q7_PHQ2_Depressed"", ""Q9_GAD2_Worry""]",False
3,3,Q10_Financial_Difficulty,-0.004869327440324598,0.0,"[""Q10_Financial_Difficulty"", ""Q12_Outside_Responsibilities"", ""Q13_Faculty"", ""Q16_Belonging"", ""Q2_Attendance"", ""Q3_Assignments"", ""Q4_Repeating"", ""Q6_PHQ2_Interest"", ""Q7_PHQ2_Depressed"", ""Q9_GAD2_Worry""]",False
3,3,Q11_Internet_Access,-0.020861864090571527,0.0,"[""Q10_Financial_Difficulty"", ""Q12_Outside_Responsibilities"", ""Q13_Faculty"", ""Q16_Belonging"", ""Q2_Attendance"", ""Q3_Assignments"", ""Q4_Repeating"", ""Q6_PHQ2_Interest"", ""Q7_PHQ2_Depressed"", ""Q9_GAD2_Worry""]",False
3,3,Q12_Outside_Responsibilities,-0.012570362235281508,0.0,"[""Q10_Financial_Difficulty"", ""Q12_Outside_Responsibilities"", ""Q13_Faculty"", ""Q16_Belonging"", ""Q2_Attendance"", ""Q3_Assignments"", ""Q4_Repeating"", ""Q6_PHQ2_Interest"", ""Q7_PHQ2_Depressed"", ""Q9_GAD2_Worry""]",False
3,3,Q14_Year,-0.021934907311859188,0.0,"[""Q10_Financial_Difficulty"", ""Q12_Outside_Responsibilities"", ""Q13_Faculty"", ""Q16_Belonging"", ""Q2_Attendance"", ""Q3_Assignments"", ""Q4_Repeating"", ""Q6_PHQ2_Interest"", ""Q7_PHQ2_Depressed"", ""Q9_GAD2_Worry""]",False
3,3,Q16_Belonging,0.0625834150838924,0.1561169072949233,"[""Q10_Financial_Difficulty"", ""Q12_Outside_Responsibilities"", ""Q13_Faculty"", ""Q16_Belonging"", ""Q2_Attendance"", ""Q3_Assignments"", ""Q4_Repeating"", ""Q6_PHQ2_Interest"", ""Q7_PHQ2_Depressed"", ""Q9_GAD2_Worry""]",False
3,3,Q13_Faculty,0.01268114262306955,0.031633632722433386,"[""Q10_Financial_Difficulty"", ""Q12_Outside_Responsibilities"", ""Q13_Faculty"", ""Q16_Belonging"", ""Q2_Attendance"", ""Q3_Assignments"", ""Q4_Repeating"", ""Q6_PHQ2_Interest"", ""Q7_PHQ2_Depressed"", ""Q9_GAD2_Worry""]",False
3,4,Q1_Academic_Performance,-0.016082152464033234,0.0,"[""Q10_Financial_Difficulty"", ""Q12_Outside_Responsibilities"", ""Q13_Faculty"", ""Q16_Belonging"", ""Q2_Attendance"", ""Q3_Assignments"", ""Q4_Repeating"", ""Q6_PHQ2_Interest"", ""Q7_PHQ2_Depressed"", ""Q9_GAD2_Worry""]",False
3,4,Q2_Attendance,-0.0032527105921601796,0.0,"[""Q10_Financial_Difficulty"", ""Q12_Outside_Responsibilities"", ""Q13_Faculty"", ""Q16_Belonging"", ""Q2_Attendance"", ""Q3_Assignments"", ""Q4_Repeating"", ""Q6_PHQ2_Interest"", ""Q7_PHQ2_Depressed"", ""Q9_GAD2_Worry""]",False
3,4,Q3_Assignments,0.03274744719698845,0.19381106872476905,"[""Q10_Financial_Difficulty"", ""Q12_Outside_Responsibilities"", ""Q13_Faculty"", ""Q16_Belonging"", ""Q2_Attendance"", ""Q3_Assignments"", ""Q4_Repeating"", ""Q6_PHQ2_Interest"", ""Q7_PHQ2_Depressed"", ""Q9_GAD2_Worry""]",False
3,4,Q4_Repeating,0.01085729574555989,0.06425734742772146,"[""Q10_Financial_Difficulty"", ""Q12_Outside_Responsibilities"", ""Q13_Faculty"", ""Q16_Belonging"", ""Q2_Attendance"", ""Q3_Assignments"", ""Q4_Repeating"", ""Q6_PHQ2_Interest"", ""Q7_PHQ2_Depressed"", ""Q9_GAD2_Worry""]",False
3,4,Q6_PHQ2_Interest,-0.006656275535923631,0.0,"[""Q10_Financial_Difficulty"", ""Q12_Outside_Responsibilities"", ""Q13_Faculty"", ""Q16_Belonging"", ""Q2_Attendance"", ""Q3_Assignments"", ""Q4_Repeating"", ""Q6_PHQ2_Interest"", ""Q7_PHQ2_Depressed"", ""Q9_GAD2_Worry""]",False
3,4,Q7_PHQ2_Depressed,0.04715034950463058,0.2790525799848978,"[""Q10_Financial_Difficulty"", ""Q12_Outside_Responsibilities"", ""Q13_Faculty"", ""Q16_Belonging"", ""Q2_Attendance"", ""Q3_Assignments"", ""Q4_Repeating"", ""Q6_PHQ2_Interest"", ""Q7_PHQ2_Depressed"", ""Q9_GAD2_Worry""]",False
3,4,Q8_GAD2_Nervous,-0.02497413238854791,0.0,"[""Q10_Financial_Difficulty"", ""Q12_Outside_Responsibilities"", ""Q13_Faculty"", ""Q16_Belonging"", ""Q2_Attendance"", ""Q3_Assignments"", ""Q4_Repeating"", ""Q6_PHQ2_Interest"", ""Q7_PHQ2_Depressed"", ""Q9_GAD2_Worry""]",False
3,4,Q9_GAD2_Worry,0.02643208858805185,0.15643452471462296,"[""Q10_Financial_Difficulty"", ""Q12_Outside_Responsibilities"", ""Q13_Faculty"", ""Q16_Belonging"", ""Q2_Attendance"", ""Q3_Assignments"", ""Q4_Repeating"", ""Q6_PHQ2_Interest"", ""Q7_PHQ2_Depressed"", ""Q9_GAD2_Worry""]",False
3,4,Q10_Financial_Difficulty,0.00809681305388454,0.04791982659895202,"[""Q10_Financial_Difficulty"", ""Q12_Outside_Responsibilities"", ""Q13_Faculty"", ""Q16_Belonging"", ""Q2_Attendance"", ""Q3_Assignments"", ""Q4_Repeating"", ""Q6_PHQ2_Interest"", ""Q7_PHQ2_Depressed"", ""Q9_GAD2_Worry""]",False
3,4,Q11_Internet_Access,-0.0005241751527373494,0.0,"[""Q10_Financial_Difficulty"", ""Q12_Outside_Responsibilities"", ""Q13_Faculty"", ""Q16_Belonging"", ""Q2_Attendance"", ""Q3_Assignments"", ""Q4_Repeating"", ""Q6_PHQ2_Interest"", ""Q7_PHQ2_Depressed"", ""Q9_GAD2_Worry""]",False
3,4,Q12_Outside_Responsibilities,0.025755564283387284,0.15243061266259045,"[""Q10_Financial_Difficulty"", ""Q12_Outside_Responsibilities"", ""Q13_Faculty"", ""Q16_Belonging"", ""Q2_Attendance"", ""Q3_Assignments"", ""Q4_Repeating"", ""Q6_PHQ2_Interest"", ""Q7_PHQ2_Depressed"", ""Q9_GAD2_Worry""]",False
3,4,Q14_Year,-0.002187383380043972,0.0,"[""Q10_Financial_Difficulty"", ""Q12_Outside_Responsibilities"", ""Q13_Faculty"", ""Q16_Belonging"", ""Q2_Attendance"", ""Q3_Assignments"", ""Q4_Repeating"", ""Q6_PHQ2_Interest"", ""Q7_PHQ2_Depressed"", ""Q9_GAD2_Worry""]",False
3,4,Q16_Belonging,0.01615673800027736,0.0956213362251886,"[""Q10_Financial_Difficulty"", ""Q12_Outside_Responsibilities"", ""Q13_Faculty"", ""Q16_Belonging"", ""Q2_Attendance"", ""Q3_Assignments"", ""Q4_Repeating"", ""Q6_PHQ2_Interest"", ""Q7_PHQ2_Depressed"", ""Q9_GAD2_Worry""]",False
3,4,Q13_Faculty,0.00176952901819952,0.010472703661257582,"[""Q10_Financial_Difficulty"", ""Q12_Outside_Responsibilities"", ""Q13_Faculty"", ""Q16_Belonging"", ""Q2_Attendance"", ""Q3_Assignments"", ""Q4_Repeating"", ""Q6_PHQ2_Interest"", ""Q7_PHQ2_Depressed"", ""Q9_GAD2_Worry""]",False
3,5,Q1_Academic_Performance,0.000484923293951689,0.001973045197779072,"[""Q10_Financial_Difficulty"", ""Q12_Outside_Responsibilities"", ""Q13_Faculty"", ""Q16_Belonging"", ""Q2_Attendance"", ""Q3_Assignments"", ""Q4_Repeating"", ""Q6_PHQ2_Interest"", ""Q7_PHQ2_Depressed"", ""Q9_GAD2_Worry""]",False
3,5,Q2_Attendance,-0.03948445952350009,0.0,"[""Q10_Financial_Difficulty"", ""Q12_Outside_Responsibilities"", ""Q13_Faculty"", ""Q16_Belonging"", ""Q2_Attendance"", ""Q3_Assignments"", ""Q4_Repeating"", ""Q6_PHQ2_Interest"", ""Q7_PHQ2_Depressed"", ""Q9_GAD2_Worry""]",False
3,5,Q3_Assignments,-0.004187973902309993,0.0,"[""Q10_Financial_Difficulty"", ""Q12_Outside_Responsibilities"", ""Q13_Faculty"", ""Q16_Belonging"", ""Q2_Attendance"", ""Q3_Assignments"", ""Q4_Repeating"", ""Q6_PHQ2_Interest"", ""Q7_PHQ2_Depressed"", ""Q9_GAD2_Worry""]",False
3,5,Q4_Repeating,0.0231931067652281,0.09436760101128407,"[""Q10_Financial_Difficulty"", ""Q12_Outside_Responsibilities"", ""Q13_Faculty"", ""Q16_Belonging"", ""Q2_Attendance"", ""Q3_Assignments"", ""Q4_Repeating"", ""Q6_PHQ2_Interest"", ""Q7_PHQ2_Depressed"", ""Q9_GAD2_Worry""]",False
3,5,Q6_PHQ2_Interest,0.024259879699837388,0.09870806318747566,"[""Q10_Financial_Difficulty"", ""Q12_Outside_Responsibilities"", ""Q13_Faculty"", ""Q16_Belonging"", ""Q2_Attendance"", ""Q3_Assignments"", ""Q4_Repeating"", ""Q6_PHQ2_Interest"", ""Q7_PHQ2_Depressed"", ""Q9_GAD2_Worry""]",False
3,5,Q7_PHQ2_Depressed,0.03918472065260247,0.1594339267142612,"[""Q10_Financial_Difficulty"", ""Q12_Outside_Responsibilities"", ""Q13_Faculty"", ""Q16_Belonging"", ""Q2_Attendance"", ""Q3_Assignments"", ""Q4_Repeating"", ""Q6_PHQ2_Interest"", ""Q7_PHQ2_Depressed"", ""Q9_GAD2_Worry""]",False
3,5,Q8_GAD2_Nervous,-0.01671311807310748,0.0,"[""Q10_Financial_Difficulty"", ""Q12_Outside_Responsibilities"", ""Q13_Faculty"", ""Q16_Belonging"", ""Q2_Attendance"", ""Q3_Assignments"", ""Q4_Repeating"", ""Q6_PHQ2_Interest"", ""Q7_PHQ2_Depressed"", ""Q9_GAD2_Worry""]",False
3,5,Q9_GAD2_Worry,0.07101675660470905,0.28895141216855197,"[""Q10_Financial_Difficulty"", ""Q12_Outside_Responsibilities"", ""Q13_Faculty"", ""Q16_Belonging"", ""Q2_Attendance"", ""Q3_Assignments"", ""Q4_Repeating"", ""Q6_PHQ2_Interest"", ""Q7_PHQ2_Depressed"", ""Q9_GAD2_Worry""]",False
3,5,Q10_Financial_Difficulty,0.03721567840701253,0.1514223310756479,"[""Q10_Financial_Difficulty"", ""Q12_Outside_Responsibilities"", ""Q13_Faculty"", ""Q16_Belonging"", ""Q2_Attendance"", ""Q3_Assignments"", ""Q4_Repeating"", ""Q6_PHQ2_Interest"", ""Q7_PHQ2_Depressed"", ""Q9_GAD2_Worry""]",False
3,5,Q11_Internet_Access,0.017364091847186302,0.0706506337398155,"[""Q10_Financial_Difficulty"", ""Q12_Outside_Responsibilities"", ""Q13_Faculty"", ""Q16_Belonging"", ""Q2_Attendance"", ""Q3_Assignments"", ""Q4_Repeating"", ""Q6_PHQ2_Interest"", ""Q7_PHQ2_Depressed"", ""Q9_GAD2_Worry""]",False
3,5,Q12_Outside_Responsibilities,-0.013925257905125665,0.0,"[""Q10_Financial_Difficulty"", ""Q12_Outside_Responsibilities"", ""Q13_Faculty"", ""Q16_Belonging"", ""Q2_Attendance"", ""Q3_Assignments"", ""Q4_Repeating"", ""Q6_PHQ2_Interest"", ""Q7_PHQ2_Depressed"", ""Q9_GAD2_Worry""]",False
3,5,Q14_Year,-0.004466154840868297,0.0,"[""Q10_Financial_Difficulty"", ""Q12_Outside_Responsibilities"", ""Q13_Faculty"", ""Q16_Belonging"", ""Q2_Attendance"", ""Q3_Assignments"", ""Q4_Repeating"", ""Q6_PHQ2_Interest"", ""Q7_PHQ2_Depressed"", ""Q9_GAD2_Worry""]",False
3,5,Q16_Belonging,-0.007874930375371198,0.0,"[""Q10_Financial_Difficulty"", ""Q12_Outside_Responsibilities"", ""Q13_Faculty"", ""Q16_Belonging"", ""Q2_Attendance"", ""Q3_Assignments"", ""Q4_Repeating"", ""Q6_PHQ2_Interest"", ""Q7_PHQ2_Depressed"", ""Q9_GAD2_Worry""]",False
3,5,Q13_Faculty,0.03305488505629575,0.1344929869051847,"[""Q10_Financial_Difficulty"", ""Q12_Outside_Responsibilities"", ""Q13_Faculty"", ""Q16_Belonging"", ""Q2_Attendance"", ""Q3_Assignments"", ""Q4_Repeating"", ""Q6_PHQ2_Interest"", ""Q7_PHQ2_Depressed"", ""Q9_GAD2_Worry""]",False
4,1,Q1_Academic_Performance,0.004779528347297307,0.031724549137349865,"[""Q1_Academic_Performance"", ""Q2_Attendance"", ""Q4_Repeating"", ""Q6_PHQ2_Interest"", ""Q7_PHQ2_Depressed"", ""Q8_GAD2_Nervous"", ""Q9_GAD2_Worry""]",False
4,1,Q2_Attendance,-0.005923607751740045,0.0,"[""Q1_Academic_Performance"", ""Q2_Attendance"", ""Q4_Repeating"", ""Q6_PHQ2_Interest"", ""Q7_PHQ2_Depressed"", ""Q8_GAD2_Nervous"", ""Q9_GAD2_Worry""]",False
4,1,Q3_Assignments,0.022199959699959682,0.14735422852901603,"[""Q1_Academic_Performance"", ""Q2_Attendance"", ""Q4_Repeating"", ""Q6_PHQ2_Interest"", ""Q7_PHQ2_Depressed"", ""Q8_GAD2_Nervous"", ""Q9_GAD2_Worry""]",False
4,1,Q4_Repeating,-0.004740834386852105,0.0,"[""Q1_Academic_Performance"", ""Q2_Attendance"", ""Q4_Repeating"", ""Q6_PHQ2_Interest"", ""Q7_PHQ2_Depressed"", ""Q8_GAD2_Nervous"", ""Q9_GAD2_Worry""]",False
4,1,Q6_PHQ2_Interest,0.010166736951203643,0.06748263061508053,"[""Q1_Academic_Performance"", ""Q2_Attendance"", ""Q4_Repeating"", ""Q6_PHQ2_Interest"", ""Q7_PHQ2_Depressed"", ""Q8_GAD2_Nervous"", ""Q9_GAD2_Worry""]",False
4,1,Q7_PHQ2_Depressed,0.08362442916873727,0.5550646673633829,"[""Q1_Academic_Performance"", ""Q2_Attendance"", ""Q4_Repeating"", ""Q6_PHQ2_Interest"", ""Q7_PHQ2_Depressed"", ""Q8_GAD2_Nervous"", ""Q9_GAD2_Worry""]",False
4,1,Q8_GAD2_Nervous,0.012256837150777564,0.08135585861274744,"[""Q1_Academic_Performance"", ""Q2_Attendance"", ""Q4_Repeating"", ""Q6_PHQ2_Interest"", ""Q7_PHQ2_Depressed"", ""Q8_GAD2_Nervous"", ""Q9_GAD2_Worry""]",False
4,1,Q9_GAD2_Worry,-0.055173439792160626,0.0,"[""Q1_Academic_Performance"", ""Q2_Attendance"", ""Q4_Repeating"", ""Q6_PHQ2_Interest"", ""Q7_PHQ2_Depressed"", ""Q8_GAD2_Nervous"", ""Q9_GAD2_Worry""]",False
4,1,Q10_Financial_Difficulty,0.017629601604120124,0.11701806574242306,"[""Q1_Academic_Performance"", ""Q2_Attendance"", ""Q4_Repeating"", ""Q6_PHQ2_Interest"", ""Q7_PHQ2_Depressed"", ""Q8_GAD2_Nervous"", ""Q9_GAD2_Worry""]",False
4,1,Q11_Internet_Access,-0.04795230439422338,0.0,"[""Q1_Academic_Performance"", ""Q2_Attendance"", ""Q4_Repeating"", ""Q6_PHQ2_Interest"", ""Q7_PHQ2_Depressed"", ""Q8_GAD2_Nervous"", ""Q9_GAD2_Worry""]",False
4,1,Q12_Outside_Responsibilities,-0.01826187719439935,0.0,"[""Q1_Academic_Performance"", ""Q2_Attendance"", ""Q4_Repeating"", ""Q6_PHQ2_Interest"", ""Q7_PHQ2_Depressed"", ""Q8_GAD2_Nervous"", ""Q9_GAD2_Worry""]",False
4,1,Q14_Year,-0.015956831951976877,0.0,"[""Q1_Academic_Performance"", ""Q2_Attendance"", ""Q4_Repeating"", ""Q6_PHQ2_Interest"", ""Q7_PHQ2_Depressed"", ""Q8_GAD2_Nervous"", ""Q9_GAD2_Worry""]",False
4,1,Q16_Belonging,-0.039784706542691985,0.0,"[""Q1_Academic_Performance"", ""Q2_Attendance"", ""Q4_Repeating"", ""Q6_PHQ2_Interest"", ""Q7_PHQ2_Depressed"", ""Q8_GAD2_Nervous"", ""Q9_GAD2_Worry""]",False
4,1,Q13_Faculty,-0.02229253784438221,0.0,"[""Q1_Academic_Performance"", ""Q2_Attendance"", ""Q4_Repeating"", ""Q6_PHQ2_Interest"", ""Q7_PHQ2_Depressed"", ""Q8_GAD2_Nervous"", ""Q9_GAD2_Worry""]",False
4,2,Q1_Academic_Performance,-0.042394616717321656,0.0,"[""Q1_Academic_Performance"", ""Q2_Attendance"", ""Q4_Repeating"", ""Q6_PHQ2_Interest"", ""Q7_PHQ2_Depressed"", ""Q8_GAD2_Nervous"", ""Q9_GAD2_Worry""]",False
4,2,Q2_Attendance,0.025990874869039816,0.20398413949645505,"[""Q1_Academic_Performance"", ""Q2_Attendance"", ""Q4_Repeating"", ""Q6_PHQ2_Interest"", ""Q7_PHQ2_Depressed"", ""Q8_GAD2_Nervous"", ""Q9_GAD2_Worry""]",False
4,2,Q3_Assignments,0.006686490400084755,0.052477571354756954,"[""Q1_Academic_Performance"", ""Q2_Attendance"", ""Q4_Repeating"", ""Q6_PHQ2_Interest"", ""Q7_PHQ2_Depressed"", ""Q8_GAD2_Nervous"", ""Q9_GAD2_Worry""]",False
4,2,Q4_Repeating,0.050696650192657566,0.39788243439317844,"[""Q1_Academic_Performance"", ""Q2_Attendance"", ""Q4_Repeating"", ""Q6_PHQ2_Interest"", ""Q7_PHQ2_Depressed"", ""Q8_GAD2_Nervous"", ""Q9_GAD2_Worry""]",False
4,2,Q6_PHQ2_Interest,-0.027121748163450542,0.0,"[""Q1_Academic_Performance"", ""Q2_Attendance"", ""Q4_Repeating"", ""Q6_PHQ2_Interest"", ""Q7_PHQ2_Depressed"", ""Q8_GAD2_Nervous"", ""Q9_GAD2_Worry""]",False
4,2,Q7_PHQ2_Depressed,0.04404214019227794,0.34565585475560967,"[""Q1_Academic_Performance"", ""Q2_Attendance"", ""Q4_Repeating"", ""Q6_PHQ2_Interest"", ""Q7_PHQ2_Depressed"", ""Q8_GAD2_Nervous"", ""Q9_GAD2_Worry""]",False
4,2,Q8_GAD2_Nervous,-0.07333222505240854,0.0,"[""Q1_Academic_Performance"", ""Q2_Attendance"", ""Q4_Repeating"", ""Q6_PHQ2_Interest"", ""Q7_PHQ2_Depressed"", ""Q8_GAD2_Nervous"", ""Q9_GAD2_Worry""]",False
4,2,Q9_GAD2_Worry,-0.018638714263464338,0.0,"[""Q1_Academic_Performance"", ""Q2_Attendance"", ""Q4_Repeating"", ""Q6_PHQ2_Interest"", ""Q7_PHQ2_Depressed"", ""Q8_GAD2_Nervous"", ""Q9_GAD2_Worry""]",False
4,2,Q10_Financial_Difficulty,-0.02729295328326452,0.0,"[""Q1_Academic_Performance"", ""Q2_Attendance"", ""Q4_Repeating"", ""Q6_PHQ2_Interest"", ""Q7_PHQ2_Depressed"", ""Q8_GAD2_Nervous"", ""Q9_GAD2_Worry""]",False
4,2,Q11_Internet_Access,-0.003977246637797099,0.0,"[""Q1_Academic_Performance"", ""Q2_Attendance"", ""Q4_Repeating"", ""Q6_PHQ2_Interest"", ""Q7_PHQ2_Depressed"", ""Q8_GAD2_Nervous"", ""Q9_GAD2_Worry""]",False
4,2,Q12_Outside_Responsibilities,-0.031673646123187404,0.0,"[""Q1_Academic_Performance"", ""Q2_Attendance"", ""Q4_Repeating"", ""Q6_PHQ2_Interest"", ""Q7_PHQ2_Depressed"", ""Q8_GAD2_Nervous"", ""Q9_GAD2_Worry""]",False
4,2,Q14_Year,-0.00707589595135519,0.0,"[""Q1_Academic_Performance"", ""Q2_Attendance"", ""Q4_Repeating"", ""Q6_PHQ2_Interest"", ""Q7_PHQ2_Depressed"", ""Q8_GAD2_Nervous"", ""Q9_GAD2_Worry""]",False
4,2,Q16_Belonging,-0.01342420174847006,0.0,"[""Q1_Academic_Performance"", ""Q2_Attendance"", ""Q4_Repeating"", ""Q6_PHQ2_Interest"", ""Q7_PHQ2_Depressed"", ""Q8_GAD2_Nervous"", ""Q9_GAD2_Worry""]",False
4,2,Q13_Faculty,-0.023098299492219625,0.0,"[""Q1_Academic_Performance"", ""Q2_Attendance"", ""Q4_Repeating"", ""Q6_PHQ2_Interest"", ""Q7_PHQ2_Depressed"", ""Q8_GAD2_Nervous"", ""Q9_GAD2_Worry""]",False
4,3,Q1_Academic_Performance,-0.04192507685753216,0.0,"[""Q1_Academic_Performance"", ""Q2_Attendance"", ""Q4_Repeating"", ""Q6_PHQ2_Interest"", ""Q7_PHQ2_Depressed"", ""Q8_GAD2_Nervous"", ""Q9_GAD2_Worry""]",False
4,3,Q2_Attendance,0.0029353487569645452,0.011495400438892371,"[""Q1_Academic_Performance"", ""Q2_Attendance"", ""Q4_Repeating"", ""Q6_PHQ2_Interest"", ""Q7_PHQ2_Depressed"", ""Q8_GAD2_Nervous"", ""Q9_GAD2_Worry""]",False
4,3,Q3_Assignments,-0.051651965025171845,0.0,"[""Q1_Academic_Performance"", ""Q2_Attendance"", ""Q4_Repeating"", ""Q6_PHQ2_Interest"", ""Q7_PHQ2_Depressed"", ""Q8_GAD2_Nervous"", ""Q9_GAD2_Worry""]",False
4,3,Q4_Repeating,-0.02607779633122999,0.0,"[""Q1_Academic_Performance"", ""Q2_Attendance"", ""Q4_Repeating"", ""Q6_PHQ2_Interest"", ""Q7_PHQ2_Depressed"", ""Q8_GAD2_Nervous"", ""Q9_GAD2_Worry""]",False
4,3,Q6_PHQ2_Interest,0.016875750611366043,0.06608874346677115,"[""Q1_Academic_Performance"", ""Q2_Attendance"", ""Q4_Repeating"", ""Q6_PHQ2_Interest"", ""Q7_PHQ2_Depressed"", ""Q8_GAD2_Nervous"", ""Q9_GAD2_Worry""]",False
4,3,Q7_PHQ2_Depressed,0.023592127953308624,0.0923913921251793,"[""Q1_Academic_Performance"", ""Q2_Attendance"", ""Q4_Repeating"", ""Q6_PHQ2_Interest"", ""Q7_PHQ2_Depressed"", ""Q8_GAD2_Nervous"", ""Q9_GAD2_Worry""]",False
4,3,Q8_GAD2_Nervous,0.04491885021961796,0.17591101204039103,"[""Q1_Academic_Performance"", ""Q2_Attendance"", ""Q4_Repeating"", ""Q6_PHQ2_Interest"", ""Q7_PHQ2_Depressed"", ""Q8_GAD2_Nervous"", ""Q9_GAD2_Worry""]",False
4,3,Q9_GAD2_Worry,0.06723549926689762,0.26330737904585494,"[""Q1_Academic_Performance"", ""Q2_Attendance"", ""Q4_Repeating"", ""Q6_PHQ2_Interest"", ""Q7_PHQ2_Depressed"", ""Q8_GAD2_Nervous"", ""Q9_GAD2_Worry""]",False
4,3,Q10_Financial_Difficulty,-0.030140225615936787,0.0,"[""Q1_Academic_Performance"", ""Q2_Attendance"", ""Q4_Repeating"", ""Q6_PHQ2_Interest"", ""Q7_PHQ2_Depressed"", ""Q8_GAD2_Nervous"", ""Q9_GAD2_Worry""]",False
4,3,Q11_Internet_Access,0.04374868998576696,0.1713284354610767,"[""Q1_Academic_Performance"", ""Q2_Attendance"", ""Q4_Repeating"", ""Q6_PHQ2_Interest"", ""Q7_PHQ2_Depressed"", ""Q8_GAD2_Nervous"", ""Q9_GAD2_Worry""]",False
4,3,Q12_Outside_Responsibilities,-0.01580707699553505,0.0,"[""Q1_Academic_Performance"", ""Q2_Attendance"", ""Q4_Repeating"", ""Q6_PHQ2_Interest"", ""Q7_PHQ2_Depressed"", ""Q8_GAD2_Nervous"", ""Q9_GAD2_Worry""]",False
4,3,Q14_Year,-0.020224381661467106,0.0,"[""Q1_Academic_Performance"", ""Q2_Attendance"", ""Q4_Repeating"", ""Q6_PHQ2_Interest"", ""Q7_PHQ2_Depressed"", ""Q8_GAD2_Nervous"", ""Q9_GAD2_Worry""]",False
4,3,Q16_Belonging,0.004056328501997872,0.015885376595037828,"[""Q1_Academic_Performance"", ""Q2_Attendance"", ""Q4_Repeating"", ""Q6_PHQ2_Interest"", ""Q7_PHQ2_Depressed"", ""Q8_GAD2_Nervous"", ""Q9_GAD2_Worry""]",False
4,3,Q13_Faculty,0.0519872528949606,0.20359226082679657,"[""Q1_Academic_Performance"", ""Q2_Attendance"", ""Q4_Repeating"", ""Q6_PHQ2_Interest"", ""Q7_PHQ2_Depressed"", ""Q8_GAD2_Nervous"", ""Q9_GAD2_Worry""]",False
4,4,Q1_Academic_Performance,0.0007308729006842013,1.0,"[""Q1_Academic_Performance"", ""Q2_Attendance"", ""Q4_Repeating"", ""Q6_PHQ2_Interest"", ""Q7_PHQ2_Depressed"", ""Q8_GAD2_Nervous"", ""Q9_GAD2_Worry""]",False
4,4,Q2_Attendance,-0.054482815848885015,0.0,"[""Q1_Academic_Performance"", ""Q2_Attendance"", ""Q4_Repeating"", ""Q6_PHQ2_Interest"", ""Q7_PHQ2_Depressed"", ""Q8_GAD2_Nervous"", ""Q9_GAD2_Worry""]",False
4,4,Q3_Assignments,-0.021839434760757365,0.0,"[""Q1_Academic_Performance"", ""Q2_Attendance"", ""Q4_Repeating"", ""Q6_PHQ2_Interest"", ""Q7_PHQ2_Depressed"", ""Q8_GAD2_Nervous"", ""Q9_GAD2_Worry""]",False
4,4,Q4_Repeating,-0.005125537389437607,0.0,"[""Q1_Academic_Performance"", ""Q2_Attendance"", ""Q4_Repeating"", ""Q6_PHQ2_Interest"", ""Q7_PHQ2_Depressed"", ""Q8_GAD2_Nervous"", ""Q9_GAD2_Worry""]",False
4,4,Q6_PHQ2_Interest,-0.027301216230971544,0.0,"[""Q1_Academic_Performance"", ""Q2_Attendance"", ""Q4_Repeating"", ""Q6_PHQ2_Interest"", ""Q7_PHQ2_Depressed"", ""Q8_GAD2_Nervous"", ""Q9_GAD2_Worry""]",False
4,4,Q7_PHQ2_Depressed,-0.017898709720236206,0.0,"[""Q1_Academic_Performance"", ""Q2_Attendance"", ""Q4_Repeating"", ""Q6_PHQ2_Interest"", ""Q7_PHQ2_Depressed"", ""Q8_GAD2_Nervous"", ""Q9_GAD2_Worry""]",False
4,4,Q8_GAD2_Nervous,-0.022550580260860657,0.0,"[""Q1_Academic_Performance"", ""Q2_Attendance"", ""Q4_Repeating"", ""Q6_PHQ2_Interest"", ""Q7_PHQ2_Depressed"", ""Q8_GAD2_Nervous"", ""Q9_GAD2_Worry""]",False
4,4,Q9_GAD2_Worry,-0.05220637676553743,0.0,"[""Q1_Academic_Performance"", ""Q2_Attendance"", ""Q4_Repeating"", ""Q6_PHQ2_Interest"", ""Q7_PHQ2_Depressed"", ""Q8_GAD2_Nervous"", ""Q9_GAD2_Worry""]",False
4,4,Q10_Financial_Difficulty,-0.034086033211000975,0.0,"[""Q1_Academic_Performance"", ""Q2_Attendance"", ""Q4_Repeating"", ""Q6_PHQ2_Interest"", ""Q7_PHQ2_Depressed"", ""Q8_GAD2_Nervous"", ""Q9_GAD2_Worry""]",False
4,4,Q11_Internet_Access,-0.0007535360164046933,0.0,"[""Q1_Academic_Performance"", ""Q2_Attendance"", ""Q4_Repeating"", ""Q6_PHQ2_Interest"", ""Q7_PHQ2_Depressed"", ""Q8_GAD2_Nervous"", ""Q9_GAD2_Worry""]",False
4,4,Q12_Outside_Responsibilities,-0.03317437279701433,0.0,"[""Q1_Academic_Performance"", ""Q2_Attendance"", ""Q4_Repeating"", ""Q6_PHQ2_Interest"", ""Q7_PHQ2_Depressed"", ""Q8_GAD2_Nervous"", ""Q9_GAD2_Worry""]",False
4,4,Q14_Year,-0.002904808410892018,0.0,"[""Q1_Academic_Performance"", ""Q2_Attendance"", ""Q4_Repeating"", ""Q6_PHQ2_Interest"", ""Q7_PHQ2_Depressed"", ""Q8_GAD2_Nervous"", ""Q9_GAD2_Worry""]",False
4,4,Q16_Belonging,-0.01065403766867356,0.0,"[""Q1_Academic_Performance"", ""Q2_Attendance"", ""Q4_Repeating"", ""Q6_PHQ2_Interest"", ""Q7_PHQ2_Depressed"", ""Q8_GAD2_Nervous"", ""Q9_GAD2_Worry""]",False
4,4,Q13_Faculty,-0.031161947629097443,0.0,"[""Q1_Academic_Performance"", ""Q2_Attendance"", ""Q4_Repeating"", ""Q6_PHQ2_Interest"", ""Q7_PHQ2_Depressed"", ""Q8_GAD2_Nervous"", ""Q9_GAD2_Worry""]",False
4,5,Q1_Academic_Performance,0.025846554750523394,0.08036302130530072,"[""Q1_Academic_Performance"", ""Q2_Attendance"", ""Q4_Repeating"", ""Q6_PHQ2_Interest"", ""Q7_PHQ2_Depressed"", ""Q8_GAD2_Nervous"", ""Q9_GAD2_Worry""]",False
4,5,Q2_Attendance,0.05280790841022337,0.16419221476987036,"[""Q1_Academic_Performance"", ""Q2_Attendance"", ""Q4_Repeating"", ""Q6_PHQ2_Interest"", ""Q7_PHQ2_Depressed"", ""Q8_GAD2_Nervous"", ""Q9_GAD2_Worry""]",False
4,5,Q3_Assignments,-0.025844930776007878,0.0,"[""Q1_Academic_Performance"", ""Q2_Attendance"", ""Q4_Repeating"", ""Q6_PHQ2_Interest"", ""Q7_PHQ2_Depressed"", ""Q8_GAD2_Nervous"", ""Q9_GAD2_Worry""]",False
4,5,Q4_Repeating,-0.0012455003704342216,0.0,"[""Q1_Academic_Performance"", ""Q2_Attendance"", ""Q4_Repeating"", ""Q6_PHQ2_Interest"", ""Q7_PHQ2_Depressed"", ""Q8_GAD2_Nervous"", ""Q9_GAD2_Worry""]",False
4,5,Q6_PHQ2_Interest,0.061846562962099505,0.19229551887886254,"[""Q1_Academic_Performance"", ""Q2_Attendance"", ""Q4_Repeating"", ""Q6_PHQ2_Interest"", ""Q7_PHQ2_Depressed"", ""Q8_GAD2_Nervous"", ""Q9_GAD2_Worry""]",False
4,5,Q7_PHQ2_Depressed,0.11205669841208235,0.348410646169756,"[""Q1_Academic_Performance"", ""Q2_Attendance"", ""Q4_Repeating"", ""Q6_PHQ2_Interest"", ""Q7_PHQ2_Depressed"", ""Q8_GAD2_Nervous"", ""Q9_GAD2_Worry""]",False
4,5,Q8_GAD2_Nervous,-0.06165304363463368,0.0,"[""Q1_Academic_Performance"", ""Q2_Attendance"", ""Q4_Repeating"", ""Q6_PHQ2_Interest"", ""Q7_PHQ2_Depressed"", ""Q8_GAD2_Nervous"", ""Q9_GAD2_Worry""]",False
4,5,Q9_GAD2_Worry,0.06906476215993836,0.21473859887621038,"[""Q1_Academic_Performance"", ""Q2_Attendance"", ""Q4_Repeating"", ""Q6_PHQ2_Interest"", ""Q7_PHQ2_Depressed"", ""Q8_GAD2_Nervous"", ""Q9_GAD2_Worry""]",False
4,5,Q10_Financial_Difficulty,-0.02933229361989719,0.0,"[""Q1_Academic_Performance"", ""Q2_Attendance"", ""Q4_Repeating"", ""Q6_PHQ2_Interest"", ""Q7_PHQ2_Depressed"", ""Q8_GAD2_Nervous"", ""Q9_GAD2_Worry""]",False
4,5,Q11_Internet_Access,-0.028037889659638066,0.0,"[""Q1_Academic_Performance"", ""Q2_Attendance"", ""Q4_Repeating"", ""Q6_PHQ2_Interest"", ""Q7_PHQ2_Depressed"", ""Q8_GAD2_Nervous"", ""Q9_GAD2_Worry""]",False
4,5,Q12_Outside_Responsibilities,-0.05763557586538539,0.0,"[""Q1_Academic_Performance"", ""Q2_Attendance"", ""Q4_Repeating"", ""Q6_PHQ2_Interest"", ""Q7_PHQ2_Depressed"", ""Q8_GAD2_Nervous"", ""Q9_GAD2_Worry""]",False
4,5,Q14_Year,-0.005648972037719297,0.0,"[""Q1_Academic_Performance"", ""Q2_Attendance"", ""Q4_Repeating"", ""Q6_PHQ2_Interest"", ""Q7_PHQ2_Depressed"", ""Q8_GAD2_Nervous"", ""Q9_GAD2_Worry""]",False
4,5,Q16_Belonging,-0.011843607904080062,0.0,"[""Q1_Academic_Performance"", ""Q2_Attendance"", ""Q4_Repeating"", ""Q6_PHQ2_Interest"", ""Q7_PHQ2_Depressed"", ""Q8_GAD2_Nervous"", ""Q9_GAD2_Worry""]",False
4,5,Q13_Faculty,-0.02848102669649292,0.0,"[""Q1_Academic_Performance"", ""Q2_Attendance"", ""Q4_Repeating"", ""Q6_PHQ2_Interest"", ""Q7_PHQ2_Depressed"", ""Q8_GAD2_Nervous"", ""Q9_GAD2_Worry""]",False
5,1,Q1_Academic_Performance,-0.06080392650528982,0.0,"[""Q11_Internet_Access"", ""Q16_Belonging"", ""Q2_Attendance"", ""Q3_Assignments"", ""Q4_Repeating"", ""Q6_PHQ2_Interest"", ""Q7_PHQ2_Depressed"", ""Q9_GAD2_Worry""]",False
5,1,Q2_Attendance,0.013260220149285531,0.15036868561692593,"[""Q11_Internet_Access"", ""Q16_Belonging"", ""Q2_Attendance"", ""Q3_Assignments"", ""Q4_Repeating"", ""Q6_PHQ2_Interest"", ""Q7_PHQ2_Depressed"", ""Q9_GAD2_Worry""]",False
5,1,Q3_Assignments,0.04893567617293591,0.5549224087577737,"[""Q11_Internet_Access"", ""Q16_Belonging"", ""Q2_Attendance"", ""Q3_Assignments"", ""Q4_Repeating"", ""Q6_PHQ2_Interest"", ""Q7_PHQ2_Depressed"", ""Q9_GAD2_Worry""]",False
5,1,Q4_Repeating,0.010193683663263318,0.11559467314893895,"[""Q11_Internet_Access"", ""Q16_Belonging"", ""Q2_Attendance"", ""Q3_Assignments"", ""Q4_Repeating"", ""Q6_PHQ2_Interest"", ""Q7_PHQ2_Depressed"", ""Q9_GAD2_Worry""]",False
5,1,Q6_PHQ2_Interest,-0.029157353943000876,0.0,"[""Q11_Internet_Access"", ""Q16_Belonging"", ""Q2_Attendance"", ""Q3_Assignments"", ""Q4_Repeating"", ""Q6_PHQ2_Interest"", ""Q7_PHQ2_Depressed"", ""Q9_GAD2_Worry""]",False
5,1,Q7_PHQ2_Depressed,-0.019468141163221087,0.0,"[""Q11_Internet_Access"", ""Q16_Belonging"", ""Q2_Attendance"", ""Q3_Assignments"", ""Q4_Repeating"", ""Q6_PHQ2_Interest"", ""Q7_PHQ2_Depressed"", ""Q9_GAD2_Worry""]",False
5,1,Q8_GAD2_Nervous,0.0,0.0,"[""Q11_Internet_Access"", ""Q16_Belonging"", ""Q2_Attendance"", ""Q3_Assignments"", ""Q4_Repeating"", ""Q6_PHQ2_Interest"", ""Q7_PHQ2_Depressed"", ""Q9_GAD2_Worry""]",False
5,1,Q9_GAD2_Worry,-0.04150967288131828,0.0,"[""Q11_Internet_Access"", ""Q16_Belonging"", ""Q2_Attendance"", ""Q3_Assignments"", ""Q4_Repeating"", ""Q6_PHQ2_Interest"", ""Q7_PHQ2_Depressed"", ""Q9_GAD2_Worry""]",False
5,1,Q10_Financial_Difficulty,-0.04723523165390612,0.0,"[""Q11_Internet_Access"", ""Q16_Belonging"", ""Q2_Attendance"", ""Q3_Assignments"", ""Q4_Repeating"", ""Q6_PHQ2_Interest"", ""Q7_PHQ2_Depressed"", ""Q9_GAD2_Worry""]",False
5,1,Q11_Internet_Access,-0.022437543004721276,0.0,"[""Q11_Internet_Access"", ""Q16_Belonging"", ""Q2_Attendance"", ""Q3_Assignments"", ""Q4_Repeating"", ""Q6_PHQ2_Interest"", ""Q7_PHQ2_Depressed"", ""Q9_GAD2_Worry""]",False
5,1,Q12_Outside_Responsibilities,-0.042897691748071703,0.0,"[""Q11_Internet_Access"", ""Q16_Belonging"", ""Q2_Attendance"", ""Q3_Assignments"", ""Q4_Repeating"", ""Q6_PHQ2_Interest"", ""Q7_PHQ2_Depressed"", ""Q9_GAD2_Worry""]",False
5,1,Q14_Year,-0.008068437670598366,0.0,"[""Q11_Internet_Access"", ""Q16_Belonging"", ""Q2_Attendance"", ""Q3_Assignments"", ""Q4_Repeating"", ""Q6_PHQ2_Interest"", ""Q7_PHQ2_Depressed"", ""Q9_GAD2_Worry""]",False
5,1,Q16_Belonging,0.015795138095158787,0.17911423247636152,"[""Q11_Internet_Access"", ""Q16_Belonging"", ""Q2_Attendance"", ""Q3_Assignments"", ""Q4_Repeating"", ""Q6_PHQ2_Interest"", ""Q7_PHQ2_Depressed"", ""Q9_GAD2_Worry""]",False
5,1,Q13_Faculty,-0.02570611287708092,0.0,"[""Q11_Internet_Access"", ""Q16_Belonging"", ""Q2_Attendance"", ""Q3_Assignments"", ""Q4_Repeating"", ""Q6_PHQ2_Interest"", ""Q7_PHQ2_Depressed"", ""Q9_GAD2_Worry""]",False
5,2,Q1_Academic_Performance,0.010168290828668172,0.0203150662303413,"[""Q11_Internet_Access"", ""Q16_Belonging"", ""Q2_Attendance"", ""Q3_Assignments"", ""Q4_Repeating"", ""Q6_PHQ2_Interest"", ""Q7_PHQ2_Depressed"", ""Q9_GAD2_Worry""]",False
5,2,Q2_Attendance,0.014185082491781967,0.02834015029260819,"[""Q11_Internet_Access"", ""Q16_Belonging"", ""Q2_Attendance"", ""Q3_Assignments"", ""Q4_Repeating"", ""Q6_PHQ2_Interest"", ""Q7_PHQ2_Depressed"", ""Q9_GAD2_Worry""]",False
5,2,Q3_Assignments,0.02536587675666071,0.05067808100545171,"[""Q11_Internet_Access"", ""Q16_Belonging"", ""Q2_Attendance"", ""Q3_Assignments"", ""Q4_Repeating"", ""Q6_PHQ2_Interest"", ""Q7_PHQ2_Depressed"", ""Q9_GAD2_Worry""]",False
5,2,Q4_Repeating,0.07541545550681836,0.1506713369264479,"[""Q11_Internet_Access"", ""Q16_Belonging"", ""Q2_Attendance"", ""Q3_Assignments"", ""Q4_Repeating"", ""Q6_PHQ2_Interest"", ""Q7_PHQ2_Depressed"", ""Q9_GAD2_Worry""]",False
5,2,Q6_PHQ2_Interest,0.049847538589125565,0.099589603102473,"[""Q11_Internet_Access"", ""Q16_Belonging"", ""Q2_Attendance"", ""Q3_Assignments"", ""Q4_Repeating"", ""Q6_PHQ2_Interest"", ""Q7_PHQ2_Depressed"", ""Q9_GAD2_Worry""]",False
5,2,Q7_PHQ2_Depressed,0.11241911423031832,0.22460035709308582,"[""Q11_Internet_Access"", ""Q16_Belonging"", ""Q2_Attendance"", ""Q3_Assignments"", ""Q4_Repeating"", ""Q6_PHQ2_Interest"", ""Q7_PHQ2_Depressed"", ""Q9_GAD2_Worry""]",False
5,2,Q8_GAD2_Nervous,0.058958945744785954,0.11779313828234654,"[""Q11_Internet_Access"", ""Q16_Belonging"", ""Q2_Attendance"", ""Q3_Assignments"", ""Q4_Repeating"", ""Q6_PHQ2_Interest"", ""Q7_PHQ2_Depressed"", ""Q9_GAD2_Worry""]",False
5,2,Q9_GAD2_Worry,0.07160858561452563,0.14306565222532017,"[""Q11_Internet_Access"", ""Q16_Belonging"", ""Q2_Attendance"", ""Q3_Assignments"", ""Q4_Repeating"", ""Q6_PHQ2_Interest"", ""Q7_PHQ2_Depressed"", ""Q9_GAD2_Worry""]",False
5,2,Q10_Financial_Difficulty,-0.04335013295514091,0.0,"[""Q11_Internet_Access"", ""Q16_Belonging"", ""Q2_Attendance"", ""Q3_Assignments"", ""Q4_Repeating"", ""Q6_PHQ2_Interest"", ""Q7_PHQ2_Depressed"", ""Q9_GAD2_Worry""]",False
5,2,Q11_Internet_Access,0.018507864452142333,0.036976567494253834,"[""Q11_Internet_Access"", ""Q16_Belonging"", ""Q2_Attendance"", ""Q3_Assignments"", ""Q4_Repeating"", ""Q6_PHQ2_Interest"", ""Q7_PHQ2_Depressed"", ""Q9_GAD2_Worry""]",False
5,2,Q12_Outside_Responsibilities,0.02865692021451478,0.05725320429212444,"[""Q11_Internet_Access"", ""Q16_Belonging"", ""Q2_Attendance"", ""Q3_Assignments"", ""Q4_Repeating"", ""Q6_PHQ2_Interest"", ""Q7_PHQ2_Depressed"", ""Q9_GAD2_Worry""]",False
5,2,Q14_Year,0.02164976126692259,0.0432537130791544,"[""Q11_Internet_Access"", ""Q16_Belonging"", ""Q2_Attendance"", ""Q3_Assignments"", ""Q4_Repeating"", ""Q6_PHQ2_Interest"", ""Q7_PHQ2_Depressed"", ""Q9_GAD2_Worry""]",False
5,2,Q16_Belonging,-0.025461576497478232,0.0,"[""Q11_Internet_Access"", ""Q16_Belonging"", ""Q2_Attendance"", ""Q3_Assignments"", ""Q4_Repeating"", ""Q6_PHQ2_Interest"", ""Q7_PHQ2_Depressed"", ""Q9_GAD2_Worry""]",False
5,2,Q13_Faculty,0.013746107913170349,0.027463129976392546,"[""Q11_Internet_Access"", ""Q16_Belonging"", ""Q2_Attendance"", ""Q3_Assignments"", ""Q4_Repeating"", ""Q6_PHQ2_Interest"", ""Q7_PHQ2_Depressed"", ""Q9_GAD2_Worry""]",False
5,3,Q1_Academic_Performance,-0.02802741697816826,0.0,"[""Q11_Internet_Access"", ""Q16_Belonging"", ""Q2_Attendance"", ""Q3_Assignments"", ""Q4_Repeating"", ""Q6_PHQ2_Interest"", ""Q7_PHQ2_Depressed"", ""Q9_GAD2_Worry""]",False
5,3,Q2_Attendance,-0.01972026238081289,0.0,"[""Q11_Internet_Access"", ""Q16_Belonging"", ""Q2_Attendance"", ""Q3_Assignments"", ""Q4_Repeating"", ""Q6_PHQ2_Interest"", ""Q7_PHQ2_Depressed"", ""Q9_GAD2_Worry""]",False
5,3,Q3_Assignments,0.020080308645784983,0.08953991949838314,"[""Q11_Internet_Access"", ""Q16_Belonging"", ""Q2_Attendance"", ""Q3_Assignments"", ""Q4_Repeating"", ""Q6_PHQ2_Interest"", ""Q7_PHQ2_Depressed"", ""Q9_GAD2_Worry""]",False
5,3,Q4_Repeating,0.04357307873307098,0.19429631440823733,"[""Q11_Internet_Access"", ""Q16_Belonging"", ""Q2_Attendance"", ""Q3_Assignments"", ""Q4_Repeating"", ""Q6_PHQ2_Interest"", ""Q7_PHQ2_Depressed"", ""Q9_GAD2_Worry""]",False
5,3,Q6_PHQ2_Interest,0.05627637021672203,0.25094144456411127,"[""Q11_Internet_Access"", ""Q16_Belonging"", ""Q2_Attendance"", ""Q3_Assignments"", ""Q4_Repeating"", ""Q6_PHQ2_Interest"", ""Q7_PHQ2_Depressed"", ""Q9_GAD2_Worry""]",False
5,3,Q7_PHQ2_Depressed,0.04232981943426634,0.18875250830972148,"[""Q11_Internet_Access"", ""Q16_Belonging"", ""Q2_Attendance"", ""Q3_Assignments"", ""Q4_Repeating"", ""Q6_PHQ2_Interest"", ""Q7_PHQ2_Depressed"", ""Q9_GAD2_Worry""]",False
5,3,Q8_GAD2_Nervous,-0.023450976106350847,0.0,"[""Q11_Internet_Access"", ""Q16_Belonging"", ""Q2_Attendance"", ""Q3_Assignments"", ""Q4_Repeating"", ""Q6_PHQ2_Interest"", ""Q7_PHQ2_Depressed"", ""Q9_GAD2_Worry""]",False
5,3,Q9_GAD2_Worry,0.02848051053375823,0.12699718243627994,"[""Q11_Internet_Access"", ""Q16_Belonging"", ""Q2_Attendance"", ""Q3_Assignments"", ""Q4_Repeating"", ""Q6_PHQ2_Interest"", ""Q7_PHQ2_Depressed"", ""Q9_GAD2_Worry""]",False
5,3,Q10_Financial_Difficulty,0.030238771020820183,0.13483742559418388,"[""Q11_Internet_Access"", ""Q16_Belonging"", ""Q2_Attendance"", ""Q3_Assignments"", ""Q4_Repeating"", ""Q6_PHQ2_Interest"", ""Q7_PHQ2_Depressed"", ""Q9_GAD2_Worry""]",False
5,3,Q11_Internet_Access,0.003282105221196757,0.014635205189083,"[""Q11_Internet_Access"", ""Q16_Belonging"", ""Q2_Attendance"", ""Q3_Assignments"", ""Q4_Repeating"", ""Q6_PHQ2_Interest"", ""Q7_PHQ2_Depressed"", ""Q9_GAD2_Worry""]",False
5,3,Q12_Outside_Responsibilities,-0.003477443311535833,0.0,"[""Q11_Internet_Access"", ""Q16_Belonging"", ""Q2_Attendance"", ""Q3_Assignments"", ""Q4_Repeating"", ""Q6_PHQ2_Interest"", ""Q7_PHQ2_Depressed"", ""Q9_GAD2_Worry""]",False
5,3,Q14_Year,-0.05359229438404632,0.0,"[""Q11_Internet_Access"", ""Q16_Belonging"", ""Q2_Attendance"", ""Q3_Assignments"", ""Q4_Repeating"", ""Q6_PHQ2_Interest"", ""Q7_PHQ2_Depressed"", ""Q9_GAD2_Worry""]",False
5,3,Q16_Belonging,-0.04513402059273624,0.0,"[""Q11_Internet_Access"", ""Q16_Belonging"", ""Q2_Attendance"", ""Q3_Assignments"", ""Q4_Repeating"", ""Q6_PHQ2_Interest"", ""Q7_PHQ2_Depressed"", ""Q9_GAD2_Worry""]",False
5,3,Q13_Faculty,-0.02153079977022499,0.0,"[""Q11_Internet_Access"", ""Q16_Belonging"", ""Q2_Attendance"", ""Q3_Assignments"", ""Q4_Repeating"", ""Q6_PHQ2_Interest"", ""Q7_PHQ2_Depressed"", ""Q9_GAD2_Worry""]",False
5,4,Q1_Academic_Performance,-0.0031019170777229097,0.0,"[""Q11_Internet_Access"", ""Q16_Belonging"", ""Q2_Attendance"", ""Q3_Assignments"", ""Q4_Repeating"", ""Q6_PHQ2_Interest"", ""Q7_PHQ2_Depressed"", ""Q9_GAD2_Worry""]",False
5,4,Q2_Attendance,0.022737292542829773,0.06713100808956704,"[""Q11_Internet_Access"", ""Q16_Belonging"", ""Q2_Attendance"", ""Q3_Assignments"", ""Q4_Repeating"", ""Q6_PHQ2_Interest"", ""Q7_PHQ2_Depressed"", ""Q9_GAD2_Worry""]",False
5,4,Q3_Assignments,-0.028050126775393293,0.0,"[""Q11_Internet_Access"", ""Q16_Belonging"", ""Q2_Attendance"", ""Q3_Assignments"", ""Q4_Repeating"", ""Q6_PHQ2_Interest"", ""Q7_PHQ2_Depressed"", ""Q9_GAD2_Worry""]",False
5,4,Q4_Repeating,0.057107185019454706,0.16860683356613473,"[""Q11_Internet_Access"", ""Q16_Belonging"", ""Q2_Attendance"", ""Q3_Assignments"", ""Q4_Repeating"", ""Q6_PHQ2_Interest"", ""Q7_PHQ2_Depressed"", ""Q9_GAD2_Worry""]",False
5,4,Q6_PHQ2_Interest,0.07815095161026081,0.23073776945400754,"[""Q11_Internet_Access"", ""Q16_Belonging"", ""Q2_Attendance"", ""Q3_Assignments"", ""Q4_Repeating"", ""Q6_PHQ2_Interest"", ""Q7_PHQ2_Depressed"", ""Q9_GAD2_Worry""]",False
5,4,Q7_PHQ2_Depressed,0.0719219112610314,0.21234676017765344,"[""Q11_Internet_Access"", ""Q16_Belonging"", ""Q2_Attendance"", ""Q3_Assignments"", ""Q4_Repeating"", ""Q6_PHQ2_Interest"", ""Q7_PHQ2_Depressed"", ""Q9_GAD2_Worry""]",False
5,4,Q8_GAD2_Nervous,-0.03643663764237377,0.0,"[""Q11_Internet_Access"", ""Q16_Belonging"", ""Q2_Attendance"", ""Q3_Assignments"", ""Q4_Repeating"", ""Q6_PHQ2_Interest"", ""Q7_PHQ2_Depressed"", ""Q9_GAD2_Worry""]",False
5,4,Q9_GAD2_Worry,-0.007167398000002029,0.0,"[""Q11_Internet_Access"", ""Q16_Belonging"", ""Q2_Attendance"", ""Q3_Assignments"", ""Q4_Repeating"", ""Q6_PHQ2_Interest"", ""Q7_PHQ2_Depressed"", ""Q9_GAD2_Worry""]",False
5,4,Q10_Financial_Difficulty,-0.007995282954105365,0.0,"[""Q11_Internet_Access"", ""Q16_Belonging"", ""Q2_Attendance"", ""Q3_Assignments"", ""Q4_Repeating"", ""Q6_PHQ2_Interest"", ""Q7_PHQ2_Depressed"", ""Q9_GAD2_Worry""]",False
5,4,Q11_Internet_Access,0.0560605486142056,0.16551667862111377,"[""Q11_Internet_Access"", ""Q16_Belonging"", ""Q2_Attendance"", ""Q3_Assignments"", ""Q4_Repeating"", ""Q6_PHQ2_Interest"", ""Q7_PHQ2_Depressed"", ""Q9_GAD2_Worry""]",False
5,4,Q12_Outside_Responsibilities,-0.018551600194442696,0.0,"[""Q11_Internet_Access"", ""Q16_Belonging"", ""Q2_Attendance"", ""Q3_Assignments"", ""Q4_Repeating"", ""Q6_PHQ2_Interest"", ""Q7_PHQ2_Depressed"", ""Q9_GAD2_Worry""]",False
5,4,Q14_Year,0.010995303418467934,0.03246322319783776,"[""Q11_Internet_Access"", ""Q16_Belonging"", ""Q2_Attendance"", ""Q3_Assignments"", ""Q4_Repeating"", ""Q6_PHQ2_Interest"", ""Q7_PHQ2_Depressed"", ""Q9_GAD2_Worry""]",False
5,4,Q16_Belonging,0.03878818365648994,0.11452066537467223,"[""Q11_Internet_Access"", ""Q16_Belonging"", ""Q2_Attendance"", ""Q3_Assignments"", ""Q4_Repeating"", ""Q6_PHQ2_Interest"", ""Q7_PHQ2_Depressed"", ""Q9_GAD2_Worry""]",False
5,4,Q13_Faculty,0.002938923334902205,0.008677061519013343,"[""Q11_Internet_Access"", ""Q16_Belonging"", ""Q2_Attendance"", ""Q3_Assignments"", ""Q4_Repeating"", ""Q6_PHQ2_Interest"", ""Q7_PHQ2_Depressed"", ""Q9_GAD2_Worry""]",False
5,5,Q1_Academic_Performance,0.018597890505847255,0.03764722136382251,"[""Q11_Internet_Access"", ""Q16_Belonging"", ""Q2_Attendance"", ""Q3_Assignments"", ""Q4_Repeating"", ""Q6_PHQ2_Interest"", ""Q7_PHQ2_Depressed"", ""Q9_GAD2_Worry""]",False
5,5,Q2_Attendance,0.07684470560817946,0.1555547195935656,"[""Q11_Internet_Access"", ""Q16_Belonging"", ""Q2_Attendance"", ""Q3_Assignments"", ""Q4_Repeating"", ""Q6_PHQ2_Interest"", ""Q7_PHQ2_Depressed"", ""Q9_GAD2_Worry""]",False
5,5,Q3_Assignments,0.027326012417755473,0.05531532934653854,"[""Q11_Internet_Access"", ""Q16_Belonging"", ""Q2_Attendance"", ""Q3_Assignments"", ""Q4_Repeating"", ""Q6_PHQ2_Interest"", ""Q7_PHQ2_Depressed"", ""Q9_GAD2_Worry""]",False
5,5,Q4_Repeating,0.06648157749075174,0.13457691148485607,"[""Q11_Internet_Access"", ""Q16_Belonging"", ""Q2_Attendance"", ""Q3_Assignments"", ""Q4_Repeating"", ""Q6_PHQ2_Interest"", ""Q7_PHQ2_Depressed"", ""Q9_GAD2_Worry""]",False
5,5,Q6_PHQ2_Interest,0.025573525869333074,0.051767816847481926,"[""Q11_Internet_Access"", ""Q16_Belonging"", ""Q2_Attendance"", ""Q3_Assignments"", ""Q4_Repeating"", ""Q6_PHQ2_Interest"", ""Q7_PHQ2_Depressed"", ""Q9_GAD2_Worry""]",False
5,5,Q7_PHQ2_Depressed,0.0689334321451232,0.1395401364751322,"[""Q11_Internet_Access"", ""Q16_Belonging"", ""Q2_Attendance"", ""Q3_Assignments"", ""Q4_Repeating"", ""Q6_PHQ2_Interest"", ""Q7_PHQ2_Depressed"", ""Q9_GAD2_Worry""]",False
5,5,Q8_GAD2_Nervous,-0.004126582434050544,0.0,"[""Q11_Internet_Access"", ""Q16_Belonging"", ""Q2_Attendance"", ""Q3_Assignments"", ""Q4_Repeating"", ""Q6_PHQ2_Interest"", ""Q7_PHQ2_Depressed"", ""Q9_GAD2_Worry""]",False
5,5,Q9_GAD2_Worry,0.08712364989310785,0.17636211658084386,"[""Q11_Internet_Access"", ""Q16_Belonging"", ""Q2_Attendance"", ""Q3_Assignments"", ""Q4_Repeating"", ""Q6_PHQ2_Interest"", ""Q7_PHQ2_Depressed"", ""Q9_GAD2_Worry""]",False
5,5,Q10_Financial_Difficulty,-0.03626424014295922,0.0,"[""Q11_Internet_Access"", ""Q16_Belonging"", ""Q2_Attendance"", ""Q3_Assignments"", ""Q4_Repeating"", ""Q6_PHQ2_Interest"", ""Q7_PHQ2_Depressed"", ""Q9_GAD2_Worry""]",False
5,5,Q11_Internet_Access,0.029620779411502013,0.05996056591058904,"[""Q11_Internet_Access"", ""Q16_Belonging"", ""Q2_Attendance"", ""Q3_Assignments"", ""Q4_Repeating"", ""Q6_PHQ2_Interest"", ""Q7_PHQ2_Depressed"", ""Q9_GAD2_Worry""]",False
5,5,Q12_Outside_Responsibilities,0.027965434158094687,0.05660969398406678,"[""Q11_Internet_Access"", ""Q16_Belonging"", ""Q2_Attendance"", ""Q3_Assignments"", ""Q4_Repeating"", ""Q6_PHQ2_Interest"", ""Q7_PHQ2_Depressed"", ""Q9_GAD2_Worry""]",False
5,5,Q14_Year,0.01567077286339049,0.031721933987338954,"[""Q11_Internet_Access"", ""Q16_Belonging"", ""Q2_Attendance"", ""Q3_Assignments"", ""Q4_Repeating"", ""Q6_PHQ2_Interest"", ""Q7_PHQ2_Depressed"", ""Q9_GAD2_Worry""]",False
5,5,Q16_Belonging,0.03497552912856849,0.07080004514523054,"[""Q11_Internet_Access"", ""Q16_Belonging"", ""Q2_Attendance"", ""Q3_Assignments"", ""Q4_Repeating"", ""Q6_PHQ2_Interest"", ""Q7_PHQ2_Depressed"", ""Q9_GAD2_Worry""]",False
5,5,Q13_Faculty,0.014891024217794748,0.030143509280533942,"[""Q11_Internet_Access"", ""Q16_Belonging"", ""Q2_Attendance"", ""Q3_Assignments"", ""Q4_Repeating"", ""Q6_PHQ2_Interest"", ""Q7_PHQ2_Depressed"", ""Q9_GAD2_Worry""]",False
6,1,Q1_Academic_Performance,-0.01979224319531271,0.0,"[""Q13_Faculty"", ""Q16_Belonging"", ""Q3_Assignments"", ""Q4_Repeating"", ""Q6_PHQ2_Interest"", ""Q7_PHQ2_Depressed"", ""Q9_GAD2_Worry""]",False
6,1,Q2_Attendance,-0.009032054625379862,0.0,"[""Q13_Faculty"", ""Q16_Belonging"", ""Q3_Assignments"", ""Q4_Repeating"", ""Q6_PHQ2_Interest"", ""Q7_PHQ2_Depressed"", ""Q9_GAD2_Worry""]",False
6,1,Q3_Assignments,-0.01203350710660148,0.0,"[""Q13_Faculty"", ""Q16_Belonging"", ""Q3_Assignments"", ""Q4_Repeating"", ""Q6_PHQ2_Interest"", ""Q7_PHQ2_Depressed"", ""Q9_GAD2_Worry""]",False
6,1,Q4_Repeating,0.04802540741615532,0.24897891252834772,"[""Q13_Faculty"", ""Q16_Belonging"", ""Q3_Assignments"", ""Q4_Repeating"", ""Q6_PHQ2_Interest"", ""Q7_PHQ2_Depressed"", ""Q9_GAD2_Worry""]",False
6,1,Q6_PHQ2_Interest,0.0201603134243452,0.10451744571636065,"[""Q13_Faculty"", ""Q16_Belonging"", ""Q3_Assignments"", ""Q4_Repeating"", ""Q6_PHQ2_Interest"", ""Q7_PHQ2_Depressed"", ""Q9_GAD2_Worry""]",False
6,1,Q7_PHQ2_Depressed,0.0407652895224791,0.21134016347346646,"[""Q13_Faculty"", ""Q16_Belonging"", ""Q3_Assignments"", ""Q4_Repeating"", ""Q6_PHQ2_Interest"", ""Q7_PHQ2_Depressed"", ""Q9_GAD2_Worry""]",False
6,1,Q8_GAD2_Nervous,-0.021848959644443323,0.0,"[""Q13_Faculty"", ""Q16_Belonging"", ""Q3_Assignments"", ""Q4_Repeating"", ""Q6_PHQ2_Interest"", ""Q7_PHQ2_Depressed"", ""Q9_GAD2_Worry""]",False
6,1,Q9_GAD2_Worry,0.08393844733632391,0.4351634782818252,"[""Q13_Faculty"", ""Q16_Belonging"", ""Q3_Assignments"", ""Q4_Repeating"", ""Q6_PHQ2_Interest"", ""Q7_PHQ2_Depressed"", ""Q9_GAD2_Worry""]",False
6,1,Q10_Financial_Difficulty,-0.042392640608151164,0.0,"[""Q13_Faculty"", ""Q16_Belonging"", ""Q3_Assignments"", ""Q4_Repeating"", ""Q6_PHQ2_Interest"", ""Q7_PHQ2_Depressed"", ""Q9_GAD2_Worry""]",False
6,1,Q11_Internet_Access,-0.00973914458759691,0.0,"[""Q13_Faculty"", ""Q16_Belonging"", ""Q3_Assignments"", ""Q4_Repeating"", ""Q6_PHQ2_Interest"", ""Q7_PHQ2_Depressed"", ""Q9_GAD2_Worry""]",False
6,1,Q12_Outside_Responsibilities,0.0,0.0,"[""Q13_Faculty"", ""Q16_Belonging"", ""Q3_Assignments"", ""Q4_Repeating"", ""Q6_PHQ2_Interest"", ""Q7_PHQ2_Depressed"", ""Q9_GAD2_Worry""]",False
6,1,Q14_Year,-0.09007765062810931,0.0,"[""Q13_Faculty"", ""Q16_Belonging"", ""Q3_Assignments"", ""Q4_Repeating"", ""Q6_PHQ2_Interest"", ""Q7_PHQ2_Depressed"", ""Q9_GAD2_Worry""]",False
6,1,Q16_Belonging,-0.050462519441877206,0.0,"[""Q13_Faculty"", ""Q16_Belonging"", ""Q3_Assignments"", ""Q4_Repeating"", ""Q6_PHQ2_Interest"", ""Q7_PHQ2_Depressed"", ""Q9_GAD2_Worry""]",False
6,1,Q13_Faculty,-0.02393997844865789,0.0,"[""Q13_Faculty"", ""Q16_Belonging"", ""Q3_Assignments"", ""Q4_Repeating"", ""Q6_PHQ2_Interest"", ""Q7_PHQ2_Depressed"", ""Q9_GAD2_Worry""]",False
6,2,Q1_Academic_Performance,-0.03544160268620703,0.0,"[""Q13_Faculty"", ""Q16_Belonging"", ""Q3_Assignments"", ""Q4_Repeating"", ""Q6_PHQ2_Interest"", ""Q7_PHQ2_Depressed"", ""Q9_GAD2_Worry""]",False
6,2,Q2_Attendance,-0.028455601846083152,0.0,"[""Q13_Faculty"", ""Q16_Belonging"", ""Q3_Assignments"", ""Q4_Repeating"", ""Q6_PHQ2_Interest"", ""Q7_PHQ2_Depressed"", ""Q9_GAD2_Worry""]",False
6,2,Q3_Assignments,-0.002234734561808219,0.0,"[""Q13_Faculty"", ""Q16_Belonging"", ""Q3_Assignments"", ""Q4_Repeating"", ""Q6_PHQ2_Interest"", ""Q7_PHQ2_Depressed"", ""Q9_GAD2_Worry""]",False
6,2,Q4_Repeating,0.026990728809191195,0.05467852923808316,"[""Q13_Faculty"", ""Q16_Belonging"", ""Q3_Assignments"", ""Q4_Repeating"", ""Q6_PHQ2_Interest"", ""Q7_PHQ2_Depressed"", ""Q9_GAD2_Worry""]",False
6,2,Q6_PHQ2_Interest,0.037246738582068395,0.07545542393391547,"[""Q13_Faculty"", ""Q16_Belonging"", ""Q3_Assignments"", ""Q4_Repeating"", ""Q6_PHQ2_Interest"", ""Q7_PHQ2_Depressed"", ""Q9_GAD2_Worry""]",False
6,2,Q7_PHQ2_Depressed,0.14938558882466468,0.3026292599967205,"[""Q13_Faculty"", ""Q16_Belonging"", ""Q3_Assignments"", ""Q4_Repeating"", ""Q6_PHQ2_Interest"", ""Q7_PHQ2_Depressed"", ""Q9_GAD2_Worry""]",False
6,2,Q8_GAD2_Nervous,-0.003127931217396096,0.0,"[""Q13_Faculty"", ""Q16_Belonging"", ""Q3_Assignments"", ""Q4_Repeating"", ""Q6_PHQ2_Interest"", ""Q7_PHQ2_Depressed"", ""Q9_GAD2_Worry""]",False
6,2,Q9_GAD2_Worry,0.09180075938325706,0.18597239598459267,"[""Q13_Faculty"", ""Q16_Belonging"", ""Q3_Assignments"", ""Q4_Repeating"", ""Q6_PHQ2_Interest"", ""Q7_PHQ2_Depressed"", ""Q9_GAD2_Worry""]",False
6,2,Q10_Financial_Difficulty,0.008501671798488975,0.017222910625813385,"[""Q13_Faculty"", ""Q16_Belonging"", ""Q3_Assignments"", ""Q4_Repeating"", ""Q6_PHQ2_Interest"", ""Q7_PHQ2_Depressed"", ""Q9_GAD2_Worry""]",False
6,2,Q11_Internet_Access,0.056181637407594576,0.11381424063615718,"[""Q13_Faculty"", ""Q16_Belonging"", ""Q3_Assignments"", ""Q4_Repeating"", ""Q6_PHQ2_Interest"", ""Q7_PHQ2_Depressed"", ""Q9_GAD2_Worry""]",False
6,2,Q12_Outside_Responsibilities,0.018917716627987337,0.038324008553964437,"[""Q13_Faculty"", ""Q16_Belonging"", ""Q3_Assignments"", ""Q4_Repeating"", ""Q6_PHQ2_Interest"", ""Q7_PHQ2_Depressed"", ""Q9_GAD2_Worry""]",False
6,2,Q14_Year,0.03136808442862933,0.06354629153212801,"[""Q13_Faculty"", ""Q16_Belonging"", ""Q3_Assignments"", ""Q4_Repeating"", ""Q6_PHQ2_Interest"", ""Q7_PHQ2_Depressed"", ""Q9_GAD2_Worry""]",False
6,2,Q16_Belonging,0.055764499220442285,0.11296919111104911,"[""Q13_Faculty"", ""Q16_Belonging"", ""Q3_Assignments"", ""Q4_Repeating"", ""Q6_PHQ2_Interest"", ""Q7_PHQ2_Depressed"", ""Q9_GAD2_Worry""]",False
6,2,Q13_Faculty,0.017468303065322925,0.03538774838757602,"[""Q13_Faculty"", ""Q16_Belonging"", ""Q3_Assignments"", ""Q4_Repeating"", ""Q6_PHQ2_Interest"", ""Q7_PHQ2_Depressed"", ""Q9_GAD2_Worry""]",False
6,3,Q1_Academic_Performance,0.0024579790066395378,0.004946195981630317,"[""Q13_Faculty"", ""Q16_Belonging"", ""Q3_Assignments"", ""Q4_Repeating"", ""Q6_PHQ2_Interest"", ""Q7_PHQ2_Depressed"", ""Q9_GAD2_Worry""]",False
6,3,Q2_Attendance,-0.0021956000915224093,0.0,"[""Q13_Faculty"", ""Q16_Belonging"", ""Q3_Assignments"", ""Q4_Repeating"", ""Q6_PHQ2_Interest"", ""Q7_PHQ2_Depressed"", ""Q9_GAD2_Worry""]",False
6,3,Q3_Assignments,0.061475512746232155,0.12370729501461063,"[""Q13_Faculty"", ""Q16_Belonging"", ""Q3_Assignments"", ""Q4_Repeating"", ""Q6_PHQ2_Interest"", ""Q7_PHQ2_Depressed"", ""Q9_GAD2_Worry""]",False
6,3,Q4_Repeating,0.01858438784906777,0.03739740016160303,"[""Q13_Faculty"", ""Q16_Belonging"", ""Q3_Assignments"", ""Q4_Repeating"", ""Q6_PHQ2_Interest"", ""Q7_PHQ2_Depressed"", ""Q9_GAD2_Worry""]",False
6,3,Q6_PHQ2_Interest,0.039110463303808116,0.07870206210486354,"[""Q13_Faculty"", ""Q16_Belonging"", ""Q3_Assignments"", ""Q4_Repeating"", ""Q6_PHQ2_Interest"", ""Q7_PHQ2_Depressed"", ""Q9_GAD2_Worry""]",False
6,3,Q7_PHQ2_Depressed,0.12133420651554756,0.244161062027132,"[""Q13_Faculty"", ""Q16_Belonging"", ""Q3_Assignments"", ""Q4_Repeating"", ""Q6_PHQ2_Interest"", ""Q7_PHQ2_Depressed"", ""Q9_GAD2_Worry""]",False
6,3,Q8_GAD2_Nervous,0.004995070249914646,0.01005158967238982,"[""Q13_Faculty"", ""Q16_Belonging"", ""Q3_Assignments"", ""Q4_Repeating"", ""Q6_PHQ2_Interest"", ""Q7_PHQ2_Depressed"", ""Q9_GAD2_Worry""]",False
6,3,Q9_GAD2_Worry,0.0957817314270963,0.192741766230949,"[""Q13_Faculty"", ""Q16_Belonging"", ""Q3_Assignments"", ""Q4_Repeating"", ""Q6_PHQ2_Interest"", ""Q7_PHQ2_Depressed"", ""Q9_GAD2_Worry""]",False
6,3,Q10_Financial_Difficulty,0.0005851842916133442,0.0011775674991009294,"[""Q13_Faculty"", ""Q16_Belonging"", ""Q3_Assignments"", ""Q4_Repeating"", ""Q6_PHQ2_Interest"", ""Q7_PHQ2_Depressed"", ""Q9_GAD2_Worry""]",False
6,3,Q11_Internet_Access,-0.01660149528691235,0.0,"[""Q13_Faculty"", ""Q16_Belonging"", ""Q3_Assignments"", ""Q4_Repeating"", ""Q6_PHQ2_Interest"", ""Q7_PHQ2_Depressed"", ""Q9_GAD2_Worry""]",False
6,3,Q12_Outside_Responsibilities,0.013931619392973623,0.02803462506107342,"[""Q13_Faculty"", ""Q16_Belonging"", ""Q3_Assignments"", ""Q4_Repeating"", ""Q6_PHQ2_Interest"", ""Q7_PHQ2_Depressed"", ""Q9_GAD2_Worry""]",False
6,3,Q14_Year,0.0014023195075919064,0.00282189029876856,"[""Q13_Faculty"", ""Q16_Belonging"", ""Q3_Assignments"", ""Q4_Repeating"", ""Q6_PHQ2_Interest"", ""Q7_PHQ2_Depressed"", ""Q9_GAD2_Worry""]",False
6,3,Q16_Belonging,0.05347496027405738,0.1076077675647016,"[""Q13_Faculty"", ""Q16_Belonging"", ""Q3_Assignments"", ""Q4_Repeating"", ""Q6_PHQ2_Interest"", ""Q7_PHQ2_Depressed"", ""Q9_GAD2_Worry""]",False
6,3,Q13_Faculty,0.08380987616722571,0.16865077838317705,"[""Q13_Faculty"", ""Q16_Belonging"", ""Q3_Assignments"", ""Q4_Repeating"", ""Q6_PHQ2_Interest"", ""Q7_PHQ2_Depressed"", ""Q9_GAD2_Worry""]",False
6,4,Q1_Academic_Performance,0.018250190358567293,0.05775083766276779,"[""Q13_Faculty"", ""Q16_Belonging"", ""Q3_Assignments"", ""Q4_Repeating"", ""Q6_PHQ2_Interest"", ""Q7_PHQ2_Depressed"", ""Q9_GAD2_Worry""]",False
6,4,Q2_Attendance,0.06452113193988811,0.2041704411444296,"[""Q13_Faculty"", ""Q16_Belonging"", ""Q3_Assignments"", ""Q4_Repeating"", ""Q6_PHQ2_Interest"", ""Q7_PHQ2_Depressed"", ""Q9_GAD2_Worry""]",False
6,4,Q3_Assignments,0.028646199378429514,0.09064793174512588,"[""Q13_Faculty"", ""Q16_Belonging"", ""Q3_Assignments"", ""Q4_Repeating"", ""Q6_PHQ2_Interest"", ""Q7_PHQ2_Depressed"", ""Q9_GAD2_Worry""]",False
6,4,Q4_Repeating,0.04664552255506719,0.14760492618687038,"[""Q13_Faculty"", ""Q16_Belonging"", ""Q3_Assignments"", ""Q4_Repeating"", ""Q6_PHQ2_Interest"", ""Q7_PHQ2_Depressed"", ""Q9_GAD2_Worry""]",False
6,4,Q6_PHQ2_Interest,0.02484606779874512,0.0786228088481207,"[""Q13_Faculty"", ""Q16_Belonging"", ""Q3_Assignments"", ""Q4_Repeating"", ""Q6_PHQ2_Interest"", ""Q7_PHQ2_Depressed"", ""Q9_GAD2_Worry""]",False
6,4,Q7_PHQ2_Depressed,0.03251734288310408,0.10289776452579005,"[""Q13_Faculty"", ""Q16_Belonging"", ""Q3_Assignments"", ""Q4_Repeating"", ""Q6_PHQ2_Interest"", ""Q7_PHQ2_Depressed"", ""Q9_GAD2_Worry""]",False
6,4,Q8_GAD2_Nervous,-0.06145365211160887,0.0,"[""Q13_Faculty"", ""Q16_Belonging"", ""Q3_Assignments"", ""Q4_Repeating"", ""Q6_PHQ2_Interest"", ""Q7_PHQ2_Depressed"", ""Q9_GAD2_Worry""]",False
6,4,Q9_GAD2_Worry,0.02496359811971675,0.07899472137908777,"[""Q13_Faculty"", ""Q16_Belonging"", ""Q3_Assignments"", ""Q4_Repeating"", ""Q6_PHQ2_Interest"", ""Q7_PHQ2_Depressed"", ""Q9_GAD2_Worry""]",False
6,4,Q10_Financial_Difficulty,0.0010215969209618147,0.003232737674517097,"[""Q13_Faculty"", ""Q16_Belonging"", ""Q3_Assignments"", ""Q4_Repeating"", ""Q6_PHQ2_Interest"", ""Q7_PHQ2_Depressed"", ""Q9_GAD2_Worry""]",False
6,4,Q11_Internet_Access,0.011732673114553862,0.037126829204323544,"[""Q13_Faculty"", ""Q16_Belonging"", ""Q3_Assignments"", ""Q4_Repeating"", ""Q6_PHQ2_Interest"", ""Q7_PHQ2_Depressed"", ""Q9_GAD2_Worry""]",False
6,4,Q12_Outside_Responsibilities,-0.0067838167608809535,0.0,"[""Q13_Faculty"", ""Q16_Belonging"", ""Q3_Assignments"", ""Q4_Repeating"", ""Q6_PHQ2_Interest"", ""Q7_PHQ2_Depressed"", ""Q9_GAD2_Worry""]",False
6,4,Q14_Year,0.01589002320765323,0.05028233309862497,"[""Q13_Faculty"", ""Q16_Belonging"", ""Q3_Assignments"", ""Q4_Repeating"", ""Q6_PHQ2_Interest"", ""Q7_PHQ2_Depressed"", ""Q9_GAD2_Worry""]",False
6,4,Q16_Belonging,0.01403070481010477,0.0443987125538227,"[""Q13_Faculty"", ""Q16_Belonging"", ""Q3_Assignments"", ""Q4_Repeating"", ""Q6_PHQ2_Interest"", ""Q7_PHQ2_Depressed"", ""Q9_GAD2_Worry""]",False
6,4,Q13_Faculty,0.03295097737565374,0.10426995597651954,"[""Q13_Faculty"", ""Q16_Belonging"", ""Q3_Assignments"", ""Q4_Repeating"", ""Q6_PHQ2_Interest"", ""Q7_PHQ2_Depressed"", ""Q9_GAD2_Worry""]",False
6,5,Q1_Academic_Performance,0.0005804349267651803,0.004180205479636794,"[""Q13_Faculty"", ""Q16_Belonging"", ""Q3_Assignments"", ""Q4_Repeating"", ""Q6_PHQ2_Interest"", ""Q7_PHQ2_Depressed"", ""Q9_GAD2_Worry""]",False
6,5,Q2_Attendance,-0.026037568010045094,0.0,"[""Q13_Faculty"", ""Q16_Belonging"", ""Q3_Assignments"", ""Q4_Repeating"", ""Q6_PHQ2_Interest"", ""Q7_PHQ2_Depressed"", ""Q9_GAD2_Worry""]",False
6,5,Q3_Assignments,0.020757230567544242,0.14949046819788656,"[""Q13_Faculty"", ""Q16_Belonging"", ""Q3_Assignments"", ""Q4_Repeating"", ""Q6_PHQ2_Interest"", ""Q7_PHQ2_Depressed"", ""Q9_GAD2_Worry""]",False
6,5,Q4_Repeating,0.024996357163788334,0.18002002355261207,"[""Q13_Faculty"", ""Q16_Belonging"", ""Q3_Assignments"", ""Q4_Repeating"", ""Q6_PHQ2_Interest"", ""Q7_PHQ2_Depressed"", ""Q9_GAD2_Worry""]",False
6,5,Q6_PHQ2_Interest,-0.007581588610226767,0.0,"[""Q13_Faculty"", ""Q16_Belonging"", ""Q3_Assignments"", ""Q4_Repeating"", ""Q6_PHQ2_Interest"", ""Q7_PHQ2_Depressed"", ""Q9_GAD2_Worry""]",False
6,5,Q7_PHQ2_Depressed,0.012342964902870623,0.08889218608792995,"[""Q13_Faculty"", ""Q16_Belonging"", ""Q3_Assignments"", ""Q4_Repeating"", ""Q6_PHQ2_Interest"", ""Q7_PHQ2_Depressed"", ""Q9_GAD2_Worry""]",False
6,5,Q8_GAD2_Nervous,-0.010083927771272386,0.0,"[""Q13_Faculty"", ""Q16_Belonging"", ""Q3_Assignments"", ""Q4_Repeating"", ""Q6_PHQ2_Interest"", ""Q7_PHQ2_Depressed"", ""Q9_GAD2_Worry""]",False
6,5,Q9_GAD2_Worry,0.040755963868868074,0.2935183525946663,"[""Q13_Faculty"", ""Q16_Belonging"", ""Q3_Assignments"", ""Q4_Repeating"", ""Q6_PHQ2_Interest"", ""Q7_PHQ2_Depressed"", ""Q9_GAD2_Worry""]",False
6,5,Q10_Financial_Difficulty,-0.04400859858612677,0.0,"[""Q13_Faculty"", ""Q16_Belonging"", ""Q3_Assignments"", ""Q4_Repeating"", ""Q6_PHQ2_Interest"", ""Q7_PHQ2_Depressed"", ""Q9_GAD2_Worry""]",False
6,5,Q11_Internet_Access,-0.009280652629276496,0.0,"[""Q13_Faculty"", ""Q16_Belonging"", ""Q3_Assignments"", ""Q4_Repeating"", ""Q6_PHQ2_Interest"", ""Q7_PHQ2_Depressed"", ""Q9_GAD2_Worry""]",False
6,5,Q12_Outside_Responsibilities,0.016546087446316783,0.11916244564246332,"[""Q13_Faculty"", ""Q16_Belonging"", ""Q3_Assignments"", ""Q4_Repeating"", ""Q6_PHQ2_Interest"", ""Q7_PHQ2_Depressed"", ""Q9_GAD2_Worry""]",False
6,5,Q14_Year,-0.0069271467427566066,0.0,"[""Q13_Faculty"", ""Q16_Belonging"", ""Q3_Assignments"", ""Q4_Repeating"", ""Q6_PHQ2_Interest"", ""Q7_PHQ2_Depressed"", ""Q9_GAD2_Worry""]",False
6,5,Q16_Belonging,0.022874165731294117,0.16473631844480505,"[""Q13_Faculty"", ""Q16_Belonging"", ""Q3_Assignments"", ""Q4_Repeating"", ""Q6_PHQ2_Interest"", ""Q7_PHQ2_Depressed"", ""Q9_GAD2_Worry""]",False
6,5,Q13_Faculty,-0.09485738569229692,0.0,"[""Q13_Faculty"", ""Q16_Belonging"", ""Q3_Assignments"", ""Q4_Repeating"", ""Q6_PHQ2_Interest"", ""Q7_PHQ2_Depressed"", ""Q9_GAD2_Worry""]",False
7,1,Q1_Academic_Performance,-0.008323167315238664,0.0,"[""Q16_Belonging"", ""Q4_Repeating"", ""Q6_PHQ2_Interest"", ""Q7_PHQ2_Depressed"", ""Q9_GAD2_Worry""]",False
7,1,Q2_Attendance,-0.01825908526582342,0.0,"[""Q16_Belonging"", ""Q4_Repeating"", ""Q6_PHQ2_Interest"", ""Q7_PHQ2_Depressed"", ""Q9_GAD2_Worry""]",False
7,1,Q3_Assignments,0.03150176563427874,0.09398854637565038,"[""Q16_Belonging"", ""Q4_Repeating"", ""Q6_PHQ2_Interest"", ""Q7_PHQ2_Depressed"", ""Q9_GAD2_Worry""]",False
7,1,Q4_Repeating,0.031316992555524684,0.09343725813095118,"[""Q16_Belonging"", ""Q4_Repeating"", ""Q6_PHQ2_Interest"", ""Q7_PHQ2_Depressed"", ""Q9_GAD2_Worry""]",False
7,1,Q6_PHQ2_Interest,0.032749387925468366,0.09771094742885268,"[""Q16_Belonging"", ""Q4_Repeating"", ""Q6_PHQ2_Interest"", ""Q7_PHQ2_Depressed"", ""Q9_GAD2_Worry""]",False
7,1,Q7_PHQ2_Depressed,0.016451906110745,0.049085843581256325,"[""Q16_Belonging"", ""Q4_Repeating"", ""Q6_PHQ2_Interest"", ""Q7_PHQ2_Depressed"", ""Q9_GAD2_Worry""]",False
7,1,Q8_GAD2_Nervous,0.04027692209032295,0.12017006931305137,"[""Q16_Belonging"", ""Q4_Repeating"", ""Q6_PHQ2_Interest"", ""Q7_PHQ2_Depressed"", ""Q9_GAD2_Worry""]",False
7,1,Q9_GAD2_Worry,0.017436380389572508,0.05202311724030889,"[""Q16_Belonging"", ""Q4_Repeating"", ""Q6_PHQ2_Interest"", ""Q7_PHQ2_Depressed"", ""Q9_GAD2_Worry""]",False
7,1,Q10_Financial_Difficulty,0.028050079845893593,0.08369010997807928,"[""Q16_Belonging"", ""Q4_Repeating"", ""Q6_PHQ2_Interest"", ""Q7_PHQ2_Depressed"", ""Q9_GAD2_Worry""]",False
7,1,Q11_Internet_Access,0.003326395072109348,0.009924619500009259,"[""Q16_Belonging"", ""Q4_Repeating"", ""Q6_PHQ2_Interest"", ""Q7_PHQ2_Depressed"", ""Q9_GAD2_Worry""]",False
7,1,Q12_Outside_Responsibilities,-0.021541411337517045,0.0,"[""Q16_Belonging"", ""Q4_Repeating"", ""Q6_PHQ2_Interest"", ""Q7_PHQ2_Depressed"", ""Q9_GAD2_Worry""]",False
7,1,Q14_Year,0.053427302257419776,0.1594054928300009,"[""Q16_Belonging"", ""Q4_Repeating"", ""Q6_PHQ2_Interest"", ""Q7_PHQ2_Depressed"", ""Q9_GAD2_Worry""]",False
7,1,Q16_Belonging,0.03933088576405049,0.11734747898090332,"[""Q16_Belonging"", ""Q4_Repeating"", ""Q6_PHQ2_Interest"", ""Q7_PHQ2_Depressed"", ""Q9_GAD2_Worry""]",False
7,1,Q13_Faculty,0.04129798767161887,0.1232165166409365,"[""Q16_Belonging"", ""Q4_Repeating"", ""Q6_PHQ2_Interest"", ""Q7_PHQ2_Depressed"", ""Q9_GAD2_Worry""]",False
7,2,Q1_Academic_Performance,-0.08034850593482232,0.0,"[""Q16_Belonging"", ""Q4_Repeating"", ""Q6_PHQ2_Interest"", ""Q7_PHQ2_Depressed"", ""Q9_GAD2_Worry""]",False
7,2,Q2_Attendance,-0.009475862188126358,0.0,"[""Q16_Belonging"", ""Q4_Repeating"", ""Q6_PHQ2_Interest"", ""Q7_PHQ2_Depressed"", ""Q9_GAD2_Worry""]",False
7,2,Q3_Assignments,-0.0023946623924924583,0.0,"[""Q16_Belonging"", ""Q4_Repeating"", ""Q6_PHQ2_Interest"", ""Q7_PHQ2_Depressed"", ""Q9_GAD2_Worry""]",False
7,2,Q4_Repeating,0.01483570556966668,0.43179297092826785,"[""Q16_Belonging"", ""Q4_Repeating"", ""Q6_PHQ2_Interest"", ""Q7_PHQ2_Depressed"", ""Q9_GAD2_Worry""]",False
7,2,Q6_PHQ2_Interest,-0.008085219805443983,0.0,"[""Q16_Belonging"", ""Q4_Repeating"", ""Q6_PHQ2_Interest"", ""Q7_PHQ2_Depressed"", ""Q9_GAD2_Worry""]",False
7,2,Q7_PHQ2_Depressed,0.019522671172254112,0.5682070290717322,"[""Q16_Belonging"", ""Q4_Repeating"", ""Q6_PHQ2_Interest"", ""Q7_PHQ2_Depressed"", ""Q9_GAD2_Worry""]",False
7,2,Q8_GAD2_Nervous,-0.009035587722766487,0.0,"[""Q16_Belonging"", ""Q4_Repeating"", ""Q6_PHQ2_Interest"", ""Q7_PHQ2_Depressed"", ""Q9_GAD2_Worry""]",False
7,2,Q9_GAD2_Worry,-0.05886461291548174,0.0,"[""Q16_Belonging"", ""Q4_Repeating"", ""Q6_PHQ2_Interest"", ""Q7_PHQ2_Depressed"", ""Q9_GAD2_Worry""]",False
7,2,Q10_Financial_Difficulty,-0.056997471239604636,0.0,"[""Q16_Belonging"", ""Q4_Repeating"", ""Q6_PHQ2_Interest"", ""Q7_PHQ2_Depressed"", ""Q9_GAD2_Worry""]",False
7,2,Q11_Internet_Access,-0.02398233750288064,0.0,"[""Q16_Belonging"", ""Q4_Repeating"", ""Q6_PHQ2_Interest"", ""Q7_PHQ2_Depressed"", ""Q9_GAD2_Worry""]",False
7,2,Q12_Outside_Responsibilities,-0.02880590505127626,0.0,"[""Q16_Belonging"", ""Q4_Repeating"", ""Q6_PHQ2_Interest"", ""Q7_PHQ2_Depressed"", ""Q9_GAD2_Worry""]",False
7,2,Q14_Year,-0.07212718089747666,0.0,"[""Q16_Belonging"", ""Q4_Repeating"", ""Q6_PHQ2_Interest"", ""Q7_PHQ2_Depressed"", ""Q9_GAD2_Worry""]",False
7,2,Q16_Belonging,-0.009100636528144168,0.0,"[""Q16_Belonging"", ""Q4_Repeating"", ""Q6_PHQ2_Interest"", ""Q7_PHQ2_Depressed"", ""Q9_GAD2_Worry""]",False
7,2,Q13_Faculty,-0.045960579604720476,0.0,"[""Q16_Belonging"", ""Q4_Repeating"", ""Q6_PHQ2_Interest"", ""Q7_PHQ2_Depressed"", ""Q9_GAD2_Worry""]",False
7,3,Q1_Academic_Performance,-0.0076942460792017945,0.0,"[""Q16_Belonging"", ""Q4_Repeating"", ""Q6_PHQ2_Interest"", ""Q7_PHQ2_Depressed"", ""Q9_GAD2_Worry""]",False
7,3,Q2_Attendance,-0.0004907179453057075,0.0,"[""Q16_Belonging"", ""Q4_Repeating"", ""Q6_PHQ2_Interest"", ""Q7_PHQ2_Depressed"", ""Q9_GAD2_Worry""]",False
7,3,Q3_Assignments,0.005985303413400769,0.024272131174450488,"[""Q16_Belonging"", ""Q4_Repeating"", ""Q6_PHQ2_Interest"", ""Q7_PHQ2_Depressed"", ""Q9_GAD2_Worry""]",False
7,3,Q4_Repeating,0.02061830236317899,0.0836131612698334,"[""Q16_Belonging"", ""Q4_Repeating"", ""Q6_PHQ2_Interest"", ""Q7_PHQ2_Depressed"", ""Q9_GAD2_Worry""]",False
7,3,Q6_PHQ2_Interest,0.049083195821824674,0.19904651195813935,"[""Q16_Belonging"", ""Q4_Repeating"", ""Q6_PHQ2_Interest"", ""Q7_PHQ2_Depressed"", ""Q9_GAD2_Worry""]",False
7,3,Q7_PHQ2_Depressed,0.05702702952845038,0.23126104820429538,"[""Q16_Belonging"", ""Q4_Repeating"", ""Q6_PHQ2_Interest"", ""Q7_PHQ2_Depressed"", ""Q9_GAD2_Worry""]",False
7,3,Q8_GAD2_Nervous,0.017849194084655094,0.07238362874152342,"[""Q16_Belonging"", ""Q4_Repeating"", ""Q6_PHQ2_Interest"", ""Q7_PHQ2_Depressed"", ""Q9_GAD2_Worry""]",False
7,3,Q9_GAD2_Worry,0.06499913541026055,0.2635902362729685,"[""Q16_Belonging"", ""Q4_Repeating"", ""Q6_PHQ2_Interest"", ""Q7_PHQ2_Depressed"", ""Q9_GAD2_Worry""]",False
7,3,Q10_Financial_Difficulty,-0.02210830116920006,0.0,"[""Q16_Belonging"", ""Q4_Repeating"", ""Q6_PHQ2_Interest"", ""Q7_PHQ2_Depressed"", ""Q9_GAD2_Worry""]",False
7,3,Q11_Internet_Access,0.011265546928681586,0.045685041161434285,"[""Q16_Belonging"", ""Q4_Repeating"", ""Q6_PHQ2_Interest"", ""Q7_PHQ2_Depressed"", ""Q9_GAD2_Worry""]",False
7,3,Q12_Outside_Responsibilities,-0.0004948765719608339,0.0,"[""Q16_Belonging"", ""Q4_Repeating"", ""Q6_PHQ2_Interest"", ""Q7_PHQ2_Depressed"", ""Q9_GAD2_Worry""]",False
7,3,Q14_Year,-0.001628721869020852,0.0,"[""Q16_Belonging"", ""Q4_Repeating"", ""Q6_PHQ2_Interest"", ""Q7_PHQ2_Depressed"", ""Q9_GAD2_Worry""]",False
7,3,Q16_Belonging,0.0197638822190143,0.08014824121735525,"[""Q16_Belonging"", ""Q4_Repeating"", ""Q6_PHQ2_Interest"", ""Q7_PHQ2_Depressed"", ""Q9_GAD2_Worry""]",False
7,3,Q13_Faculty,-0.02313493461801177,0.0,"[""Q16_Belonging"", ""Q4_Repeating"", ""Q6_PHQ2_Interest"", ""Q7_PHQ2_Depressed"", ""Q9_GAD2_Worry""]",False
7,4,Q1_Academic_Performance,-0.03248485388010236,0.0,"[""Q16_Belonging"", ""Q4_Repeating"", ""Q6_PHQ2_Interest"", ""Q7_PHQ2_Depressed"", ""Q9_GAD2_Worry""]",False
7,4,Q2_Attendance,0.0,0.0,"[""Q16_Belonging"", ""Q4_Repeating"", ""Q6_PHQ2_Interest"", ""Q7_PHQ2_Depressed"", ""Q9_GAD2_Worry""]",False
7,4,Q3_Assignments,-0.018523358421524527,0.0,"[""Q16_Belonging"", ""Q4_Repeating"", ""Q6_PHQ2_Interest"", ""Q7_PHQ2_Depressed"", ""Q9_GAD2_Worry""]",False
7,4,Q4_Repeating,-0.026805329293968595,0.0,"[""Q16_Belonging"", ""Q4_Repeating"", ""Q6_PHQ2_Interest"", ""Q7_PHQ2_Depressed"", ""Q9_GAD2_Worry""]",False
7,4,Q6_PHQ2_Interest,0.026561074030402743,1.0,"[""Q16_Belonging"", ""Q4_Repeating"", ""Q6_PHQ2_Interest"", ""Q7_PHQ2_Depressed"", ""Q9_GAD2_Worry""]",False
7,4,Q7_PHQ2_Depressed,-0.039466625013221325,0.0,"[""Q16_Belonging"", ""Q4_Repeating"", ""Q6_PHQ2_Interest"", ""Q7_PHQ2_Depressed"", ""Q9_GAD2_Worry""]",False
7,4,Q8_GAD2_Nervous,-0.033572650971690675,0.0,"[""Q16_Belonging"", ""Q4_Repeating"", ""Q6_PHQ2_Interest"", ""Q7_PHQ2_Depressed"", ""Q9_GAD2_Worry""]",False
7,4,Q9_GAD2_Worry,-0.015321490737901932,0.0,"[""Q16_Belonging"", ""Q4_Repeating"", ""Q6_PHQ2_Interest"", ""Q7_PHQ2_Depressed"", ""Q9_GAD2_Worry""]",False
7,4,Q10_Financial_Difficulty,-0.014528517887592473,0.0,"[""Q16_Belonging"", ""Q4_Repeating"", ""Q6_PHQ2_Interest"", ""Q7_PHQ2_Depressed"", ""Q9_GAD2_Worry""]",False
7,4,Q11_Internet_Access,-0.02344781671233732,0.0,"[""Q16_Belonging"", ""Q4_Repeating"", ""Q6_PHQ2_Interest"", ""Q7_PHQ2_Depressed"", ""Q9_GAD2_Worry""]",False
7,4,Q12_Outside_Responsibilities,-0.023937353615609648,0.0,"[""Q16_Belonging"", ""Q4_Repeating"", ""Q6_PHQ2_Interest"", ""Q7_PHQ2_Depressed"", ""Q9_GAD2_Worry""]",False
7,4,Q14_Year,-0.06443987013523156,0.0,"[""Q16_Belonging"", ""Q4_Repeating"", ""Q6_PHQ2_Interest"", ""Q7_PHQ2_Depressed"", ""Q9_GAD2_Worry""]",False
7,4,Q16_Belonging,-0.019028797939669943,0.0,"[""Q16_Belonging"", ""Q4_Repeating"", ""Q6_PHQ2_Interest"", ""Q7_PHQ2_Depressed"", ""Q9_GAD2_Worry""]",False
7,4,Q13_Faculty,-0.007718147878542631,0.0,"[""Q16_Belonging"", ""Q4_Repeating"", ""Q6_PHQ2_Interest"", ""Q7_PHQ2_Depressed"", ""Q9_GAD2_Worry""]",False
7,5,Q1_Academic_Performance,-0.0012118715584779228,0.0,"[""Q16_Belonging"", ""Q4_Repeating"", ""Q6_PHQ2_Interest"", ""Q7_PHQ2_Depressed"", ""Q9_GAD2_Worry""]",False
7,5,Q2_Attendance,0.015256242354237065,0.017186194785915036,"[""Q16_Belonging"", ""Q4_Repeating"", ""Q6_PHQ2_Interest"", ""Q7_PHQ2_Depressed"", ""Q9_GAD2_Worry""]",False
7,5,Q3_Assignments,0.06389182708366355,0.07197430140344381,"[""Q16_Belonging"", ""Q4_Repeating"", ""Q6_PHQ2_Interest"", ""Q7_PHQ2_Depressed"", ""Q9_GAD2_Worry""]",False
7,5,Q4_Repeating,0.0239584184386614,0.026989217691271022,"[""Q16_Belonging"", ""Q4_Repeating"", ""Q6_PHQ2_Interest"", ""Q7_PHQ2_Depressed"", ""Q9_GAD2_Worry""]",False
7,5,Q6_PHQ2_Interest,0.15170618629986604,0.17089739448545857,"[""Q16_Belonging"", ""Q4_Repeating"", ""Q6_PHQ2_Interest"", ""Q7_PHQ2_Depressed"", ""Q9_GAD2_Worry""]",False
7,5,Q7_PHQ2_Depressed,0.23784090040362194,0.2679283631895658,"[""Q16_Belonging"", ""Q4_Repeating"", ""Q6_PHQ2_Interest"", ""Q7_PHQ2_Depressed"", ""Q9_GAD2_Worry""]",False
7,5,Q8_GAD2_Nervous,0.0401454722103317,0.04522397384357772,"[""Q16_Belonging"", ""Q4_Repeating"", ""Q6_PHQ2_Interest"", ""Q7_PHQ2_Depressed"", ""Q9_GAD2_Worry""]",False
7,5,Q9_GAD2_Worry,0.08681082686868058,0.097792611407824,"[""Q16_Belonging"", ""Q4_Repeating"", ""Q6_PHQ2_Interest"", ""Q7_PHQ2_Depressed"", ""Q9_GAD2_Worry""]",False
7,5,Q10_Financial_Difficulty,0.03782342664086147,0.04260818376027434,"[""Q16_Belonging"", ""Q4_Repeating"", ""Q6_PHQ2_Interest"", ""Q7_PHQ2_Depressed"", ""Q9_GAD2_Worry""]",False
7,5,Q11_Internet_Access,0.01941874457508084,0.02187526384389032,"[""Q16_Belonging"", ""Q4_Repeating"", ""Q6_PHQ2_Interest"", ""Q7_PHQ2_Depressed"", ""Q9_GAD2_Worry""]",False
7,5,Q12_Outside_Responsibilities,0.08456949608695723,0.09526774673276417,"[""Q16_Belonging"", ""Q4_Repeating"", ""Q6_PHQ2_Interest"", ""Q7_PHQ2_Depressed"", ""Q9_GAD2_Worry""]",False
7,5,Q14_Year,0.01374985752301926,0.015489248543797504,"[""Q16_Belonging"", ""Q4_Repeating"", ""Q6_PHQ2_Interest"", ""Q7_PHQ2_Depressed"", ""Q9_GAD2_Worry""]",False
7,5,Q16_Belonging,0.07633074867318748,0.08598677737233207,"[""Q16_Belonging"", ""Q4_Repeating"", ""Q6_PHQ2_Interest"", ""Q7_PHQ2_Depressed"", ""Q9_GAD2_Worry""]",False
7,5,Q13_Faculty,0.03620118358380193,0.0407807229398856,"[""Q16_Belonging"", ""Q4_Repeating"", ""Q6_PHQ2_Interest"", ""Q7_PHQ2_Depressed"", ""Q9_GAD2_Worry""]",False
8,1,Q1_Academic_Performance,-0.02093791001474487,0.0,"[""Q10_Financial_Difficulty"", ""Q16_Belonging"", ""Q1_Academic_Performance"", ""Q4_Repeating"", ""Q6_PHQ2_Interest"", ""Q7_PHQ2_Depressed"", ""Q8_GAD2_Nervous"", ""Q9_GAD2_Worry""]",False
8,1,Q2_Attendance,-0.005672455787134684,0.0,"[""Q10_Financial_Difficulty"", ""Q16_Belonging"", ""Q1_Academic_Performance"", ""Q4_Repeating"", ""Q6_PHQ2_Interest"", ""Q7_PHQ2_Depressed"", ""Q8_GAD2_Nervous"", ""Q9_GAD2_Worry""]",False
8,1,Q3_Assignments,0.054445318846630716,0.13286268088648,"[""Q10_Financial_Difficulty"", ""Q16_Belonging"", ""Q1_Academic_Performance"", ""Q4_Repeating"", ""Q6_PHQ2_Interest"", ""Q7_PHQ2_Depressed"", ""Q8_GAD2_Nervous"", ""Q9_GAD2_Worry""]",False
8,1,Q4_Repeating,-0.01654413039921889,0.0,"[""Q10_Financial_Difficulty"", ""Q16_Belonging"", ""Q1_Academic_Performance"", ""Q4_Repeating"", ""Q6_PHQ2_Interest"", ""Q7_PHQ2_Depressed"", ""Q8_GAD2_Nervous"", ""Q9_GAD2_Worry""]",False
8,1,Q6_PHQ2_Interest,0.051410043088730074,0.12545571031550357,"[""Q10_Financial_Difficulty"", ""Q16_Belonging"", ""Q1_Academic_Performance"", ""Q4_Repeating"", ""Q6_PHQ2_Interest"", ""Q7_PHQ2_Depressed"", ""Q8_GAD2_Nervous"", ""Q9_GAD2_Worry""]",False
8,1,Q7_PHQ2_Depressed,0.19367991947583407,0.4726362868389985,"[""Q10_Financial_Difficulty"", ""Q16_Belonging"", ""Q1_Academic_Performance"", ""Q4_Repeating"", ""Q6_PHQ2_Interest"", ""Q7_PHQ2_Depressed"", ""Q8_GAD2_Nervous"", ""Q9_GAD2_Worry""]",False
8,1,Q8_GAD2_Nervous,-0.008284024224391184,0.0,"[""Q10_Financial_Difficulty"", ""Q16_Belonging"", ""Q1_Academic_Performance"", ""Q4_Repeating"", ""Q6_PHQ2_Interest"", ""Q7_PHQ2_Depressed"", ""Q8_GAD2_Nervous"", ""Q9_GAD2_Worry""]",False
8,1,Q9_GAD2_Worry,0.05569445032782263,0.13591093114722996,"[""Q10_Financial_Difficulty"", ""Q16_Belonging"", ""Q1_Academic_Performance"", ""Q4_Repeating"", ""Q6_PHQ2_Interest"", ""Q7_PHQ2_Depressed"", ""Q8_GAD2_Nervous"", ""Q9_GAD2_Worry""]",False
8,1,Q10_Financial_Difficulty,0.002938896688896686,0.0071717771372621295,"[""Q10_Financial_Difficulty"", ""Q16_Belonging"", ""Q1_Academic_Performance"", ""Q4_Repeating"", ""Q6_PHQ2_Interest"", ""Q7_PHQ2_Depressed"", ""Q8_GAD2_Nervous"", ""Q9_GAD2_Worry""]",False
8,1,Q11_Internet_Access,-0.013183990562028718,0.0,"[""Q10_Financial_Difficulty"", ""Q16_Belonging"", ""Q1_Academic_Performance"", ""Q4_Repeating"", ""Q6_PHQ2_Interest"", ""Q7_PHQ2_Depressed"", ""Q8_GAD2_Nervous"", ""Q9_GAD2_Worry""]",False
8,1,Q12_Outside_Responsibilities,-0.005203378941911035,0.0,"[""Q10_Financial_Difficulty"", ""Q16_Belonging"", ""Q1_Academic_Performance"", ""Q4_Repeating"", ""Q6_PHQ2_Interest"", ""Q7_PHQ2_Depressed"", ""Q8_GAD2_Nervous"", ""Q9_GAD2_Worry""]",False
8,1,Q14_Year,0.001801688555007125,0.00439665294669403,"[""Q10_Financial_Difficulty"", ""Q16_Belonging"", ""Q1_Academic_Performance"", ""Q4_Repeating"", ""Q6_PHQ2_Interest"", ""Q7_PHQ2_Depressed"", ""Q8_GAD2_Nervous"", ""Q9_GAD2_Worry""]",False
8,1,Q16_Belonging,0.024510347088566753,0.059812496145325335,"[""Q10_Financial_Difficulty"", ""Q16_Belonging"", ""Q1_Academic_Performance"", ""Q4_Repeating"", ""Q6_PHQ2_Interest"", ""Q7_PHQ2_Depressed"", ""Q8_GAD2_Nervous"", ""Q9_GAD2_Worry""]",False
8,1,Q13_Faculty,0.025305729544561763,0.061753464582506405,"[""Q10_Financial_Difficulty"", ""Q16_Belonging"", ""Q1_Academic_Performance"", ""Q4_Repeating"", ""Q6_PHQ2_Interest"", ""Q7_PHQ2_Depressed"", ""Q8_GAD2_Nervous"", ""Q9_GAD2_Worry""]",False
8,2,Q1_Academic_Performance,0.02177529940688566,0.0739856608627895,"[""Q10_Financial_Difficulty"", ""Q16_Belonging"", ""Q1_Academic_Performance"", ""Q4_Repeating"", ""Q6_PHQ2_Interest"", ""Q7_PHQ2_Depressed"", ""Q8_GAD2_Nervous"", ""Q9_GAD2_Worry""]",False
8,2,Q2_Attendance,-0.004707118132667438,0.0,"[""Q10_Financial_Difficulty"", ""Q16_Belonging"", ""Q1_Academic_Performance"", ""Q4_Repeating"", ""Q6_PHQ2_Interest"", ""Q7_PHQ2_Depressed"", ""Q8_GAD2_Nervous"", ""Q9_GAD2_Worry""]",False
8,2,Q3_Assignments,-0.0013034814303361842,0.0,"[""Q10_Financial_Difficulty"", ""Q16_Belonging"", ""Q1_Academic_Performance"", ""Q4_Repeating"", ""Q6_PHQ2_Interest"", ""Q7_PHQ2_Depressed"", ""Q8_GAD2_Nervous"", ""Q9_GAD2_Worry""]",False
8,2,Q4_Repeating,-0.010863669612126689,0.0,"[""Q10_Financial_Difficulty"", ""Q16_Belonging"", ""Q1_Academic_Performance"", ""Q4_Repeating"", ""Q6_PHQ2_Interest"", ""Q7_PHQ2_Depressed"", ""Q8_GAD2_Nervous"", ""Q9_GAD2_Worry""]",False
8,2,Q6_PHQ2_Interest,0.04549096662259719,0.15456408501991376,"[""Q10_Financial_Difficulty"", ""Q16_Belonging"", ""Q1_Academic_Performance"", ""Q4_Repeating"", ""Q6_PHQ2_Interest"", ""Q7_PHQ2_Depressed"", ""Q8_GAD2_Nervous"", ""Q9_GAD2_Worry""]",False
8,2,Q7_PHQ2_Depressed,0.08250943307122127,0.280341262782273,"[""Q10_Financial_Difficulty"", ""Q16_Belonging"", ""Q1_Academic_Performance"", ""Q4_Repeating"", ""Q6_PHQ2_Interest"", ""Q7_PHQ2_Depressed"", ""Q8_GAD2_Nervous"", ""Q9_GAD2_Worry""]",False
8,2,Q8_GAD2_Nervous,0.025594051359379543,0.086960586332103,"[""Q10_Financial_Difficulty"", ""Q16_Belonging"", ""Q1_Academic_Performance"", ""Q4_Repeating"", ""Q6_PHQ2_Interest"", ""Q7_PHQ2_Depressed"", ""Q8_GAD2_Nervous"", ""Q9_GAD2_Worry""]",False
8,2,Q9_GAD2_Worry,0.014901920721506276,0.050632068570175603,"[""Q10_Financial_Difficulty"", ""Q16_Belonging"", ""Q1_Academic_Performance"", ""Q4_Repeating"", ""Q6_PHQ2_Interest"", ""Q7_PHQ2_Depressed"", ""Q8_GAD2_Nervous"", ""Q9_GAD2_Worry""]",False
8,2,Q10_Financial_Difficulty,-0.05762054017893762,0.0,"[""Q10_Financial_Difficulty"", ""Q16_Belonging"", ""Q1_Academic_Performance"", ""Q4_Repeating"", ""Q6_PHQ2_Interest"", ""Q7_PHQ2_Depressed"", ""Q8_GAD2_Nervous"", ""Q9_GAD2_Worry""]",False
8,2,Q11_Internet_Access,-0.02764635338159923,0.0,"[""Q10_Financial_Difficulty"", ""Q16_Belonging"", ""Q1_Academic_Performance"", ""Q4_Repeating"", ""Q6_PHQ2_Interest"", ""Q7_PHQ2_Depressed"", ""Q8_GAD2_Nervous"", ""Q9_GAD2_Worry""]",False
8,2,Q12_Outside_Responsibilities,0.033266836134256995,0.11303031063852291,"[""Q10_Financial_Difficulty"", ""Q16_Belonging"", ""Q1_Academic_Performance"", ""Q4_Repeating"", ""Q6_PHQ2_Interest"", ""Q7_PHQ2_Depressed"", ""Q8_GAD2_Nervous"", ""Q9_GAD2_Worry""]",False
8,2,Q14_Year,-0.007560495452774846,0.0,"[""Q10_Financial_Difficulty"", ""Q16_Belonging"", ""Q1_Academic_Performance"", ""Q4_Repeating"", ""Q6_PHQ2_Interest"", ""Q7_PHQ2_Depressed"", ""Q8_GAD2_Nervous"", ""Q9_GAD2_Worry""]",False
8,2,Q16_Belonging,0.0339493662592293,0.11534933465795247,"[""Q10_Financial_Difficulty"", ""Q16_Belonging"", ""Q1_Academic_Performance"", ""Q4_Repeating"", ""Q6_PHQ2_Interest"", ""Q7_PHQ2_Depressed"", ""Q8_GAD2_Nervous"", ""Q9_GAD2_Worry""]",False
8,2,Q13_Faculty,0.03682995981251971,0.1251366911362698,"[""Q10_Financial_Difficulty"", ""Q16_Belonging"", ""Q1_Academic_Performance"", ""Q4_Repeating"", ""Q6_PHQ2_Interest"", ""Q7_PHQ2_Depressed"", ""Q8_GAD2_Nervous"", ""Q9_GAD2_Worry""]",False
8,3,Q1_Academic_Performance,0.03756818745350859,0.0661933343817918,"[""Q10_Financial_Difficulty"", ""Q16_Belonging"", ""Q1_Academic_Performance"", ""Q4_Repeating"", ""Q6_PHQ2_Interest"", ""Q7_PHQ2_Depressed"", ""Q8_GAD2_Nervous"", ""Q9_GAD2_Worry""]",False
8,3,Q2_Attendance,0.02213827809086323,0.0390065782683574,"[""Q10_Financial_Difficulty"", ""Q16_Belonging"", ""Q1_Academic_Performance"", ""Q4_Repeating"", ""Q6_PHQ2_Interest"", ""Q7_PHQ2_Depressed"", ""Q8_GAD2_Nervous"", ""Q9_GAD2_Worry""]",False
8,3,Q3_Assignments,0.012590861889927325,0.02218449139358418,"[""Q10_Financial_Difficulty"", ""Q16_Belonging"", ""Q1_Academic_Performance"", ""Q4_Repeating"", ""Q6_PHQ2_Interest"", ""Q7_PHQ2_Depressed"", ""Q8_GAD2_Nervous"", ""Q9_GAD2_Worry""]",False
8,3,Q4_Repeating,0.02775328670232572,0.048899952630246275,"[""Q10_Financial_Difficulty"", ""Q16_Belonging"", ""Q1_Academic_Performance"", ""Q4_Repeating"", ""Q6_PHQ2_Interest"", ""Q7_PHQ2_Depressed"", ""Q8_GAD2_Nervous"", ""Q9_GAD2_Worry""]",False
8,3,Q6_PHQ2_Interest,0.11391993377761352,0.20072142896499792,"[""Q10_Financial_Difficulty"", ""Q16_Belonging"", ""Q1_Academic_Performance"", ""Q4_Repeating"", ""Q6_PHQ2_Interest"", ""Q7_PHQ2_Depressed"", ""Q8_GAD2_Nervous"", ""Q9_GAD2_Worry""]",False
8,3,Q7_PHQ2_Depressed,0.12508071963729522,0.22038619536576526,"[""Q10_Financial_Difficulty"", ""Q16_Belonging"", ""Q1_Academic_Performance"", ""Q4_Repeating"", ""Q6_PHQ2_Interest"", ""Q7_PHQ2_Depressed"", ""Q8_GAD2_Nervous"", ""Q9_GAD2_Worry""]",False
8,3,Q8_GAD2_Nervous,0.0593916860029539,0.10464528627996808,"[""Q10_Financial_Difficulty"", ""Q16_Belonging"", ""Q1_Academic_Performance"", ""Q4_Repeating"", ""Q6_PHQ2_Interest"", ""Q7_PHQ2_Depressed"", ""Q8_GAD2_Nervous"", ""Q9_GAD2_Worry""]",False
8,3,Q9_GAD2_Worry,0.0697898246776311,0.1229663051231827,"[""Q10_Financial_Difficulty"", ""Q16_Belonging"", ""Q1_Academic_Performance"", ""Q4_Repeating"", ""Q6_PHQ2_Interest"", ""Q7_PHQ2_Depressed"", ""Q8_GAD2_Nervous"", ""Q9_GAD2_Worry""]",False
8,3,Q10_Financial_Difficulty,0.022010720975233846,0.038781828782689994,"[""Q10_Financial_Difficulty"", ""Q16_Belonging"", ""Q1_Academic_Performance"", ""Q4_Repeating"", ""Q6_PHQ2_Interest"", ""Q7_PHQ2_Depressed"", ""Q8_GAD2_Nervous"", ""Q9_GAD2_Worry""]",False
8,3,Q11_Internet_Access,0.040823660524771474,0.07192932092209793,"[""Q10_Financial_Difficulty"", ""Q16_Belonging"", ""Q1_Academic_Performance"", ""Q4_Repeating"", ""Q6_PHQ2_Interest"", ""Q7_PHQ2_Depressed"", ""Q8_GAD2_Nervous"", ""Q9_GAD2_Worry""]",False
8,3,Q12_Outside_Responsibilities,0.015362277503175467,0.027067592038928733,"[""Q10_Financial_Difficulty"", ""Q16_Belonging"", ""Q1_Academic_Performance"", ""Q4_Repeating"", ""Q6_PHQ2_Interest"", ""Q7_PHQ2_Depressed"", ""Q8_GAD2_Nervous"", ""Q9_GAD2_Worry""]",False
8,3,Q14_Year,-0.0005554225737711554,0.0,"[""Q10_Financial_Difficulty"", ""Q16_Belonging"", ""Q1_Academic_Performance"", ""Q4_Repeating"", ""Q6_PHQ2_Interest"", ""Q7_PHQ2_Depressed"", ""Q8_GAD2_Nervous"", ""Q9_GAD2_Worry""]",False
8,3,Q16_Belonging,0.02112298785967658,0.03721768584838977,"[""Q10_Financial_Difficulty"", ""Q16_Belonging"", ""Q1_Academic_Performance"", ""Q4_Repeating"", ""Q6_PHQ2_Interest"", ""Q7_PHQ2_Depressed"", ""Q8_GAD2_Nervous"", ""Q9_GAD2_Worry""]",False
8,3,Q13_Faculty,-0.013420333618788962,0.0,"[""Q10_Financial_Difficulty"", ""Q16_Belonging"", ""Q1_Academic_Performance"", ""Q4_Repeating"", ""Q6_PHQ2_Interest"", ""Q7_PHQ2_Depressed"", ""Q8_GAD2_Nervous"", ""Q9_GAD2_Worry""]",False
8,4,Q1_Academic_Performance,-0.02422526894863163,0.0,"[""Q10_Financial_Difficulty"", ""Q16_Belonging"", ""Q1_Academic_Performance"", ""Q4_Repeating"", ""Q6_PHQ2_Interest"", ""Q7_PHQ2_Depressed"", ""Q8_GAD2_Nervous"", ""Q9_GAD2_Worry""]",False
8,4,Q2_Attendance,-0.03902266984360801,0.0,"[""Q10_Financial_Difficulty"", ""Q16_Belonging"", ""Q1_Academic_Performance"", ""Q4_Repeating"", ""Q6_PHQ2_Interest"", ""Q7_PHQ2_Depressed"", ""Q8_GAD2_Nervous"", ""Q9_GAD2_Worry""]",False
8,4,Q3_Assignments,-0.03553655449178266,0.0,"[""Q10_Financial_Difficulty"", ""Q16_Belonging"", ""Q1_Academic_Performance"", ""Q4_Repeating"", ""Q6_PHQ2_Interest"", ""Q7_PHQ2_Depressed"", ""Q8_GAD2_Nervous"", ""Q9_GAD2_Worry""]",False
8,4,Q4_Repeating,0.008921429439315915,0.2776779119844648,"[""Q10_Financial_Difficulty"", ""Q16_Belonging"", ""Q1_Academic_Performance"", ""Q4_Repeating"", ""Q6_PHQ2_Interest"", ""Q7_PHQ2_Depressed"", ""Q8_GAD2_Nervous"", ""Q9_GAD2_Worry""]",False
8,4,Q6_PHQ2_Interest,-0.005932756560085337,0.0,"[""Q10_Financial_Difficulty"", ""Q16_Belonging"", ""Q1_Academic_Performance"", ""Q4_Repeating"", ""Q6_PHQ2_Interest"", ""Q7_PHQ2_Depressed"", ""Q8_GAD2_Nervous"", ""Q9_GAD2_Worry""]",False
8,4,Q7_PHQ2_Depressed,-0.027142894592890543,0.0,"[""Q10_Financial_Difficulty"", ""Q16_Belonging"", ""Q1_Academic_Performance"", ""Q4_Repeating"", ""Q6_PHQ2_Interest"", ""Q7_PHQ2_Depressed"", ""Q8_GAD2_Nervous"", ""Q9_GAD2_Worry""]",False
8,4,Q8_GAD2_Nervous,0.01650908437032293,0.5138423285089777,"[""Q10_Financial_Difficulty"", ""Q16_Belonging"", ""Q1_Academic_Performance"", ""Q4_Repeating"", ""Q6_PHQ2_Interest"", ""Q7_PHQ2_Depressed"", ""Q8_GAD2_Nervous"", ""Q9_GAD2_Worry""]",False
8,4,Q9_GAD2_Worry,-0.009153192984334996,0.0,"[""Q10_Financial_Difficulty"", ""Q16_Belonging"", ""Q1_Academic_Performance"", ""Q4_Repeating"", ""Q6_PHQ2_Interest"", ""Q7_PHQ2_Depressed"", ""Q8_GAD2_Nervous"", ""Q9_GAD2_Worry""]",False
8,4,Q10_Financial_Difficulty,0.006698182979953266,0.20847975950655737,"[""Q10_Financial_Difficulty"", ""Q16_Belonging"", ""Q1_Academic_Performance"", ""Q4_Repeating"", ""Q6_PHQ2_Interest"", ""Q7_PHQ2_Depressed"", ""Q8_GAD2_Nervous"", ""Q9_GAD2_Worry""]",False
8,4,Q11_Internet_Access,-0.00036640942528126663,0.0,"[""Q10_Financial_Difficulty"", ""Q16_Belonging"", ""Q1_Academic_Performance"", ""Q4_Repeating"", ""Q6_PHQ2_Interest"", ""Q7_PHQ2_Depressed"", ""Q8_GAD2_Nervous"", ""Q9_GAD2_Worry""]",False
8,4,Q12_Outside_Responsibilities,-0.05897569650366776,0.0,"[""Q10_Financial_Difficulty"", ""Q16_Belonging"", ""Q1_Academic_Performance"", ""Q4_Repeating"", ""Q6_PHQ2_Interest"", ""Q7_PHQ2_Depressed"", ""Q8_GAD2_Nervous"", ""Q9_GAD2_Worry""]",False
8,4,Q14_Year,-0.04899549277194521,0.0,"[""Q10_Financial_Difficulty"", ""Q16_Belonging"", ""Q1_Academic_Performance"", ""Q4_Repeating"", ""Q6_PHQ2_Interest"", ""Q7_PHQ2_Depressed"", ""Q8_GAD2_Nervous"", ""Q9_GAD2_Worry""]",False
8,4,Q16_Belonging,-0.032004569862295884,0.0,"[""Q10_Financial_Difficulty"", ""Q16_Belonging"", ""Q1_Academic_Performance"", ""Q4_Repeating"", ""Q6_PHQ2_Interest"", ""Q7_PHQ2_Depressed"", ""Q8_GAD2_Nervous"", ""Q9_GAD2_Worry""]",False
8,4,Q13_Faculty,-0.04244761190629023,0.0,"[""Q10_Financial_Difficulty"", ""Q16_Belonging"", ""Q1_Academic_Performance"", ""Q4_Repeating"", ""Q6_PHQ2_Interest"", ""Q7_PHQ2_Depressed"", ""Q8_GAD2_Nervous"", ""Q9_GAD2_Worry""]",False
8,5,Q1_Academic_Performance,0.06883853117196267,0.1380858118030459,"[""Q10_Financial_Difficulty"", ""Q16_Belonging"", ""Q1_Academic_Performance"", ""Q4_Repeating"", ""Q6_PHQ2_Interest"", ""Q7_PHQ2_Depressed"", ""Q8_GAD2_Nervous"", ""Q9_GAD2_Worry""]",False
8,5,Q2_Attendance,0.003309770372275736,0.006639193500449203,"[""Q10_Financial_Difficulty"", ""Q16_Belonging"", ""Q1_Academic_Performance"", ""Q4_Repeating"", ""Q6_PHQ2_Interest"", ""Q7_PHQ2_Depressed"", ""Q8_GAD2_Nervous"", ""Q9_GAD2_Worry""]",False
8,5,Q3_Assignments,0.04684112917287417,0.09396039162209875,"[""Q10_Financial_Difficulty"", ""Q16_Belonging"", ""Q1_Academic_Performance"", ""Q4_Repeating"", ""Q6_PHQ2_Interest"", ""Q7_PHQ2_Depressed"", ""Q8_GAD2_Nervous"", ""Q9_GAD2_Worry""]",False
8,5,Q4_Repeating,0.05625520610435515,0.11284444439499315,"[""Q10_Financial_Difficulty"", ""Q16_Belonging"", ""Q1_Academic_Performance"", ""Q4_Repeating"", ""Q6_PHQ2_Interest"", ""Q7_PHQ2_Depressed"", ""Q8_GAD2_Nervous"", ""Q9_GAD2_Worry""]",False
8,5,Q6_PHQ2_Interest,0.009326271435946623,0.018707920410317647,"[""Q10_Financial_Difficulty"", ""Q16_Belonging"", ""Q1_Academic_Performance"", ""Q4_Repeating"", ""Q6_PHQ2_Interest"", ""Q7_PHQ2_Depressed"", ""Q8_GAD2_Nervous"", ""Q9_GAD2_Worry""]",False
8,5,Q7_PHQ2_Depressed,0.00715689247526344,0.014356281149653212,"[""Q10_Financial_Difficulty"", ""Q16_Belonging"", ""Q1_Academic_Performance"", ""Q4_Repeating"", ""Q6_PHQ2_Interest"", ""Q7_PHQ2_Depressed"", ""Q8_GAD2_Nervous"", ""Q9_GAD2_Worry""]",False
8,5,Q8_GAD2_Nervous,0.04514336816642612,0.09055478864319005,"[""Q10_Financial_Difficulty"", ""Q16_Belonging"", ""Q1_Academic_Performance"", ""Q4_Repeating"", ""Q6_PHQ2_Interest"", ""Q7_PHQ2_Depressed"", ""Q8_GAD2_Nervous"", ""Q9_GAD2_Worry""]",False
8,5,Q9_GAD2_Worry,0.011934821573309055,0.02394050973513674,"[""Q10_Financial_Difficulty"", ""Q16_Belonging"", ""Q1_Academic_Performance"", ""Q4_Repeating"", ""Q6_PHQ2_Interest"", ""Q7_PHQ2_Depressed"", ""Q8_GAD2_Nervous"", ""Q9_GAD2_Worry""]",False
8,5,Q10_Financial_Difficulty,0.06772070830783761,0.1358435286657267,"[""Q10_Financial_Difficulty"", ""Q16_Belonging"", ""Q1_Academic_Performance"", ""Q4_Repeating"", ""Q6_PHQ2_Interest"", ""Q7_PHQ2_Depressed"", ""Q8_GAD2_Nervous"", ""Q9_GAD2_Worry""]",False
8,5,Q11_Internet_Access,0.0543634952677559,0.10904979012039963,"[""Q10_Financial_Difficulty"", ""Q16_Belonging"", ""Q1_Academic_Performance"", ""Q4_Repeating"", ""Q6_PHQ2_Interest"", ""Q7_PHQ2_Depressed"", ""Q8_GAD2_Nervous"", ""Q9_GAD2_Worry""]",False
8,5,Q12_Outside_Responsibilities,0.04283316835186239,0.08592067150863959,"[""Q10_Financial_Difficulty"", ""Q16_Belonging"", ""Q1_Academic_Performance"", ""Q4_Repeating"", ""Q6_PHQ2_Interest"", ""Q7_PHQ2_Depressed"", ""Q8_GAD2_Nervous"", ""Q9_GAD2_Worry""]",False
8,5,Q14_Year,-0.02342388183884795,0.0,"[""Q10_Financial_Difficulty"", ""Q16_Belonging"", ""Q1_Academic_Performance"", ""Q4_Repeating"", ""Q6_PHQ2_Interest"", ""Q7_PHQ2_Depressed"", ""Q8_GAD2_Nervous"", ""Q9_GAD2_Worry""]",False
8,5,Q16_Belonging,0.06312459815678755,0.1266240175788536,"[""Q10_Financial_Difficulty"", ""Q16_Belonging"", ""Q1_Academic_Performance"", ""Q4_Repeating"", ""Q6_PHQ2_Interest"", ""Q7_PHQ2_Depressed"", ""Q8_GAD2_Nervous"", ""Q9_GAD2_Worry""]",False
8,5,Q13_Faculty,0.021671983477479513,0.04347265086749575,"[""Q10_Financial_Difficulty"", ""Q16_Belonging"", ""Q1_Academic_Performance"", ""Q4_Repeating"", ""Q6_PHQ2_Interest"", ""Q7_PHQ2_Depressed"", ""Q8_GAD2_Nervous"", ""Q9_GAD2_Worry""]",False
9,1,Q1_Academic_Performance,-0.010724887769492666,0.0,"[""Q13_Faculty"", ""Q2_Attendance"", ""Q4_Repeating"", ""Q6_PHQ2_Interest"", ""Q7_PHQ2_Depressed"", ""Q9_GAD2_Worry""]",False
9,1,Q2_Attendance,-0.05132555731108408,0.0,"[""Q13_Faculty"", ""Q2_Attendance"", ""Q4_Repeating"", ""Q6_PHQ2_Interest"", ""Q7_PHQ2_Depressed"", ""Q9_GAD2_Worry""]",False
9,1,Q3_Assignments,-0.060932916851326825,0.0,"[""Q13_Faculty"", ""Q2_Attendance"", ""Q4_Repeating"", ""Q6_PHQ2_Interest"", ""Q7_PHQ2_Depressed"", ""Q9_GAD2_Worry""]",False
9,1,Q4_Repeating,0.04902306266263236,0.29295480251040557,"[""Q13_Faculty"", ""Q2_Attendance"", ""Q4_Repeating"", ""Q6_PHQ2_Interest"", ""Q7_PHQ2_Depressed"", ""Q9_GAD2_Worry""]",False
9,1,Q6_PHQ2_Interest,0.0017379659290296917,0.01038583552016225,"[""Q13_Faculty"", ""Q2_Attendance"", ""Q4_Repeating"", ""Q6_PHQ2_Interest"", ""Q7_PHQ2_Depressed"", ""Q9_GAD2_Worry""]",False
9,1,Q7_PHQ2_Depressed,0.03542215980248721,0.21167775462832447,"[""Q13_Faculty"", ""Q2_Attendance"", ""Q4_Repeating"", ""Q6_PHQ2_Interest"", ""Q7_PHQ2_Depressed"", ""Q9_GAD2_Worry""]",False
9,1,Q8_GAD2_Nervous,-0.05070644993967262,0.0,"[""Q13_Faculty"", ""Q2_Attendance"", ""Q4_Repeating"", ""Q6_PHQ2_Interest"", ""Q7_PHQ2_Depressed"", ""Q9_GAD2_Worry""]",False
9,1,Q9_GAD2_Worry,0.04590826194483144,0.27434119945132573,"[""Q13_Faculty"", ""Q2_Attendance"", ""Q4_Repeating"", ""Q6_PHQ2_Interest"", ""Q7_PHQ2_Depressed"", ""Q9_GAD2_Worry""]",False
9,1,Q10_Financial_Difficulty,0.028674033540637106,0.1713519183997679,"[""Q13_Faculty"", ""Q2_Attendance"", ""Q4_Repeating"", ""Q6_PHQ2_Interest"", ""Q7_PHQ2_Depressed"", ""Q9_GAD2_Worry""]",False
9,1,Q11_Internet_Access,0.002816637913780268,0.016831824838307884,"[""Q13_Faculty"", ""Q2_Attendance"", ""Q4_Repeating"", ""Q6_PHQ2_Interest"", ""Q7_PHQ2_Depressed"", ""Q9_GAD2_Worry""]",False
9,1,Q12_Outside_Responsibilities,-0.024273882585787398,0.0,"[""Q13_Faculty"", ""Q2_Attendance"", ""Q4_Repeating"", ""Q6_PHQ2_Interest"", ""Q7_PHQ2_Depressed"", ""Q9_GAD2_Worry""]",False
9,1,Q14_Year,-0.022374709781971786,0.0,"[""Q13_Faculty"", ""Q2_Attendance"", ""Q4_Repeating"", ""Q6_PHQ2_Interest"", ""Q7_PHQ2_Depressed"", ""Q9_GAD2_Worry""]",False
9,1,Q16_Belonging,-0.05758991875542931,0.0,"[""Q13_Faculty"", ""Q2_Attendance"", ""Q4_Repeating"", ""Q6_PHQ2_Interest"", ""Q7_PHQ2_Depressed"", ""Q9_GAD2_Worry""]",False
9,1,Q13_Faculty,0.0037578987235589584,0.02245666465170632,"[""Q13_Faculty"", ""Q2_Attendance"", ""Q4_Repeating"", ""Q6_PHQ2_Interest"", ""Q7_PHQ2_Depressed"", ""Q9_GAD2_Worry""]",False
9,2,Q1_Academic_Performance,0.019993578780417152,0.028758476711110766,"[""Q13_Faculty"", ""Q2_Attendance"", ""Q4_Repeating"", ""Q6_PHQ2_Interest"", ""Q7_PHQ2_Depressed"", ""Q9_GAD2_Worry""]",False
9,2,Q2_Attendance,-0.009684739301904726,0.0,"[""Q13_Faculty"", ""Q2_Attendance"", ""Q4_Repeating"", ""Q6_PHQ2_Interest"", ""Q7_PHQ2_Depressed"", ""Q9_GAD2_Worry""]",False
9,2,Q3_Assignments,0.055525870424804946,0.07986761494845247,"[""Q13_Faculty"", ""Q2_Attendance"", ""Q4_Repeating"", ""Q6_PHQ2_Interest"", ""Q7_PHQ2_Depressed"", ""Q9_GAD2_Worry""]",False
9,2,Q4_Repeating,0.016655858796602994,0.023957548199165506,"[""Q13_Faculty"", ""Q2_Attendance"", ""Q4_Repeating"", ""Q6_PHQ2_Interest"", ""Q7_PHQ2_Depressed"", ""Q9_GAD2_Worry""]",False
9,2,Q6_PHQ2_Interest,-0.004299307347084646,0.0,"[""Q13_Faculty"", ""Q2_Attendance"", ""Q4_Repeating"", ""Q6_PHQ2_Interest"", ""Q7_PHQ2_Depressed"", ""Q9_GAD2_Worry""]",False
9,2,Q7_PHQ2_Depressed,0.18586093744193793,0.2673397043937156,"[""Q13_Faculty"", ""Q2_Attendance"", ""Q4_Repeating"", ""Q6_PHQ2_Interest"", ""Q7_PHQ2_Depressed"", ""Q9_GAD2_Worry""]",False
9,2,Q8_GAD2_Nervous,-0.04149869647811861,0.0,"[""Q13_Faculty"", ""Q2_Attendance"", ""Q4_Repeating"", ""Q6_PHQ2_Interest"", ""Q7_PHQ2_Depressed"", ""Q9_GAD2_Worry""]",False
9,2,Q9_GAD2_Worry,0.14661442846148268,0.21088808925754474,"[""Q13_Faculty"", ""Q2_Attendance"", ""Q4_Repeating"", ""Q6_PHQ2_Interest"", ""Q7_PHQ2_Depressed"", ""Q9_GAD2_Worry""]",False
9,2,Q10_Financial_Difficulty,-0.018874230621851333,0.0,"[""Q13_Faculty"", ""Q2_Attendance"", ""Q4_Repeating"", ""Q6_PHQ2_Interest"", ""Q7_PHQ2_Depressed"", ""Q9_GAD2_Worry""]",False
9,2,Q11_Internet_Access,0.029320126438169437,0.04217364897998146,"[""Q13_Faculty"", ""Q2_Attendance"", ""Q4_Repeating"", ""Q6_PHQ2_Interest"", ""Q7_PHQ2_Depressed"", ""Q9_GAD2_Worry""]",False
9,2,Q12_Outside_Responsibilities,0.04270795167612061,0.0614305046208107,"[""Q13_Faculty"", ""Q2_Attendance"", ""Q4_Repeating"", ""Q6_PHQ2_Interest"", ""Q7_PHQ2_Depressed"", ""Q9_GAD2_Worry""]",False
9,2,Q14_Year,-0.015494938856957793,0.0,"[""Q13_Faculty"", ""Q2_Attendance"", ""Q4_Repeating"", ""Q6_PHQ2_Interest"", ""Q7_PHQ2_Depressed"", ""Q9_GAD2_Worry""]",False
9,2,Q16_Belonging,0.0830545434745596,0.11946446309074557,"[""Q13_Faculty"", ""Q2_Attendance"", ""Q4_Repeating"", ""Q6_PHQ2_Interest"", ""Q7_PHQ2_Depressed"", ""Q9_GAD2_Worry""]",False
9,2,Q13_Faculty,0.11549055037437098,0.166119949798473,"[""Q13_Faculty"", ""Q2_Attendance"", ""Q4_Repeating"", ""Q6_PHQ2_Interest"", ""Q7_PHQ2_Depressed"", ""Q9_GAD2_Worry""]",False
9,3,Q1_Academic_Performance,-0.007816614702525449,0.0,"[""Q13_Faculty"", ""Q2_Attendance"", ""Q4_Repeating"", ""Q6_PHQ2_Interest"", ""Q7_PHQ2_Depressed"", ""Q9_GAD2_Worry""]",False
9,3,Q2_Attendance,0.025959067346131903,0.11054017621182323,"[""Q13_Faculty"", ""Q2_Attendance"", ""Q4_Repeating"", ""Q6_PHQ2_Interest"", ""Q7_PHQ2_Depressed"", ""Q9_GAD2_Worry""]",False
9,3,Q3_Assignments,0.007263379339645755,0.030929278829325717,"[""Q13_Faculty"", ""Q2_Attendance"", ""Q4_Repeating"", ""Q6_PHQ2_Interest"", ""Q7_PHQ2_Depressed"", ""Q9_GAD2_Worry""]",False
9,3,Q4_Repeating,-0.003800366300366287,0.0,"[""Q13_Faculty"", ""Q2_Attendance"", ""Q4_Repeating"", ""Q6_PHQ2_Interest"", ""Q7_PHQ2_Depressed"", ""Q9_GAD2_Worry""]",False
9,3,Q6_PHQ2_Interest,0.006918341802093676,0.029460023031644543,"[""Q13_Faculty"", ""Q2_Attendance"", ""Q4_Repeating"", ""Q6_PHQ2_Interest"", ""Q7_PHQ2_Depressed"", ""Q9_GAD2_Worry""]",False
9,3,Q7_PHQ2_Depressed,0.12223831736093271,0.5205212098241156,"[""Q13_Faculty"", ""Q2_Attendance"", ""Q4_Repeating"", ""Q6_PHQ2_Interest"", ""Q7_PHQ2_Depressed"", ""Q9_GAD2_Worry""]",False
9,3,Q8_GAD2_Nervous,-0.018858756522969155,0.0,"[""Q13_Faculty"", ""Q2_Attendance"", ""Q4_Repeating"", ""Q6_PHQ2_Interest"", ""Q7_PHQ2_Depressed"", ""Q9_GAD2_Worry""]",False
9,3,Q9_GAD2_Worry,0.01804652759365345,0.07684661061258168,"[""Q13_Faculty"", ""Q2_Attendance"", ""Q4_Repeating"", ""Q6_PHQ2_Interest"", ""Q7_PHQ2_Depressed"", ""Q9_GAD2_Worry""]",False
9,3,Q10_Financial_Difficulty,-0.03699493866679156,0.0,"[""Q13_Faculty"", ""Q2_Attendance"", ""Q4_Repeating"", ""Q6_PHQ2_Interest"", ""Q7_PHQ2_Depressed"", ""Q9_GAD2_Worry""]",False
9,3,Q11_Internet_Access,-0.019511486376503757,0.0,"[""Q13_Faculty"", ""Q2_Attendance"", ""Q4_Repeating"", ""Q6_PHQ2_Interest"", ""Q7_PHQ2_Depressed"", ""Q9_GAD2_Worry""]",False
9,3,Q12_Outside_Responsibilities,0.016147000248942014,0.06875794992982928,"[""Q13_Faculty"", ""Q2_Attendance"", ""Q4_Repeating"", ""Q6_PHQ2_Interest"", ""Q7_PHQ2_Depressed"", ""Q9_GAD2_Worry""]",False
9,3,Q14_Year,-0.03780111911834709,0.0,"[""Q13_Faculty"", ""Q2_Attendance"", ""Q4_Repeating"", ""Q6_PHQ2_Interest"", ""Q7_PHQ2_Depressed"", ""Q9_GAD2_Worry""]",False
9,3,Q16_Belonging,0.011013403700381688,0.04689781683984664,"[""Q13_Faculty"", ""Q2_Attendance"", ""Q4_Repeating"", ""Q6_PHQ2_Interest"", ""Q7_PHQ2_Depressed"", ""Q9_GAD2_Worry""]",False
9,3,Q13_Faculty,0.02725226516698892,0.11604693472083343,"[""Q13_Faculty"", ""Q2_Attendance"", ""Q4_Repeating"", ""Q6_PHQ2_Interest"", ""Q7_PHQ2_Depressed"", ""Q9_GAD2_Worry""]",False
9,4,Q1_Academic_Performance,0.05751506285666078,0.15024160479450624,"[""Q13_Faculty"", ""Q2_Attendance"", ""Q4_Repeating"", ""Q6_PHQ2_Interest"", ""Q7_PHQ2_Depressed"", ""Q9_GAD2_Worry""]",False
9,4,Q2_Attendance,0.060018849515851805,0.1567820292860422,"[""Q13_Faculty"", ""Q2_Attendance"", ""Q4_Repeating"", ""Q6_PHQ2_Interest"", ""Q7_PHQ2_Depressed"", ""Q9_GAD2_Worry""]",False
9,4,Q3_Assignments,0.03807886828410935,0.09947012131450128,"[""Q13_Faculty"", ""Q2_Attendance"", ""Q4_Repeating"", ""Q6_PHQ2_Interest"", ""Q7_PHQ2_Depressed"", ""Q9_GAD2_Worry""]",False
9,4,Q4_Repeating,0.010564181779778104,0.027595894798729845,"[""Q13_Faculty"", ""Q2_Attendance"", ""Q4_Repeating"", ""Q6_PHQ2_Interest"", ""Q7_PHQ2_Depressed"", ""Q9_GAD2_Worry""]",False
9,4,Q6_PHQ2_Interest,0.039848491235092785,0.10409275369690076,"[""Q13_Faculty"", ""Q2_Attendance"", ""Q4_Repeating"", ""Q6_PHQ2_Interest"", ""Q7_PHQ2_Depressed"", ""Q9_GAD2_Worry""]",False
9,4,Q7_PHQ2_Depressed,0.04611636814183137,0.1204657843144579,"[""Q13_Faculty"", ""Q2_Attendance"", ""Q4_Repeating"", ""Q6_PHQ2_Interest"", ""Q7_PHQ2_Depressed"", ""Q9_GAD2_Worry""]",False
9,4,Q8_GAD2_Nervous,0.027174304163852348,0.07098507528238567,"[""Q13_Faculty"", ""Q2_Attendance"", ""Q4_Repeating"", ""Q6_PHQ2_Interest"", ""Q7_PHQ2_Depressed"", ""Q9_GAD2_Worry""]",False
9,4,Q9_GAD2_Worry,0.056569510058419925,0.14777161931992389,"[""Q13_Faculty"", ""Q2_Attendance"", ""Q4_Repeating"", ""Q6_PHQ2_Interest"", ""Q7_PHQ2_Depressed"", ""Q9_GAD2_Worry""]",False
9,4,Q10_Financial_Difficulty,-0.023136897184845955,0.0,"[""Q13_Faculty"", ""Q2_Attendance"", ""Q4_Repeating"", ""Q6_PHQ2_Interest"", ""Q7_PHQ2_Depressed"", ""Q9_GAD2_Worry""]",False
9,4,Q11_Internet_Access,0.020800211748404622,0.0543345871138858,"[""Q13_Faculty"", ""Q2_Attendance"", ""Q4_Repeating"", ""Q6_PHQ2_Interest"", ""Q7_PHQ2_Depressed"", ""Q9_GAD2_Worry""]",False
9,4,Q12_Outside_Responsibilities,-0.01607561644903569,0.0,"[""Q13_Faculty"", ""Q2_Attendance"", ""Q4_Repeating"", ""Q6_PHQ2_Interest"", ""Q7_PHQ2_Depressed"", ""Q9_GAD2_Worry""]",False
9,4,Q14_Year,-0.019999530719571043,0.0,"[""Q13_Faculty"", ""Q2_Attendance"", ""Q4_Repeating"", ""Q6_PHQ2_Interest"", ""Q7_PHQ2_Depressed"", ""Q9_GAD2_Worry""]",False
9,4,Q16_Belonging,0.026131301535771655,0.06826053007866634,"[""Q13_Faculty"", ""Q2_Attendance"", ""Q4_Repeating"", ""Q6_PHQ2_Interest"", ""Q7_PHQ2_Depressed"", ""Q9_GAD2_Worry""]",False
9,4,Q13_Faculty,-0.006551286970132885,0.0,"[""Q13_Faculty"", ""Q2_Attendance"", ""Q4_Repeating"", ""Q6_PHQ2_Interest"", ""Q7_PHQ2_Depressed"", ""Q9_GAD2_Worry""]",False
9,5,Q1_Academic_Performance,0.005519123606431378,0.02027326307392521,"[""Q13_Faculty"", ""Q2_Attendance"", ""Q4_Repeating"", ""Q6_PHQ2_Interest"", ""Q7_PHQ2_Depressed"", ""Q9_GAD2_Worry""]",False
9,5,Q2_Attendance,-0.009926906039098826,0.0,"[""Q13_Faculty"", ""Q2_Attendance"", ""Q4_Repeating"", ""Q6_PHQ2_Interest"", ""Q7_PHQ2_Depressed"", ""Q9_GAD2_Worry""]",False
9,5,Q3_Assignments,-0.022621699647420727,0.0,"[""Q13_Faculty"", ""Q2_Attendance"", ""Q4_Repeating"", ""Q6_PHQ2_Interest"", ""Q7_PHQ2_Depressed"", ""Q9_GAD2_Worry""]",False
9,5,Q4_Repeating,0.03086349449645163,0.1133701268400803,"[""Q13_Faculty"", ""Q2_Attendance"", ""Q4_Repeating"", ""Q6_PHQ2_Interest"", ""Q7_PHQ2_Depressed"", ""Q9_GAD2_Worry""]",False
9,5,Q6_PHQ2_Interest,0.057038586631124044,0.20951845883468867,"[""Q13_Faculty"", ""Q2_Attendance"", ""Q4_Repeating"", ""Q6_PHQ2_Interest"", ""Q7_PHQ2_Depressed"", ""Q9_GAD2_Worry""]",False
9,5,Q7_PHQ2_Depressed,0.07150949394260706,0.26267409218600896,"[""Q13_Faculty"", ""Q2_Attendance"", ""Q4_Repeating"", ""Q6_PHQ2_Interest"", ""Q7_PHQ2_Depressed"", ""Q9_GAD2_Worry""]",False
9,5,Q8_GAD2_Nervous,0.02266602496114201,0.08325856053340064,"[""Q13_Faculty"", ""Q2_Attendance"", ""Q4_Repeating"", ""Q6_PHQ2_Interest"", ""Q7_PHQ2_Depressed"", ""Q9_GAD2_Worry""]",False
9,5,Q9_GAD2_Worry,0.035472236990501504,0.13029930902273215,"[""Q13_Faculty"", ""Q2_Attendance"", ""Q4_Repeating"", ""Q6_PHQ2_Interest"", ""Q7_PHQ2_Depressed"", ""Q9_GAD2_Worry""]",False
9,5,Q10_Financial_Difficulty,-0.005195141918290971,0.0,"[""Q13_Faculty"", ""Q2_Attendance"", ""Q4_Repeating"", ""Q6_PHQ2_Interest"", ""Q7_PHQ2_Depressed"", ""Q9_GAD2_Worry""]",False
9,5,Q11_Internet_Access,0.026967771189137586,0.09906006076720486,"[""Q13_Faculty"", ""Q2_Attendance"", ""Q4_Repeating"", ""Q6_PHQ2_Interest"", ""Q7_PHQ2_Depressed"", ""Q9_GAD2_Worry""]",False
9,5,Q12_Outside_Responsibilities,-0.00239152067325728,0.0,"[""Q13_Faculty"", ""Q2_Attendance"", ""Q4_Repeating"", ""Q6_PHQ2_Interest"", ""Q7_PHQ2_Depressed"", ""Q9_GAD2_Worry""]",False
9,5,Q14_Year,-0.020346016578979453,0.0,"[""Q13_Faculty"", ""Q2_Attendance"", ""Q4_Repeating"", ""Q6_PHQ2_Interest"", ""Q7_PHQ2_Depressed"", ""Q9_GAD2_Worry""]",False
9,5,Q16_Belonging,-0.02622090739919829,0.0,"[""Q13_Faculty"", ""Q2_Attendance"", ""Q4_Repeating"", ""Q6_PHQ2_Interest"", ""Q7_PHQ2_Depressed"", ""Q9_GAD2_Worry""]",False
9,5,Q13_Faculty,0.02219983840350278,0.08154612874195927,"[""Q13_Faculty"", ""Q2_Attendance"", ""Q4_Repeating"", ""Q6_PHQ2_Interest"", ""Q7_PHQ2_Depressed"", ""Q9_GAD2_Worry""]",False
10,1,Q1_Academic_Performance,-0.019568306277518287,0.0,"[""Q10_Financial_Difficulty"", ""Q13_Faculty"", ""Q14_Year"", ""Q2_Attendance"", ""Q7_PHQ2_Depressed"", ""Q8_GAD2_Nervous"", ""Q9_GAD2_Worry""]",False
10,1,Q2_Attendance,0.0346466553140906,0.0613464564168815,"[""Q10_Financial_Difficulty"", ""Q13_Faculty"", ""Q14_Year"", ""Q2_Attendance"", ""Q7_PHQ2_Depressed"", ""Q8_GAD2_Nervous"", ""Q9_GAD2_Worry""]",False
10,1,Q3_Assignments,0.011457934555450236,0.020287778905675246,"[""Q10_Financial_Difficulty"", ""Q13_Faculty"", ""Q14_Year"", ""Q2_Attendance"", ""Q7_PHQ2_Depressed"", ""Q8_GAD2_Nervous"", ""Q9_GAD2_Worry""]",False
10,1,Q4_Repeating,0.036509088395880816,0.06464413894483782,"[""Q10_Financial_Difficulty"", ""Q13_Faculty"", ""Q14_Year"", ""Q2_Attendance"", ""Q7_PHQ2_Depressed"", ""Q8_GAD2_Nervous"", ""Q9_GAD2_Worry""]",False
10,1,Q6_PHQ2_Interest,0.07817079049645362,0.13841165759840499,"[""Q10_Financial_Difficulty"", ""Q13_Faculty"", ""Q14_Year"", ""Q2_Attendance"", ""Q7_PHQ2_Depressed"", ""Q8_GAD2_Nervous"", ""Q9_GAD2_Worry""]",False
10,1,Q7_PHQ2_Depressed,0.114106281584943,0.20204016712967518,"[""Q10_Financial_Difficulty"", ""Q13_Faculty"", ""Q14_Year"", ""Q2_Attendance"", ""Q7_PHQ2_Depressed"", ""Q8_GAD2_Nervous"", ""Q9_GAD2_Worry""]",False
10,1,Q8_GAD2_Nervous,0.06129468922293506,0.10853030247545496,"[""Q10_Financial_Difficulty"", ""Q13_Faculty"", ""Q14_Year"", ""Q2_Attendance"", ""Q7_PHQ2_Depressed"", ""Q8_GAD2_Nervous"", ""Q9_GAD2_Worry""]",False
10,1,Q9_GAD2_Worry,0.05117467463155292,0.0906114866925086,"[""Q10_Financial_Difficulty"", ""Q13_Faculty"", ""Q14_Year"", ""Q2_Attendance"", ""Q7_PHQ2_Depressed"", ""Q8_GAD2_Nervous"", ""Q9_GAD2_Worry""]",False
10,1,Q10_Financial_Difficulty,0.01426982410335586,0.02526659888226105,"[""Q10_Financial_Difficulty"", ""Q13_Faculty"", ""Q14_Year"", ""Q2_Attendance"", ""Q7_PHQ2_Depressed"", ""Q8_GAD2_Nervous"", ""Q9_GAD2_Worry""]",False
10,1,Q11_Internet_Access,0.019657788432774125,0.034806697801302855,"[""Q10_Financial_Difficulty"", ""Q13_Faculty"", ""Q14_Year"", ""Q2_Attendance"", ""Q7_PHQ2_Depressed"", ""Q8_GAD2_Nervous"", ""Q9_GAD2_Worry""]",False
10,1,Q12_Outside_Responsibilities,0.0031967428917823613,0.005660253398455637,"[""Q10_Financial_Difficulty"", ""Q13_Faculty"", ""Q14_Year"", ""Q2_Attendance"", ""Q7_PHQ2_Depressed"", ""Q8_GAD2_Nervous"", ""Q9_GAD2_Worry""]",False
10,1,Q14_Year,0.04190666163177825,0.07420125169558127,"[""Q10_Financial_Difficulty"", ""Q13_Faculty"", ""Q14_Year"", ""Q2_Attendance"", ""Q7_PHQ2_Depressed"", ""Q8_GAD2_Nervous"", ""Q9_GAD2_Worry""]",False
10,1,Q16_Belonging,0.06944779592195353,0.12296644934848681,"[""Q10_Financial_Difficulty"", ""Q13_Faculty"", ""Q14_Year"", ""Q2_Attendance"", ""Q7_PHQ2_Depressed"", ""Q8_GAD2_Nervous"", ""Q9_GAD2_Worry""]",False
10,1,Q13_Faculty,0.028931351945290052,0.05122676071047413,"[""Q10_Financial_Difficulty"", ""Q13_Faculty"", ""Q14_Year"", ""Q2_Attendance"", ""Q7_PHQ2_Depressed"", ""Q8_GAD2_Nervous"", ""Q9_GAD2_Worry""]",False
10,2,Q1_Academic_Performance,-0.01616031526702913,0.0,"[""Q10_Financial_Difficulty"", ""Q13_Faculty"", ""Q14_Year"", ""Q2_Attendance"", ""Q7_PHQ2_Depressed"", ""Q8_GAD2_Nervous"", ""Q9_GAD2_Worry""]",False
10,2,Q2_Attendance,0.05807532276226111,0.21072310242710898,"[""Q10_Financial_Difficulty"", ""Q13_Faculty"", ""Q14_Year"", ""Q2_Attendance"", ""Q7_PHQ2_Depressed"", ""Q8_GAD2_Nervous"", ""Q9_GAD2_Worry""]",False
10,2,Q3_Assignments,-0.0052990523586538465,0.0,"[""Q10_Financial_Difficulty"", ""Q13_Faculty"", ""Q14_Year"", ""Q2_Attendance"", ""Q7_PHQ2_Depressed"", ""Q8_GAD2_Nervous"", ""Q9_GAD2_Worry""]",False
10,2,Q4_Repeating,-0.020350501210914494,0.0,"[""Q10_Financial_Difficulty"", ""Q13_Faculty"", ""Q14_Year"", ""Q2_Attendance"", ""Q7_PHQ2_Depressed"", ""Q8_GAD2_Nervous"", ""Q9_GAD2_Worry""]",False
10,2,Q6_PHQ2_Interest,0.012334554921214231,0.044755251566933024,"[""Q10_Financial_Difficulty"", ""Q13_Faculty"", ""Q14_Year"", ""Q2_Attendance"", ""Q7_PHQ2_Depressed"", ""Q8_GAD2_Nervous"", ""Q9_GAD2_Worry""]",False
10,2,Q7_PHQ2_Depressed,0.0029001418358828245,0.010523004540803118,"[""Q10_Financial_Difficulty"", ""Q13_Faculty"", ""Q14_Year"", ""Q2_Attendance"", ""Q7_PHQ2_Depressed"", ""Q8_GAD2_Nervous"", ""Q9_GAD2_Worry""]",False
10,2,Q8_GAD2_Nervous,-0.014974426652261244,0.0,"[""Q10_Financial_Difficulty"", ""Q13_Faculty"", ""Q14_Year"", ""Q2_Attendance"", ""Q7_PHQ2_Depressed"", ""Q8_GAD2_Nervous"", ""Q9_GAD2_Worry""]",False
10,2,Q9_GAD2_Worry,0.03532922405119169,0.12819013901800133,"[""Q10_Financial_Difficulty"", ""Q13_Faculty"", ""Q14_Year"", ""Q2_Attendance"", ""Q7_PHQ2_Depressed"", ""Q8_GAD2_Nervous"", ""Q9_GAD2_Worry""]",False
10,2,Q10_Financial_Difficulty,0.03667048727443719,0.1330568385752415,"[""Q10_Financial_Difficulty"", ""Q13_Faculty"", ""Q14_Year"", ""Q2_Attendance"", ""Q7_PHQ2_Depressed"", ""Q8_GAD2_Nervous"", ""Q9_GAD2_Worry""]",False
10,2,Q11_Internet_Access,-0.025189885224784336,0.0,"[""Q10_Financial_Difficulty"", ""Q13_Faculty"", ""Q14_Year"", ""Q2_Attendance"", ""Q7_PHQ2_Depressed"", ""Q8_GAD2_Nervous"", ""Q9_GAD2_Worry""]",False
10,2,Q12_Outside_Responsibilities,0.045900476833008304,0.1665473461203123,"[""Q10_Financial_Difficulty"", ""Q13_Faculty"", ""Q14_Year"", ""Q2_Attendance"", ""Q7_PHQ2_Depressed"", ""Q8_GAD2_Nervous"", ""Q9_GAD2_Worry""]",False
10,2,Q14_Year,0.03723657453592842,0.13511085495108185,"[""Q10_Financial_Difficulty"", ""Q13_Faculty"", ""Q14_Year"", ""Q2_Attendance"", ""Q7_PHQ2_Depressed"", ""Q8_GAD2_Nervous"", ""Q9_GAD2_Worry""]",False
10,2,Q16_Belonging,0.014433835587946961,0.052372375569326564,"[""Q10_Financial_Difficulty"", ""Q13_Faculty"", ""Q14_Year"", ""Q2_Attendance"", ""Q7_PHQ2_Depressed"", ""Q8_GAD2_Nervous"", ""Q9_GAD2_Worry""]",False
10,2,Q13_Faculty,0.03271955177303327,0.11872108723119121,"[""Q10_Financial_Difficulty"", ""Q13_Faculty"", ""Q14_Year"", ""Q2_Attendance"", ""Q7_PHQ2_Depressed"", ""Q8_GAD2_Nervous"", ""Q9_GAD2_Worry""]",False
10,3,Q1_Academic_Performance,-0.023339782903038977,0.0,"[""Q10_Financial_Difficulty"", ""Q13_Faculty"", ""Q14_Year"", ""Q2_Attendance"", ""Q7_PHQ2_Depressed"", ""Q8_GAD2_Nervous"", ""Q9_GAD2_Worry""]",False
10,3,Q2_Attendance,0.01440767366241304,0.06299652108427665,"[""Q10_Financial_Difficulty"", ""Q13_Faculty"", ""Q14_Year"", ""Q2_Attendance"", ""Q7_PHQ2_Depressed"", ""Q8_GAD2_Nervous"", ""Q9_GAD2_Worry""]",False
10,3,Q3_Assignments,-0.0030069059885573625,0.0,"[""Q10_Financial_Difficulty"", ""Q13_Faculty"", ""Q14_Year"", ""Q2_Attendance"", ""Q7_PHQ2_Depressed"", ""Q8_GAD2_Nervous"", ""Q9_GAD2_Worry""]",False
10,3,Q4_Repeating,0.007910834774366885,0.034589558407180525,"[""Q10_Financial_Difficulty"", ""Q13_Faculty"", ""Q14_Year"", ""Q2_Attendance"", ""Q7_PHQ2_Depressed"", ""Q8_GAD2_Nervous"", ""Q9_GAD2_Worry""]",False
10,3,Q6_PHQ2_Interest,-0.041120763588717815,0.0,"[""Q10_Financial_Difficulty"", ""Q13_Faculty"", ""Q14_Year"", ""Q2_Attendance"", ""Q7_PHQ2_Depressed"", ""Q8_GAD2_Nervous"", ""Q9_GAD2_Worry""]",False
10,3,Q7_PHQ2_Depressed,0.10604184778283361,0.4636603837782999,"[""Q10_Financial_Difficulty"", ""Q13_Faculty"", ""Q14_Year"", ""Q2_Attendance"", ""Q7_PHQ2_Depressed"", ""Q8_GAD2_Nervous"", ""Q9_GAD2_Worry""]",False
10,3,Q8_GAD2_Nervous,0.028352784651549966,0.1239705200124707,"[""Q10_Financial_Difficulty"", ""Q13_Faculty"", ""Q14_Year"", ""Q2_Attendance"", ""Q7_PHQ2_Depressed"", ""Q8_GAD2_Nervous"", ""Q9_GAD2_Worry""]",False
10,3,Q9_GAD2_Worry,0.010414579724577152,0.045537003861685334,"[""Q10_Financial_Difficulty"", ""Q13_Faculty"", ""Q14_Year"", ""Q2_Attendance"", ""Q7_PHQ2_Depressed"", ""Q8_GAD2_Nervous"", ""Q9_GAD2_Worry""]",False
10,3,Q10_Financial_Difficulty,0.036814256611639354,0.1609677000727325,"[""Q10_Financial_Difficulty"", ""Q13_Faculty"", ""Q14_Year"", ""Q2_Attendance"", ""Q7_PHQ2_Depressed"", ""Q8_GAD2_Nervous"", ""Q9_GAD2_Worry""]",False
10,3,Q11_Internet_Access,-0.05242967687125154,0.0,"[""Q10_Financial_Difficulty"", ""Q13_Faculty"", ""Q14_Year"", ""Q2_Attendance"", ""Q7_PHQ2_Depressed"", ""Q8_GAD2_Nervous"", ""Q9_GAD2_Worry""]",False
10,3,Q12_Outside_Responsibilities,-0.009718577498093923,0.0,"[""Q10_Financial_Difficulty"", ""Q13_Faculty"", ""Q14_Year"", ""Q2_Attendance"", ""Q7_PHQ2_Depressed"", ""Q8_GAD2_Nervous"", ""Q9_GAD2_Worry""]",False
10,3,Q14_Year,-0.01967264568058542,0.0,"[""Q10_Financial_Difficulty"", ""Q13_Faculty"", ""Q14_Year"", ""Q2_Attendance"", ""Q7_PHQ2_Depressed"", ""Q8_GAD2_Nervous"", ""Q9_GAD2_Worry""]",False
10,3,Q16_Belonging,-0.015160145922760594,0.0,"[""Q10_Financial_Difficulty"", ""Q13_Faculty"", ""Q14_Year"", ""Q2_Attendance"", ""Q7_PHQ2_Depressed"", ""Q8_GAD2_Nervous"", ""Q9_GAD2_Worry""]",False
10,3,Q13_Faculty,0.024763884869328567,0.10827831278335442,"[""Q10_Financial_Difficulty"", ""Q13_Faculty"", ""Q14_Year"", ""Q2_Attendance"", ""Q7_PHQ2_Depressed"", ""Q8_GAD2_Nervous"", ""Q9_GAD2_Worry""]",False
10,4,Q1_Academic_Performance,-0.021792884645837347,0.0,"[""Q10_Financial_Difficulty"", ""Q13_Faculty"", ""Q14_Year"", ""Q2_Attendance"", ""Q7_PHQ2_Depressed"", ""Q8_GAD2_Nervous"", ""Q9_GAD2_Worry""]",False
10,4,Q2_Attendance,0.007788773218979844,0.028213234339905947,"[""Q10_Financial_Difficulty"", ""Q13_Faculty"", ""Q14_Year"", ""Q2_Attendance"", ""Q7_PHQ2_Depressed"", ""Q8_GAD2_Nervous"", ""Q9_GAD2_Worry""]",False
10,4,Q3_Assignments,-0.010880229687569149,0.0,"[""Q10_Financial_Difficulty"", ""Q13_Faculty"", ""Q14_Year"", ""Q2_Attendance"", ""Q7_PHQ2_Depressed"", ""Q8_GAD2_Nervous"", ""Q9_GAD2_Worry""]",False
10,4,Q4_Repeating,-0.017504168776292673,0.0,"[""Q10_Financial_Difficulty"", ""Q13_Faculty"", ""Q14_Year"", ""Q2_Attendance"", ""Q7_PHQ2_Depressed"", ""Q8_GAD2_Nervous"", ""Q9_GAD2_Worry""]",False
10,4,Q6_PHQ2_Interest,0.00863582904391178,0.03128152042500488,"[""Q10_Financial_Difficulty"", ""Q13_Faculty"", ""Q14_Year"", ""Q2_Attendance"", ""Q7_PHQ2_Depressed"", ""Q8_GAD2_Nervous"", ""Q9_GAD2_Worry""]",False
10,4,Q7_PHQ2_Depressed,0.13874959555513403,0.5025919671694962,"[""Q10_Financial_Difficulty"", ""Q13_Faculty"", ""Q14_Year"", ""Q2_Attendance"", ""Q7_PHQ2_Depressed"", ""Q8_GAD2_Nervous"", ""Q9_GAD2_Worry""]",False
10,4,Q8_GAD2_Nervous,-0.02124738083712042,0.0,"[""Q10_Financial_Difficulty"", ""Q13_Faculty"", ""Q14_Year"", ""Q2_Attendance"", ""Q7_PHQ2_Depressed"", ""Q8_GAD2_Nervous"", ""Q9_GAD2_Worry""]",False
10,4,Q9_GAD2_Worry,0.04078205812291409,0.1477246455040762,"[""Q10_Financial_Difficulty"", ""Q13_Faculty"", ""Q14_Year"", ""Q2_Attendance"", ""Q7_PHQ2_Depressed"", ""Q8_GAD2_Nervous"", ""Q9_GAD2_Worry""]",False
10,4,Q10_Financial_Difficulty,0.037879769769613714,0.1372117008937351,"[""Q10_Financial_Difficulty"", ""Q13_Faculty"", ""Q14_Year"", ""Q2_Attendance"", ""Q7_PHQ2_Depressed"", ""Q8_GAD2_Nervous"", ""Q9_GAD2_Worry""]",False
10,4,Q11_Internet_Access,-0.004463767387977835,0.0,"[""Q10_Financial_Difficulty"", ""Q13_Faculty"", ""Q14_Year"", ""Q2_Attendance"", ""Q7_PHQ2_Depressed"", ""Q8_GAD2_Nervous"", ""Q9_GAD2_Worry""]",False
10,4,Q12_Outside_Responsibilities,-0.0020556003230005394,0.0,"[""Q10_Financial_Difficulty"", ""Q13_Faculty"", ""Q14_Year"", ""Q2_Attendance"", ""Q7_PHQ2_Depressed"", ""Q8_GAD2_Nervous"", ""Q9_GAD2_Worry""]",False
10,4,Q14_Year,0.014298571924718706,0.05179364568672426,"[""Q10_Financial_Difficulty"", ""Q13_Faculty"", ""Q14_Year"", ""Q2_Attendance"", ""Q7_PHQ2_Depressed"", ""Q8_GAD2_Nervous"", ""Q9_GAD2_Worry""]",False
10,4,Q16_Belonging,0.020074275034057287,0.07271494622021647,"[""Q10_Financial_Difficulty"", ""Q13_Faculty"", ""Q14_Year"", ""Q2_Attendance"", ""Q7_PHQ2_Depressed"", ""Q8_GAD2_Nervous"", ""Q9_GAD2_Worry""]",False
10,4,Q13_Faculty,0.007859199680783451,0.02846833976084101,"[""Q10_Financial_Difficulty"", ""Q13_Faculty"", ""Q14_Year"", ""Q2_Attendance"", ""Q7_PHQ2_Depressed"", ""Q8_GAD2_Nervous"", ""Q9_GAD2_Worry""]",False
10,5,Q1_Academic_Performance,0.034534740110367286,0.0734061418146541,"[""Q10_Financial_Difficulty"", ""Q13_Faculty"", ""Q14_Year"", ""Q2_Attendance"", ""Q7_PHQ2_Depressed"", ""Q8_GAD2_Nervous"", ""Q9_GAD2_Worry""]",False
10,5,Q2_Attendance,0.0690535570122726,0.14677843767318496,"[""Q10_Financial_Difficulty"", ""Q13_Faculty"", ""Q14_Year"", ""Q2_Attendance"", ""Q7_PHQ2_Depressed"", ""Q8_GAD2_Nervous"", ""Q9_GAD2_Worry""]",False
10,5,Q3_Assignments,0.07963795114828295,0.16927634947119286,"[""Q10_Financial_Difficulty"", ""Q13_Faculty"", ""Q14_Year"", ""Q2_Attendance"", ""Q7_PHQ2_Depressed"", ""Q8_GAD2_Nervous"", ""Q9_GAD2_Worry""]",False
10,5,Q4_Repeating,-0.008655332798031911,0.0,"[""Q10_Financial_Difficulty"", ""Q13_Faculty"", ""Q14_Year"", ""Q2_Attendance"", ""Q7_PHQ2_Depressed"", ""Q8_GAD2_Nervous"", ""Q9_GAD2_Worry""]",False
10,5,Q6_PHQ2_Interest,-0.007285653042533769,0.0,"[""Q10_Financial_Difficulty"", ""Q13_Faculty"", ""Q14_Year"", ""Q2_Attendance"", ""Q7_PHQ2_Depressed"", ""Q8_GAD2_Nervous"", ""Q9_GAD2_Worry""]",False
10,5,Q7_PHQ2_Depressed,0.08768713494432043,0.18638548436943891,"[""Q10_Financial_Difficulty"", ""Q13_Faculty"", ""Q14_Year"", ""Q2_Attendance"", ""Q7_PHQ2_Depressed"", ""Q8_GAD2_Nervous"", ""Q9_GAD2_Worry""]",False
10,5,Q8_GAD2_Nervous,0.04924946755251104,0.10468338223777596,"[""Q10_Financial_Difficulty"", ""Q13_Faculty"", ""Q14_Year"", ""Q2_Attendance"", ""Q7_PHQ2_Depressed"", ""Q8_GAD2_Nervous"", ""Q9_GAD2_Worry""]",False
10,5,Q9_GAD2_Worry,0.026130725188643383,0.05554278714092545,"[""Q10_Financial_Difficulty"", ""Q13_Faculty"", ""Q14_Year"", ""Q2_Attendance"", ""Q7_PHQ2_Depressed"", ""Q8_GAD2_Nervous"", ""Q9_GAD2_Worry""]",False
10,5,Q10_Financial_Difficulty,0.007372167234552557,0.01567008617326919,"[""Q10_Financial_Difficulty"", ""Q13_Faculty"", ""Q14_Year"", ""Q2_Attendance"", ""Q7_PHQ2_Depressed"", ""Q8_GAD2_Nervous"", ""Q9_GAD2_Worry""]",False
10,5,Q11_Internet_Access,0.044378063893456055,0.09432885382116664,"[""Q10_Financial_Difficulty"", ""Q13_Faculty"", ""Q14_Year"", ""Q2_Attendance"", ""Q7_PHQ2_Depressed"", ""Q8_GAD2_Nervous"", ""Q9_GAD2_Worry""]",False
10,5,Q12_Outside_Responsibilities,-0.01666977988652301,0.0,"[""Q10_Financial_Difficulty"", ""Q13_Faculty"", ""Q14_Year"", ""Q2_Attendance"", ""Q7_PHQ2_Depressed"", ""Q8_GAD2_Nervous"", ""Q9_GAD2_Worry""]",False
10,5,Q14_Year,0.027655129779126163,0.05878302173352041,"[""Q10_Financial_Difficulty"", ""Q13_Faculty"", ""Q14_Year"", ""Q2_Attendance"", ""Q7_PHQ2_Depressed"", ""Q8_GAD2_Nervous"", ""Q9_GAD2_Worry""]",False
10,5,Q16_Belonging,-0.005320337648877471,0.0,"[""Q10_Financial_Difficulty"", ""Q13_Faculty"", ""Q14_Year"", ""Q2_Attendance"", ""Q7_PHQ2_Depressed"", ""Q8_GAD2_Nervous"", ""Q9_GAD2_Worry""]",False
10,5,Q13_Faculty,0.04476224331353411,0.09514545556487154,"[""Q10_Financial_Difficulty"", ""Q13_Faculty"", ""Q14_Year"", ""Q2_Attendance"", ""Q7_PHQ2_Depressed"", ""Q8_GAD2_Nervous"", ""Q9_GAD2_Worry""]",False
