analysis,design,fold,seed,K,requested_minority_prevalence,realized_minority_prevalence,context_n,context_minority_n,context_majority_n,n,positive,negative,tn,fp,fn,tp,threshold,accuracy,precision,recall,specificity,balanced_accuracy,npv,referral_n,referral_rate,reviews_per_detected_positive,f1,f2,auc_roc,average_precision,brier,ece_10,balance
context_size_balance_by_k,balanced_50,1,1,1,0.5,0.5,228,114,114,34,13,21,16,5,3,10,0.5,0.7647058823529411,0.6666666666666666,0.7692307692307693,0.7619047619047619,0.7655677655677655,0.8421052631578947,15,0.4411764705882353,1.5,0.7142857142857143,0.746268656716418,0.8461538461538463,0.8132607732286636,0.1688805713454193,0.11011129310902429,balanced_50
context_size_balance_by_k,balanced_50,1,1,20,0.5,0.5,228,114,114,34,13,21,15,6,3,10,0.5,0.7352941176470589,0.625,0.7692307692307693,0.7142857142857143,0.7417582417582418,0.8333333333333334,16,0.47058823529411764,1.6,0.6896551724137931,0.7352941176470589,0.8241758241758242,0.7617438117438116,0.17395295892681942,0.14905144493369496,balanced_50
context_size_balance_by_k,balanced_50,1,7,1,0.5,0.5,228,114,114,34,13,21,16,5,3,10,0.5,0.7647058823529411,0.6666666666666666,0.7692307692307693,0.7619047619047619,0.7655677655677655,0.8421052631578947,15,0.4411764705882353,1.5,0.7142857142857143,0.746268656716418,0.8278388278388279,0.7794245640399486,0.17468919214669115,0.12394542247056958,balanced_50
context_size_balance_by_k,balanced_50,1,7,20,0.5,0.5,228,114,114,34,13,21,16,5,3,10,0.5,0.7647058823529411,0.6666666666666666,0.7692307692307693,0.7619047619047619,0.7655677655677655,0.8421052631578947,15,0.4411764705882353,1.5,0.7142857142857143,0.746268656716418,0.8351648351648352,0.7858765417588947,0.17059713987808423,0.12864768023000045,balanced_50
context_size_balance_by_k,balanced_50,1,21,1,0.5,0.5,228,114,114,34,13,21,15,6,4,9,0.5,0.7058823529411765,0.6,0.6923076923076923,0.7142857142857143,0.7032967032967032,0.7894736842105263,15,0.4411764705882353,1.6666666666666667,0.6428571428571429,0.6716417910447762,0.8351648351648352,0.788265819148172,0.16937182182488061,0.13532898312105854,balanced_50
context_size_balance_by_k,balanced_50,1,21,20,0.5,0.5,228,114,114,34,13,21,15,6,3,10,0.5,0.7352941176470589,0.625,0.7692307692307693,0.7142857142857143,0.7417582417582418,0.8333333333333334,16,0.47058823529411764,1.6,0.6896551724137931,0.7352941176470589,0.8351648351648352,0.788265819148172,0.17142211742559282,0.15174341683878617,balanced_50
context_size_balance_by_k,balanced_50,1,42,1,0.5,0.5,228,114,114,34,13,21,16,5,3,10,0.5,0.7647058823529411,0.6666666666666666,0.7692307692307693,0.7619047619047619,0.7655677655677655,0.8421052631578947,15,0.4411764705882353,1.5,0.7142857142857143,0.746268656716418,0.8498168498168498,0.8263042513042513,0.16290335719236396,0.16772027269882314,balanced_50
context_size_balance_by_k,balanced_50,1,42,20,0.5,0.5,228,114,114,34,13,21,16,5,3,10,0.5,0.7647058823529411,0.6666666666666666,0.7692307692307693,0.7619047619047619,0.7655677655677655,0.8421052631578947,15,0.4411764705882353,1.5,0.7142857142857143,0.746268656716418,0.8461538461538461,0.7961952379075503,0.16923037344099723,0.13815766879740884,balanced_50
context_size_balance_by_k,balanced_50,1,99,1,0.5,0.5,228,114,114,34,13,21,16,5,3,10,0.5,0.7647058823529411,0.6666666666666666,0.7692307692307693,0.7619047619047619,0.7655677655677655,0.8421052631578947,15,0.4411764705882353,1.5,0.7142857142857143,0.746268656716418,0.8315018315018315,0.7562062120885649,0.17457866042281034,0.14599335851038206,balanced_50
context_size_balance_by_k,balanced_50,1,99,20,0.5,0.5,228,114,114,34,13,21,15,6,3,10,0.5,0.7352941176470589,0.625,0.7692307692307693,0.7142857142857143,0.7417582417582418,0.8333333333333334,16,0.47058823529411764,1.6,0.6896551724137931,0.7352941176470589,0.8315018315018315,0.7704919263742793,0.17046473609419194,0.1331135332584381,balanced_50
context_size_balance_by_k,balanced_50,2,1,1,0.5,0.5,228,114,114,34,13,21,13,8,4,9,0.5,0.6470588235294118,0.5294117647058824,0.6923076923076923,0.6190476190476191,0.6556776556776557,0.7647058823529411,17,0.5,1.8888888888888888,0.6,0.6521739130434783,0.6666666666666666,0.6102711106287226,0.23049837270982132,0.262586598887163,balanced_50
context_size_balance_by_k,balanced_50,2,1,20,0.5,0.5,228,114,114,34,13,21,15,6,4,9,0.5,0.7058823529411765,0.6,0.6923076923076923,0.7142857142857143,0.7032967032967032,0.7894736842105263,15,0.4411764705882353,1.6666666666666667,0.6428571428571429,0.6716417910447762,0.6923076923076923,0.6683686401003888,0.2186774522861037,0.18960575584103082,balanced_50
context_size_balance_by_k,balanced_50,2,7,1,0.5,0.5,228,114,114,34,13,21,15,6,4,9,0.5,0.7058823529411765,0.6,0.6923076923076923,0.7142857142857143,0.7032967032967032,0.7894736842105263,15,0.4411764705882353,1.6666666666666667,0.6428571428571429,0.6716417910447762,0.6868131868131868,0.6200099475109271,0.21901300836354026,0.19681527860024395,balanced_50
context_size_balance_by_k,balanced_50,2,7,20,0.5,0.5,228,114,114,34,13,21,15,6,4,9,0.5,0.7058823529411765,0.6,0.6923076923076923,0.7142857142857143,0.7032967032967032,0.7894736842105263,15,0.4411764705882353,1.6666666666666667,0.6428571428571429,0.6716417910447762,0.684981684981685,0.6166216691226485,0.21886881237317105,0.22928514287752264,balanced_50
context_size_balance_by_k,balanced_50,2,21,1,0.5,0.5,228,114,114,34,13,21,12,9,4,9,0.5,0.6176470588235294,0.5,0.6923076923076923,0.5714285714285714,0.6318681318681318,0.75,18,0.5294117647058824,2.0,0.5806451612903226,0.6428571428571429,0.7032967032967034,0.709192735847352,0.22222947787420905,0.17590194546124513,balanced_50
context_size_balance_by_k,balanced_50,2,21,20,0.5,0.5,228,114,114,34,13,21,15,6,4,9,0.5,0.7058823529411765,0.6,0.6923076923076923,0.7142857142857143,0.7032967032967032,0.7894736842105263,15,0.4411764705882353,1.6666666666666667,0.6428571428571429,0.6716417910447762,0.706959706959707,0.7025813309932416,0.21493835802496286,0.17715834037345998,balanced_50
context_size_balance_by_k,balanced_50,2,42,1,0.5,0.5,228,114,114,34,13,21,15,6,4,9,0.5,0.7058823529411765,0.6,0.6923076923076923,0.7142857142857143,0.7032967032967032,0.7894736842105263,15,0.4411764705882353,1.6666666666666667,0.6428571428571429,0.6716417910447762,0.7032967032967034,0.6667053466505408,0.2206963320827093,0.18287116946542967,balanced_50
context_size_balance_by_k,balanced_50,2,42,20,0.5,0.5,228,114,114,34,13,21,15,6,4,9,0.5,0.7058823529411765,0.6,0.6923076923076923,0.7142857142857143,0.7032967032967032,0.7894736842105263,15,0.4411764705882353,1.6666666666666667,0.6428571428571429,0.6716417910447762,0.684981684981685,0.64326742552549,0.2180003380422331,0.2280545598443817,balanced_50
context_size_balance_by_k,balanced_50,2,99,1,0.5,0.5,228,114,114,34,13,21,15,6,4,9,0.5,0.7058823529411765,0.6,0.6923076923076923,0.7142857142857143,0.7032967032967032,0.7894736842105263,15,0.4411764705882353,1.6666666666666667,0.6428571428571429,0.6716417910447762,0.695970695970696,0.6349021066338554,0.2165392490510556,0.11316685159416762,balanced_50
context_size_balance_by_k,balanced_50,2,99,20,0.5,0.5,228,114,114,34,13,21,15,6,4,9,0.5,0.7058823529411765,0.6,0.6923076923076923,0.7142857142857143,0.7032967032967032,0.7894736842105263,15,0.4411764705882353,1.6666666666666667,0.6428571428571429,0.6716417910447762,0.684981684981685,0.6471135793716438,0.21686981132112854,0.17727299209903266,balanced_50
context_size_balance_by_k,balanced_50,3,1,1,0.5,0.5,228,114,114,34,13,21,11,10,7,6,0.5,0.5,0.375,0.46153846153846156,0.5238095238095238,0.4926739926739927,0.6111111111111112,16,0.47058823529411764,2.6666666666666665,0.41379310344827586,0.4411764705882353,0.6007326007326008,0.4861452792222023,0.2569370304485927,0.19217035744120092,balanced_50
context_size_balance_by_k,balanced_50,3,1,20,0.5,0.5,228,114,114,34,13,21,10,11,7,6,0.5,0.47058823529411764,0.35294117647058826,0.46153846153846156,0.47619047619047616,0.46886446886446886,0.5882352941176471,17,0.5,2.8333333333333335,0.4,0.43478260869565216,0.5970695970695971,0.4807666380312041,0.2630355489037429,0.2601407748811385,balanced_50
context_size_balance_by_k,balanced_50,3,7,1,0.5,0.5,228,114,114,34,13,21,10,11,7,6,0.5,0.47058823529411764,0.35294117647058826,0.46153846153846156,0.47619047619047616,0.46886446886446886,0.5882352941176471,17,0.5,2.8333333333333335,0.4,0.43478260869565216,0.5970695970695972,0.47642884406042296,0.2634911219259861,0.30392545111039104,balanced_50
context_size_balance_by_k,balanced_50,3,7,20,0.5,0.5,228,114,114,34,13,21,10,11,7,6,0.5,0.47058823529411764,0.35294117647058826,0.46153846153846156,0.47619047619047616,0.46886446886446886,0.5882352941176471,17,0.5,2.8333333333333335,0.4,0.43478260869565216,0.5787545787545787,0.4624561181417368,0.26628913465759396,0.25674231832518296,balanced_50
context_size_balance_by_k,balanced_50,3,21,1,0.5,0.5,228,114,114,34,13,21,12,9,6,7,0.5,0.5588235294117647,0.4375,0.5384615384615384,0.5714285714285714,0.554945054945055,0.6666666666666666,16,0.47058823529411764,2.2857142857142856,0.4827586206896552,0.5147058823529411,0.6080586080586081,0.5263445801071219,0.25087455691352584,0.138972228502526,balanced_50
context_size_balance_by_k,balanced_50,3,21,20,0.5,0.5,228,114,114,34,13,21,11,10,7,6,0.5,0.5,0.375,0.46153846153846156,0.5238095238095238,0.4926739926739927,0.6111111111111112,16,0.47058823529411764,2.6666666666666665,0.41379310344827586,0.4411764705882353,0.575091575091575,0.4609926540695771,0.25700755200554476,0.21839195796672037,balanced_50
context_size_balance_by_k,balanced_50,3,42,1,0.5,0.5,228,114,114,34,13,21,10,11,7,6,0.5,0.47058823529411764,0.35294117647058826,0.46153846153846156,0.47619047619047616,0.46886446886446886,0.5882352941176471,17,0.5,2.8333333333333335,0.4,0.43478260869565216,0.5714285714285715,0.4564155060713765,0.26436505773080926,0.2643196981619386,balanced_50
context_size_balance_by_k,balanced_50,3,42,20,0.5,0.5,228,114,114,34,13,21,10,11,7,6,0.5,0.47058823529411764,0.35294117647058826,0.46153846153846156,0.47619047619047616,0.46886446886446886,0.5882352941176471,17,0.5,2.8333333333333335,0.4,0.43478260869565216,0.5787545787545788,0.46883758691451005,0.25707575919265735,0.2461985546876402,balanced_50
context_size_balance_by_k,balanced_50,3,99,1,0.5,0.5,228,114,114,34,13,21,11,10,7,6,0.5,0.5,0.375,0.46153846153846156,0.5238095238095238,0.4926739926739927,0.6111111111111112,16,0.47058823529411764,2.6666666666666665,0.41379310344827586,0.4411764705882353,0.5897435897435898,0.4833118807366299,0.2605960075343308,0.23692075469914606,balanced_50
context_size_balance_by_k,balanced_50,3,99,20,0.5,0.5,228,114,114,34,13,21,11,10,7,6,0.5,0.5,0.375,0.46153846153846156,0.5238095238095238,0.4926739926739927,0.6111111111111112,16,0.47058823529411764,2.6666666666666665,0.41379310344827586,0.4411764705882353,0.5897435897435898,0.47995147302839614,0.2573728728267144,0.22139633140143228,balanced_50
context_size_balance_by_k,balanced_50,4,1,1,0.5,0.5,228,114,114,34,13,21,16,5,7,6,0.5,0.6470588235294118,0.5454545454545454,0.46153846153846156,0.7619047619047619,0.6117216117216118,0.6956521739130435,11,0.3235294117647059,1.8333333333333333,0.5,0.47619047619047616,0.6703296703296704,0.5043644350145898,0.24223078372149032,0.1491302646258298,balanced_50
context_size_balance_by_k,balanced_50,4,1,20,0.5,0.5,228,114,114,34,13,21,17,4,7,6,0.5,0.6764705882352942,0.6,0.46153846153846156,0.8095238095238095,0.6355311355311355,0.7083333333333334,10,0.29411764705882354,1.6666666666666667,0.5217391304347826,0.4838709677419355,0.6593406593406593,0.4984854198089492,0.23796851515414072,0.21248067959266553,balanced_50
context_size_balance_by_k,balanced_50,4,7,1,0.5,0.5,228,114,114,34,13,21,14,7,7,6,0.5,0.5882352941176471,0.46153846153846156,0.46153846153846156,0.6666666666666666,0.5641025641025641,0.6666666666666666,13,0.38235294117647056,2.1666666666666665,0.46153846153846156,0.46153846153846156,0.5677655677655677,0.473895388799235,0.2583778851514943,0.18148201966986935,balanced_50
context_size_balance_by_k,balanced_50,4,7,20,0.5,0.5,228,114,114,34,13,21,17,4,7,6,0.5,0.6764705882352942,0.6,0.46153846153846156,0.8095238095238095,0.6355311355311355,0.7083333333333334,10,0.29411764705882354,1.6666666666666667,0.5217391304347826,0.4838709677419355,0.6593406593406594,0.5137771484413952,0.2386905561161998,0.23106629445272334,balanced_50
context_size_balance_by_k,balanced_50,4,21,1,0.5,0.5,228,114,114,34,13,21,17,4,7,6,0.5,0.6764705882352942,0.6,0.46153846153846156,0.8095238095238095,0.6355311355311355,0.7083333333333334,10,0.29411764705882354,1.6666666666666667,0.5217391304347826,0.4838709677419355,0.6593406593406593,0.5159208352706804,0.2368661192060138,0.16973366500700224,balanced_50
context_size_balance_by_k,balanced_50,4,21,20,0.5,0.5,228,114,114,34,13,21,16,5,7,6,0.5,0.6470588235294118,0.5454545454545454,0.46153846153846156,0.7619047619047619,0.6117216117216118,0.6956521739130435,11,0.3235294117647059,1.8333333333333333,0.5,0.47619047619047616,0.6556776556776557,0.5023713128976287,0.24082383532712073,0.22151735907091813,balanced_50
context_size_balance_by_k,balanced_50,4,42,1,0.5,0.5,228,114,114,34,13,21,17,4,7,6,0.5,0.6764705882352942,0.6,0.46153846153846156,0.8095238095238095,0.6355311355311355,0.7083333333333334,10,0.29411764705882354,1.6666666666666667,0.5217391304347826,0.4838709677419355,0.673992673992674,0.5193884298423941,0.23231126211016614,0.14792846800649867,balanced_50
context_size_balance_by_k,balanced_50,4,42,20,0.5,0.5,228,114,114,34,13,21,17,4,7,6,0.5,0.6764705882352942,0.6,0.46153846153846156,0.8095238095238095,0.6355311355311355,0.7083333333333334,10,0.29411764705882354,1.6666666666666667,0.5217391304347826,0.4838709677419355,0.652014652014652,0.5044257155605506,0.23768530663797408,0.2120450217934216,balanced_50
context_size_balance_by_k,balanced_50,4,99,1,0.5,0.5,228,114,114,34,13,21,17,4,8,5,0.5,0.6470588235294118,0.5555555555555556,0.38461538461538464,0.8095238095238095,0.5970695970695971,0.68,9,0.2647058823529412,1.8,0.45454545454545453,0.4098360655737705,0.6831501831501832,0.5022662880635016,0.24562903341654763,0.322071104803506,balanced_50
context_size_balance_by_k,balanced_50,4,99,20,0.5,0.5,228,114,114,34,13,21,16,5,7,6,0.5,0.6470588235294118,0.5454545454545454,0.46153846153846156,0.7619047619047619,0.6117216117216118,0.6956521739130435,11,0.3235294117647059,1.8333333333333333,0.5,0.47619047619047616,0.6556776556776557,0.5064053535696004,0.24087018136701352,0.17632247507572174,balanced_50
context_size_balance_by_k,balanced_50,5,1,1,0.5,0.5,228,114,114,34,13,21,15,6,4,9,0.5,0.7058823529411765,0.6,0.6923076923076923,0.7142857142857143,0.7032967032967032,0.7894736842105263,15,0.4411764705882353,1.6666666666666667,0.6428571428571429,0.6716417910447762,0.7509157509157509,0.672806079254427,0.19882248839644093,0.14154019206762317,balanced_50
context_size_balance_by_k,balanced_50,5,1,20,0.5,0.5,228,114,114,34,13,21,15,6,4,9,0.5,0.7058823529411765,0.6,0.6923076923076923,0.7142857142857143,0.7032967032967032,0.7894736842105263,15,0.4411764705882353,1.6666666666666667,0.6428571428571429,0.6716417910447762,0.7582417582417582,0.6805056588710434,0.1968448259851513,0.14867789736565423,balanced_50
context_size_balance_by_k,balanced_50,5,7,1,0.5,0.5,228,114,114,34,13,21,16,5,4,9,0.5,0.7352941176470589,0.6428571428571429,0.6923076923076923,0.7619047619047619,0.7271062271062271,0.8,14,0.4117647058823529,1.5555555555555556,0.6666666666666666,0.6818181818181818,0.7802197802197802,0.7220674875652251,0.1873296229543936,0.11674127114169738,balanced_50
context_size_balance_by_k,balanced_50,5,7,20,0.5,0.5,228,114,114,34,13,21,15,6,4,9,0.5,0.7058823529411765,0.6,0.6923076923076923,0.7142857142857143,0.7032967032967032,0.7894736842105263,15,0.4411764705882353,1.6666666666666667,0.6428571428571429,0.6716417910447762,0.761904761904762,0.6869159152812998,0.19530992339120234,0.135424186639926,balanced_50
context_size_balance_by_k,balanced_50,5,21,1,0.5,0.5,228,114,114,34,13,21,17,4,4,9,0.5,0.7647058823529411,0.6923076923076923,0.6923076923076923,0.8095238095238095,0.7509157509157509,0.8095238095238095,13,0.38235294117647056,1.4444444444444444,0.6923076923076923,0.6923076923076923,0.7435897435897436,0.6680816449764415,0.19796041909810702,0.13230202960617402,balanced_50
context_size_balance_by_k,balanced_50,5,21,20,0.5,0.5,228,114,114,34,13,21,15,6,4,9,0.5,0.7058823529411765,0.6,0.6923076923076923,0.7142857142857143,0.7032967032967032,0.7894736842105263,15,0.4411764705882353,1.6666666666666667,0.6428571428571429,0.6716417910447762,0.7545787545787546,0.6756105539759385,0.19690796385490641,0.14921248879502802,balanced_50
context_size_balance_by_k,balanced_50,5,42,1,0.5,0.5,228,114,114,34,13,21,17,4,6,7,0.5,0.7058823529411765,0.6363636363636364,0.5384615384615384,0.8095238095238095,0.673992673992674,0.7391304347826086,11,0.3235294117647059,1.5714285714285714,0.5833333333333334,0.5555555555555556,0.7692307692307693,0.6862519590077611,0.19437487075469528,0.1126902576755075,balanced_50
context_size_balance_by_k,balanced_50,5,42,20,0.5,0.5,228,114,114,34,13,21,16,5,4,9,0.5,0.7352941176470589,0.6428571428571429,0.6923076923076923,0.7619047619047619,0.7271062271062271,0.8,14,0.4117647058823529,1.5555555555555556,0.6666666666666666,0.6818181818181818,0.7545787545787546,0.6756105539759385,0.19759679933827093,0.15422261418665156,balanced_50
context_size_balance_by_k,balanced_50,5,99,1,0.5,0.5,228,114,114,34,13,21,15,6,4,9,0.5,0.7058823529411765,0.6,0.6923076923076923,0.7142857142857143,0.7032967032967032,0.7894736842105263,15,0.4411764705882353,1.6666666666666667,0.6428571428571429,0.6716417910447762,0.73992673992674,0.6499186120896647,0.20222920205745468,0.0841389552635305,balanced_50
context_size_balance_by_k,balanced_50,5,99,20,0.5,0.5,228,114,114,34,13,21,15,6,4,9,0.5,0.7058823529411765,0.6,0.6923076923076923,0.7142857142857143,0.7032967032967032,0.7894736842105263,15,0.4411764705882353,1.6666666666666667,0.6428571428571429,0.6716417910447762,0.7582417582417582,0.6805056588710434,0.19721404479928312,0.1359117850661278,balanced_50
context_size_balance_by_k,balanced_50,6,1,1,0.5,0.5,228,114,114,34,13,21,16,5,6,7,0.5,0.6764705882352942,0.5833333333333334,0.5384615384615384,0.7619047619047619,0.6501831501831501,0.7272727272727273,12,0.35294117647058826,1.7142857142857142,0.56,0.546875,0.6483516483516484,0.714619291308819,0.210831217776563,0.2244425630744766,balanced_50
context_size_balance_by_k,balanced_50,6,1,20,0.5,0.5,228,114,114,34,13,21,16,5,6,7,0.5,0.6764705882352942,0.5833333333333334,0.5384615384615384,0.7619047619047619,0.6501831501831501,0.7272727272727273,12,0.35294117647058826,1.7142857142857142,0.56,0.546875,0.6556776556776557,0.70176068221609,0.20952559069126364,0.2028836301144432,balanced_50
context_size_balance_by_k,balanced_50,6,7,1,0.5,0.5,228,114,114,34,13,21,16,5,6,7,0.5,0.6764705882352942,0.5833333333333334,0.5384615384615384,0.7619047619047619,0.6501831501831501,0.7272727272727273,12,0.35294117647058826,1.7142857142857142,0.56,0.546875,0.6593406593406593,0.7023971301671161,0.2227677284688408,0.1926858731928994,balanced_50
context_size_balance_by_k,balanced_50,6,7,20,0.5,0.5,228,114,114,34,13,21,16,5,6,7,0.5,0.6764705882352942,0.5833333333333334,0.5384615384615384,0.7619047619047619,0.6501831501831501,0.7272727272727273,12,0.35294117647058826,1.7142857142857142,0.56,0.546875,0.6556776556776557,0.7111013415567493,0.21248088961043166,0.20950324088335037,balanced_50
context_size_balance_by_k,balanced_50,6,21,1,0.5,0.5,228,114,114,34,13,21,15,6,6,7,0.5,0.6470588235294118,0.5384615384615384,0.5384615384615384,0.7142857142857143,0.6263736263736264,0.7142857142857143,13,0.38235294117647056,1.8571428571428572,0.5384615384615384,0.5384615384615384,0.6446886446886447,0.6900825753766928,0.22248670647616428,0.20379716201740153,balanced_50
context_size_balance_by_k,balanced_50,6,21,20,0.5,0.5,228,114,114,34,13,21,15,6,6,7,0.5,0.6470588235294118,0.5384615384615384,0.5384615384615384,0.7142857142857143,0.6263736263736264,0.7142857142857143,13,0.38235294117647056,1.8571428571428572,0.5384615384615384,0.5384615384615384,0.6483516483516483,0.6948472551413727,0.21459434833761912,0.1795582552166546,balanced_50
context_size_balance_by_k,balanced_50,6,42,1,0.5,0.5,228,114,114,34,13,21,16,5,6,7,0.5,0.6764705882352942,0.5833333333333334,0.5384615384615384,0.7619047619047619,0.6501831501831501,0.7272727272727273,12,0.35294117647058826,1.7142857142857142,0.56,0.546875,0.6520146520146519,0.7176671367847838,0.21405155976151088,0.2175710643915569,balanced_50
context_size_balance_by_k,balanced_50,6,42,20,0.5,0.5,228,114,114,34,13,21,16,5,6,7,0.5,0.6764705882352942,0.5833333333333334,0.5384615384615384,0.7619047619047619,0.6501831501831501,0.7272727272727273,12,0.35294117647058826,1.7142857142857142,0.56,0.546875,0.6483516483516483,0.699181809475927,0.21329587982625553,0.18047051745302534,balanced_50
context_size_balance_by_k,balanced_50,6,99,1,0.5,0.5,228,114,114,34,13,21,12,9,6,7,0.5,0.5588235294117647,0.4375,0.5384615384615384,0.5714285714285714,0.554945054945055,0.6666666666666666,16,0.47058823529411764,2.2857142857142856,0.4827586206896552,0.5147058823529411,0.6483516483516484,0.7085490205833758,0.22602430965452575,0.23022257448995814,balanced_50
context_size_balance_by_k,balanced_50,6,99,20,0.5,0.5,228,114,114,34,13,21,16,5,6,7,0.5,0.6764705882352942,0.5833333333333334,0.5384615384615384,0.7619047619047619,0.6501831501831501,0.7272727272727273,12,0.35294117647058826,1.7142857142857142,0.56,0.546875,0.652014652014652,0.7001123305677384,0.2126802270883366,0.20449026717859156,balanced_50
context_size_balance_by_k,balanced_50,7,1,1,0.5,0.5,230,115,115,33,12,21,13,8,3,9,0.5,0.6666666666666666,0.5294117647058824,0.75,0.6190476190476191,0.6845238095238095,0.8125,17,0.5151515151515151,1.8888888888888888,0.6206896551724138,0.6923076923076923,0.7261904761904762,0.5860996642246643,0.2265192915247818,0.22434436597607352,balanced_50
context_size_balance_by_k,balanced_50,7,1,20,0.5,0.5,230,115,115,33,12,21,15,6,4,8,0.5,0.696969696969697,0.5714285714285714,0.6666666666666666,0.7142857142857143,0.6904761904761905,0.7894736842105263,14,0.42424242424242425,1.75,0.6153846153846154,0.6451612903225806,0.75,0.6049867724867726,0.21884796080150673,0.20546866321202478,balanced_50
context_size_balance_by_k,balanced_50,7,7,1,0.5,0.5,230,115,115,33,12,21,14,7,4,8,0.5,0.6666666666666666,0.5333333333333333,0.6666666666666666,0.6666666666666666,0.6666666666666666,0.7777777777777778,15,0.45454545454545453,1.875,0.5925925925925926,0.6349206349206349,0.7380952380952381,0.6093868414659489,0.21439125736992384,0.2583976098985383,balanced_50
context_size_balance_by_k,balanced_50,7,7,20,0.5,0.5,230,115,115,33,12,21,15,6,4,8,0.5,0.696969696969697,0.5714285714285714,0.6666666666666666,0.7142857142857143,0.6904761904761905,0.7894736842105263,14,0.42424242424242425,1.75,0.6153846153846154,0.6451612903225806,0.75,0.6172412172673062,0.21487690889633113,0.1841420711893024,balanced_50
context_size_balance_by_k,balanced_50,7,21,1,0.5,0.5,230,115,115,33,12,21,13,8,2,10,0.5,0.696969696969697,0.5555555555555556,0.8333333333333334,0.6190476190476191,0.7261904761904763,0.8666666666666667,18,0.5454545454545454,1.8,0.6666666666666666,0.7575757575757576,0.7658730158730159,0.6448005698005698,0.21474243115985459,0.18812375583431942,balanced_50
context_size_balance_by_k,balanced_50,7,21,20,0.5,0.5,230,115,115,33,12,21,14,7,4,8,0.5,0.6666666666666666,0.5333333333333333,0.6666666666666666,0.6666666666666666,0.6666666666666666,0.7777777777777778,15,0.45454545454545453,1.875,0.5925925925925926,0.6349206349206349,0.753968253968254,0.6241856617117506,0.21670215032903592,0.16477287086573517,balanced_50
context_size_balance_by_k,balanced_50,7,42,1,0.5,0.5,230,115,115,33,12,21,14,7,3,9,0.5,0.696969696969697,0.5625,0.75,0.6666666666666666,0.7083333333333333,0.8235294117647058,16,0.48484848484848486,1.7777777777777777,0.6428571428571429,0.703125,0.7103174603174603,0.5729052197802198,0.22146575981683628,0.2190451771020889,balanced_50
context_size_balance_by_k,balanced_50,7,42,20,0.5,0.5,230,115,115,33,12,21,15,6,4,8,0.5,0.696969696969697,0.5714285714285714,0.6666666666666666,0.7142857142857143,0.6904761904761905,0.7894736842105263,14,0.42424242424242425,1.75,0.6153846153846154,0.6451612903225806,0.75,0.6214283087705741,0.21624191768626908,0.1870171685110439,balanced_50
context_size_balance_by_k,balanced_50,7,99,1,0.5,0.5,230,115,115,33,12,21,12,9,2,10,0.5,0.6666666666666666,0.5263157894736842,0.8333333333333334,0.5714285714285714,0.7023809523809523,0.8571428571428571,19,0.5757575757575758,1.9,0.6451612903225806,0.746268656716418,0.7777777777777778,0.662289673927605,0.20809134815659844,0.1795260165676926,balanced_50
context_size_balance_by_k,balanced_50,7,99,20,0.5,0.5,230,115,115,33,12,21,15,6,4,8,0.5,0.696969696969697,0.5714285714285714,0.6666666666666666,0.7142857142857143,0.6904761904761905,0.7894736842105263,14,0.42424242424242425,1.75,0.6153846153846154,0.6451612903225806,0.746031746031746,0.6279467060717061,0.2151120240335735,0.16226265195644266,balanced_50
context_size_balance_by_k,balanced_50,8,1,1,0.5,0.5,230,115,115,33,12,21,15,6,2,10,0.5,0.7575757575757576,0.625,0.8333333333333334,0.7142857142857143,0.7738095238095238,0.8823529411764706,16,0.48484848484848486,1.6,0.7142857142857143,0.78125,0.8273809523809523,0.760683556639439,0.18156491037076197,0.19074511979565476,balanced_50
context_size_balance_by_k,balanced_50,8,1,20,0.5,0.5,230,115,115,33,12,21,15,6,2,10,0.5,0.7575757575757576,0.625,0.8333333333333334,0.7142857142857143,0.7738095238095238,0.8823529411764706,16,0.48484848484848486,1.6,0.7142857142857143,0.78125,0.8095238095238094,0.717592388548271,0.1824020313201034,0.1810413111339916,balanced_50
context_size_balance_by_k,balanced_50,8,7,1,0.5,0.5,230,115,115,33,12,21,15,6,1,11,0.5,0.7878787878787878,0.6470588235294118,0.9166666666666666,0.7142857142857143,0.8154761904761905,0.9375,17,0.5151515151515151,1.5454545454545454,0.7586206896551724,0.8461538461538461,0.8293650793650793,0.7663714989653124,0.17288152271417992,0.19491898471658878,balanced_50
context_size_balance_by_k,balanced_50,8,7,20,0.5,0.5,230,115,115,33,12,21,15,6,2,10,0.5,0.7575757575757576,0.625,0.8333333333333334,0.7142857142857143,0.7738095238095238,0.8823529411764706,16,0.48484848484848486,1.6,0.7142857142857143,0.78125,0.8095238095238094,0.717592388548271,0.1826260779015819,0.18249106136235327,balanced_50
context_size_balance_by_k,balanced_50,8,21,1,0.5,0.5,230,115,115,33,12,21,16,5,2,10,0.5,0.7878787878787878,0.6666666666666666,0.8333333333333334,0.7619047619047619,0.7976190476190477,0.8888888888888888,15,0.45454545454545453,1.5,0.7407407407407407,0.7936507936507936,0.8015873015873016,0.6883953084891219,0.1858479137110481,0.1965486186020302,balanced_50
context_size_balance_by_k,balanced_50,8,21,20,0.5,0.5,230,115,115,33,12,21,15,6,2,10,0.5,0.7575757575757576,0.625,0.8333333333333334,0.7142857142857143,0.7738095238095238,0.8823529411764706,16,0.48484848484848486,1.6,0.7142857142857143,0.78125,0.8214285714285714,0.7322194281753106,0.18014686914574707,0.18117646466601975,balanced_50
context_size_balance_by_k,balanced_50,8,42,1,0.5,0.5,230,115,115,33,12,21,15,6,1,11,0.5,0.7878787878787878,0.6470588235294118,0.9166666666666666,0.7142857142857143,0.8154761904761905,0.9375,17,0.5151515151515151,1.5454545454545454,0.7586206896551724,0.8461538461538461,0.7976190476190476,0.708396260602143,0.18528213999153362,0.2117317467927933,balanced_50
context_size_balance_by_k,balanced_50,8,42,20,0.5,0.5,230,115,115,33,12,21,15,6,2,10,0.5,0.7575757575757576,0.625,0.8333333333333334,0.7142857142857143,0.7738095238095238,0.8823529411764706,16,0.48484848484848486,1.6,0.7142857142857143,0.78125,0.8214285714285714,0.7382800342359166,0.17984113757089715,0.18141491169279275,balanced_50
context_size_balance_by_k,balanced_50,8,99,1,0.5,0.5,230,115,115,33,12,21,15,6,1,11,0.5,0.7878787878787878,0.6470588235294118,0.9166666666666666,0.7142857142857143,0.8154761904761905,0.9375,17,0.5151515151515151,1.5454545454545454,0.7586206896551724,0.8461538461538461,0.7896825396825397,0.6868824025963495,0.18615891437315515,0.2394206912228555,balanced_50
context_size_balance_by_k,balanced_50,8,99,20,0.5,0.5,230,115,115,33,12,21,15,6,2,10,0.5,0.7575757575757576,0.625,0.8333333333333334,0.7142857142857143,0.7738095238095238,0.8823529411764706,16,0.48484848484848486,1.6,0.7142857142857143,0.78125,0.8174603174603174,0.7361439758498582,0.18474027847497604,0.1847953250010808,balanced_50
context_size_balance_by_k,balanced_50,9,1,1,0.5,0.5,230,115,115,33,12,21,18,3,1,11,0.5,0.8787878787878788,0.7857142857142857,0.9166666666666666,0.8571428571428571,0.8869047619047619,0.9473684210526315,14,0.42424242424242425,1.2727272727272727,0.8461538461538461,0.8870967741935484,0.9047619047619048,0.8248466810966811,0.1503006096907077,0.23367657535003897,balanced_50
context_size_balance_by_k,balanced_50,9,1,20,0.5,0.5,230,115,115,33,12,21,18,3,1,11,0.5,0.8787878787878788,0.7857142857142857,0.9166666666666666,0.8571428571428571,0.8869047619047619,0.9473684210526315,14,0.42424242424242425,1.2727272727272727,0.8461538461538461,0.8870967741935484,0.8968253968253969,0.8147685446598489,0.14368963358148898,0.22710878198797055,balanced_50
context_size_balance_by_k,balanced_50,9,7,1,0.5,0.5,230,115,115,33,12,21,19,2,1,11,0.5,0.9090909090909091,0.8461538461538461,0.9166666666666666,0.9047619047619048,0.9107142857142857,0.95,13,0.3939393939393939,1.1818181818181819,0.88,0.9016393442622951,0.9246031746031746,0.8538012368894723,0.14076251221234176,0.28254798596555536,balanced_50
context_size_balance_by_k,balanced_50,9,7,20,0.5,0.5,230,115,115,33,12,21,18,3,1,11,0.5,0.8787878787878788,0.7857142857142857,0.9166666666666666,0.8571428571428571,0.8869047619047619,0.9473684210526315,14,0.42424242424242425,1.2727272727272727,0.8461538461538461,0.8870967741935484,0.8928571428571429,0.7978956228956229,0.14141144169461828,0.21571699913704034,balanced_50
context_size_balance_by_k,balanced_50,9,21,1,0.5,0.5,230,115,115,33,12,21,18,3,2,10,0.5,0.8484848484848485,0.7692307692307693,0.8333333333333334,0.8571428571428571,0.8452380952380952,0.9,13,0.3939393939393939,1.3,0.8,0.819672131147541,0.8849206349206349,0.8125117937617937,0.14110903114385343,0.19232477428335132,balanced_50
context_size_balance_by_k,balanced_50,9,21,20,0.5,0.5,230,115,115,33,12,21,18,3,2,10,0.5,0.8484848484848485,0.7692307692307693,0.8333333333333334,0.8571428571428571,0.8452380952380952,0.9,13,0.3939393939393939,1.3,0.8,0.819672131147541,0.888888888888889,0.8004980928893972,0.14310269337562534,0.192843546018456,balanced_50
context_size_balance_by_k,balanced_50,9,42,1,0.5,0.5,230,115,115,33,12,21,18,3,1,11,0.5,0.8787878787878788,0.7857142857142857,0.9166666666666666,0.8571428571428571,0.8869047619047619,0.9473684210526315,14,0.42424242424242425,1.2727272727272727,0.8461538461538461,0.8870967741935484,0.8928571428571428,0.8009559683472728,0.1377521343832835,0.19876849922266873,balanced_50
context_size_balance_by_k,balanced_50,9,42,20,0.5,0.5,230,115,115,33,12,21,18,3,1,11,0.5,0.8787878787878788,0.7857142857142857,0.9166666666666666,0.8571428571428571,0.8869047619047619,0.9473684210526315,14,0.42424242424242425,1.2727272727272727,0.8461538461538461,0.8870967741935484,0.8928571428571429,0.7978956228956229,0.14197170363208456,0.21786739654613263,balanced_50
context_size_balance_by_k,balanced_50,9,99,1,0.5,0.5,230,115,115,33,12,21,19,2,2,10,0.5,0.8787878787878788,0.8333333333333334,0.8333333333333334,0.9047619047619048,0.8690476190476191,0.9047619047619048,12,0.36363636363636365,1.2,0.8333333333333334,0.8333333333333334,0.9087301587301587,0.8212902837902838,0.1370683622100716,0.2193617229208802,balanced_50
context_size_balance_by_k,balanced_50,9,99,20,0.5,0.5,230,115,115,33,12,21,18,3,1,11,0.5,0.8787878787878788,0.7857142857142857,0.9166666666666666,0.8571428571428571,0.8869047619047619,0.9473684210526315,14,0.42424242424242425,1.2727272727272727,0.8461538461538461,0.8870967741935484,0.9007936507936508,0.8135674510674511,0.14212625013910263,0.21832658079537481,balanced_50
context_size_balance_by_k,balanced_50,10,1,1,0.5,0.5,228,114,114,33,13,20,13,7,2,11,0.5,0.7272727272727273,0.6111111111111112,0.8461538461538461,0.65,0.7480769230769231,0.8666666666666667,18,0.5454545454545454,1.6363636363636365,0.7096774193548387,0.7857142857142857,0.8326923076923076,0.7382842027908918,0.1825136517899563,0.16913195451100668,balanced_50
context_size_balance_by_k,balanced_50,10,1,20,0.5,0.5,228,114,114,33,13,20,13,7,2,11,0.5,0.7272727272727273,0.6111111111111112,0.8461538461538461,0.65,0.7480769230769231,0.8666666666666667,18,0.5454545454545454,1.6363636363636365,0.7096774193548387,0.7857142857142857,0.8576923076923078,0.8154633378317588,0.16748532726025908,0.23493022584553921,balanced_50
context_size_balance_by_k,balanced_50,10,7,1,0.5,0.5,228,114,114,33,13,20,14,6,2,11,0.5,0.7575757575757576,0.6470588235294118,0.8461538461538461,0.7,0.773076923076923,0.875,17,0.5151515151515151,1.5454545454545454,0.7333333333333333,0.7971014492753623,0.8423076923076923,0.7312211910896123,0.18031256446587005,0.1916844253287171,balanced_50
context_size_balance_by_k,balanced_50,10,7,20,0.5,0.5,228,114,114,33,13,20,13,7,1,12,0.5,0.7575757575757576,0.631578947368421,0.9230769230769231,0.65,0.7865384615384616,0.9285714285714286,19,0.5757575757575758,1.5833333333333333,0.75,0.8450704225352113,0.8576923076923076,0.8150234182741922,0.16430366661101656,0.24642637417171942,balanced_50
context_size_balance_by_k,balanced_50,10,21,1,0.5,0.5,228,114,114,33,13,20,13,7,2,11,0.5,0.7272727272727273,0.6111111111111112,0.8461538461538461,0.65,0.7480769230769231,0.8666666666666667,18,0.5454545454545454,1.6363636363636365,0.7096774193548387,0.7857142857142857,0.8538461538461539,0.8115185646562164,0.16792008604221176,0.24271289101152707,balanced_50
context_size_balance_by_k,balanced_50,10,21,20,0.5,0.5,228,114,114,33,13,20,13,7,2,11,0.5,0.7272727272727273,0.6111111111111112,0.8461538461538461,0.65,0.7480769230769231,0.8666666666666667,18,0.5454545454545454,1.6363636363636365,0.7096774193548387,0.7857142857142857,0.8615384615384616,0.8182285464793204,0.1669687773726306,0.2500441593654228,balanced_50
context_size_balance_by_k,balanced_50,10,42,1,0.5,0.5,228,114,114,33,13,20,14,6,3,10,0.5,0.7272727272727273,0.625,0.7692307692307693,0.7,0.7346153846153847,0.8235294117647058,16,0.48484848484848486,1.6,0.6896551724137931,0.7352941176470589,0.8692307692307693,0.83670875907718,0.1708872841768423,0.17416128200111966,balanced_50
context_size_balance_by_k,balanced_50,10,42,20,0.5,0.5,228,114,114,33,13,20,13,7,1,12,0.5,0.7575757575757576,0.631578947368421,0.9230769230769231,0.65,0.7865384615384616,0.9285714285714286,19,0.5757575757575758,1.5833333333333333,0.75,0.8450704225352113,0.8615384615384616,0.8182285464793204,0.1651832100335121,0.233415681755904,balanced_50
context_size_balance_by_k,balanced_50,10,99,1,0.5,0.5,228,114,114,33,13,20,13,7,2,11,0.5,0.7272727272727273,0.6111111111111112,0.8461538461538461,0.65,0.7480769230769231,0.8666666666666667,18,0.5454545454545454,1.6363636363636365,0.7096774193548387,0.7857142857142857,0.8576923076923078,0.8154633378317588,0.17611980748850378,0.14165159653533588,balanced_50
context_size_balance_by_k,balanced_50,10,99,20,0.5,0.5,228,114,114,33,13,20,13,7,2,11,0.5,0.7272727272727273,0.6111111111111112,0.8461538461538461,0.65,0.7480769230769231,0.8666666666666667,18,0.5454545454545454,1.6363636363636365,0.7096774193548387,0.7857142857142857,0.8576923076923078,0.8154633378317588,0.16646114761066344,0.2502631319291664,balanced_50
context_size_balance_by_k,full_natural,1,1,1,natural,0.37748344370860926,302,114,188,34,13,21,18,3,5,8,0.5,0.7647058823529411,0.7272727272727273,0.6153846153846154,0.8571428571428571,0.7362637362637363,0.782608695652174,11,0.3235294117647059,1.375,0.6666666666666666,0.6349206349206349,0.8315018315018315,0.7831113331113331,0.16212066938416136,0.10872831261333298,full_natural
context_size_balance_by_k,full_natural,1,1,20,natural,0.37748344370860926,302,114,188,34,13,21,18,3,5,8,0.5,0.7647058823529411,0.7272727272727273,0.6153846153846154,0.8571428571428571,0.7362637362637363,0.782608695652174,11,0.3235294117647059,1.375,0.6666666666666666,0.6349206349206349,0.8351648351648352,0.7867743367743367,0.16078881796225888,0.10828140027382795,full_natural
context_size_balance_by_k,full_natural,1,7,1,natural,0.37748344370860926,302,114,188,34,13,21,18,3,5,8,0.5,0.7647058823529411,0.7272727272727273,0.6153846153846154,0.8571428571428571,0.7362637362637363,0.782608695652174,11,0.3235294117647059,1.375,0.6666666666666666,0.6349206349206349,0.8388278388278388,0.7910008794624179,0.16082739177960467,0.10726721453316072,full_natural
context_size_balance_by_k,full_natural,1,7,20,natural,0.37748344370860926,302,114,188,34,13,21,18,3,5,8,0.5,0.7647058823529411,0.7272727272727273,0.6153846153846154,0.8571428571428571,0.7362637362637363,0.782608695652174,11,0.3235294117647059,1.375,0.6666666666666666,0.6349206349206349,0.8315018315018315,0.7831113331113331,0.16100769000492984,0.10882685421144261,full_natural
context_size_balance_by_k,full_natural,1,21,1,natural,0.37748344370860926,302,114,188,34,13,21,18,3,5,8,0.5,0.7647058823529411,0.7272727272727273,0.6153846153846154,0.8571428571428571,0.7362637362637363,0.782608695652174,11,0.3235294117647059,1.375,0.6666666666666666,0.6349206349206349,0.8388278388278388,0.7883056915564655,0.16269695874144255,0.1357528381049633,full_natural
context_size_balance_by_k,full_natural,1,21,20,natural,0.37748344370860926,302,114,188,34,13,21,18,3,5,8,0.5,0.7647058823529411,0.7272727272727273,0.6153846153846154,0.8571428571428571,0.7362637362637363,0.782608695652174,11,0.3235294117647059,1.375,0.6666666666666666,0.6349206349206349,0.8351648351648352,0.7867743367743367,0.16068629228711637,0.1084998863584855,full_natural
context_size_balance_by_k,full_natural,1,42,1,natural,0.37748344370860926,302,114,188,34,13,21,18,3,5,8,0.5,0.7647058823529411,0.7272727272727273,0.6153846153846154,0.8571428571428571,0.7362637362637363,0.782608695652174,11,0.3235294117647059,1.375,0.6666666666666666,0.6349206349206349,0.8351648351648352,0.7756162640778024,0.16088915277141252,0.0920860600822112,full_natural
context_size_balance_by_k,full_natural,1,42,20,natural,0.37748344370860926,302,114,188,34,13,21,18,3,5,8,0.5,0.7647058823529411,0.7272727272727273,0.6153846153846154,0.8571428571428571,0.7362637362637363,0.782608695652174,11,0.3235294117647059,1.375,0.6666666666666666,0.6349206349206349,0.8351648351648352,0.7867743367743367,0.16082088703424963,0.10840508582837441,full_natural
context_size_balance_by_k,full_natural,1,99,1,natural,0.37748344370860926,302,114,188,34,13,21,18,3,5,8,0.5,0.7647058823529411,0.7272727272727273,0.6153846153846154,0.8571428571428571,0.7362637362637363,0.782608695652174,11,0.3235294117647059,1.375,0.6666666666666666,0.6349206349206349,0.8351648351648352,0.7803820362643892,0.16062626705360766,0.09088830343064142,full_natural
context_size_balance_by_k,full_natural,1,99,20,natural,0.37748344370860926,302,114,188,34,13,21,18,3,5,8,0.5,0.7647058823529411,0.7272727272727273,0.6153846153846154,0.8571428571428571,0.7362637362637363,0.782608695652174,11,0.3235294117647059,1.375,0.6666666666666666,0.6349206349206349,0.8315018315018315,0.7831113331113331,0.1608667945596258,0.10836500543005326,full_natural
context_size_balance_by_k,full_natural,2,1,1,natural,0.37748344370860926,302,114,188,34,13,21,18,3,7,6,0.5,0.7058823529411765,0.6666666666666666,0.46153846153846156,0.8571428571428571,0.6593406593406593,0.72,9,0.2647058823529412,1.5,0.5454545454545454,0.4918032786885246,0.6813186813186813,0.6200451686999942,0.2085323794119535,0.1287215917425997,full_natural
context_size_balance_by_k,full_natural,2,1,20,natural,0.37748344370860926,302,114,188,34,13,21,18,3,7,6,0.5,0.7058823529411765,0.6666666666666666,0.46153846153846156,0.8571428571428571,0.6593406593406593,0.72,9,0.2647058823529412,1.5,0.5454545454545454,0.4918032786885246,0.6849816849816851,0.6144457823313771,0.20860164532074948,0.1286792549140313,full_natural
context_size_balance_by_k,full_natural,2,7,1,natural,0.37748344370860926,302,114,188,34,13,21,18,3,7,6,0.5,0.7058823529411765,0.6666666666666666,0.46153846153846156,0.8571428571428571,0.6593406593406593,0.72,9,0.2647058823529412,1.5,0.5454545454545454,0.4918032786885246,0.6813186813186813,0.61580976922168,0.20787102459997608,0.12852126009324016,full_natural
context_size_balance_by_k,full_natural,2,7,20,natural,0.37748344370860926,302,114,188,34,13,21,18,3,7,6,0.5,0.7058823529411765,0.6666666666666666,0.46153846153846156,0.8571428571428571,0.6593406593406593,0.72,9,0.2647058823529412,1.5,0.5454545454545454,0.4918032786885246,0.6813186813186813,0.6124214908334014,0.2085218413058554,0.12811831078108618,full_natural
context_size_balance_by_k,full_natural,2,21,1,natural,0.37748344370860926,302,114,188,34,13,21,18,3,7,6,0.5,0.7058823529411765,0.6666666666666666,0.46153846153846156,0.8571428571428571,0.6593406593406593,0.72,9,0.2647058823529412,1.5,0.5454545454545454,0.4918032786885246,0.6813186813186813,0.6124214908334014,0.2092612254235725,0.12851070174399543,full_natural
context_size_balance_by_k,full_natural,2,21,20,natural,0.37748344370860926,302,114,188,34,13,21,18,3,7,6,0.5,0.7058823529411765,0.6666666666666666,0.46153846153846156,0.8571428571428571,0.6593406593406593,0.72,9,0.2647058823529412,1.5,0.5454545454545454,0.4918032786885246,0.684981684981685,0.6226779010898118,0.20854723386412968,0.1277876632178531,full_natural
context_size_balance_by_k,full_natural,2,42,1,natural,0.37748344370860926,302,114,188,34,13,21,18,3,7,6,0.5,0.7058823529411765,0.6666666666666666,0.46153846153846156,0.8571428571428571,0.6593406593406593,0.72,9,0.2647058823529412,1.5,0.5454545454545454,0.4918032786885246,0.6886446886446886,0.6422626947636743,0.20867438686838793,0.12586722698281794,full_natural
context_size_balance_by_k,full_natural,2,42,20,natural,0.37748344370860926,302,114,188,34,13,21,18,3,7,6,0.5,0.7058823529411765,0.6666666666666666,0.46153846153846156,0.8571428571428571,0.6593406593406593,0.72,9,0.2647058823529412,1.5,0.5454545454545454,0.4918032786885246,0.6813186813186813,0.6132404349721836,0.20786881918748407,0.12783227685619802,full_natural
context_size_balance_by_k,full_natural,2,99,1,natural,0.37748344370860926,302,114,188,34,13,21,18,3,7,6,0.5,0.7058823529411765,0.6666666666666666,0.46153846153846156,0.8571428571428571,0.6593406593406593,0.72,9,0.2647058823529412,1.5,0.5454545454545454,0.4918032786885246,0.6923076923076923,0.6271201431978364,0.2077623965845526,0.12710121843744726,full_natural
context_size_balance_by_k,full_natural,2,99,20,natural,0.37748344370860926,302,114,188,34,13,21,18,3,7,6,0.5,0.7058823529411765,0.6666666666666666,0.46153846153846156,0.8571428571428571,0.6593406593406593,0.72,9,0.2647058823529412,1.5,0.5454545454545454,0.4918032786885246,0.6813186813186813,0.6214725537306183,0.20871128835677724,0.12811499242396918,full_natural
context_size_balance_by_k,full_natural,3,1,1,natural,0.37748344370860926,302,114,188,34,13,21,16,5,8,5,0.5,0.6176470588235294,0.5,0.38461538461538464,0.7619047619047619,0.5732600732600732,0.6666666666666666,10,0.29411764705882354,2.0,0.43478260869565216,0.4032258064516129,0.5677655677655677,0.4533308714077945,0.2560307893418243,0.2213706911048468,full_natural
context_size_balance_by_k,full_natural,3,1,20,natural,0.37748344370860926,302,114,188,34,13,21,16,5,8,5,0.5,0.6176470588235294,0.5,0.38461538461538464,0.7619047619047619,0.5732600732600732,0.6666666666666666,10,0.29411764705882354,2.0,0.43478260869565216,0.4032258064516129,0.5641025641025641,0.4511330692099923,0.25478869377654145,0.22270273789763448,full_natural
context_size_balance_by_k,full_natural,3,7,1,natural,0.37748344370860926,302,114,188,34,13,21,16,5,8,5,0.5,0.6176470588235294,0.5,0.38461538461538464,0.7619047619047619,0.5732600732600732,0.6666666666666666,10,0.29411764705882354,2.0,0.43478260869565216,0.4032258064516129,0.5750915750915752,0.4573319984858446,0.25509338328704745,0.2225570777321563,full_natural
context_size_balance_by_k,full_natural,3,7,20,natural,0.37748344370860926,302,114,188,34,13,21,16,5,8,5,0.5,0.6176470588235294,0.5,0.38461538461538464,0.7619047619047619,0.5732600732600732,0.6666666666666666,10,0.29411764705882354,2.0,0.43478260869565216,0.4032258064516129,0.5641025641025641,0.4511330692099923,0.2542643787188358,0.22259537963306206,full_natural
context_size_balance_by_k,full_natural,3,21,1,natural,0.37748344370860926,302,114,188,34,13,21,16,5,8,5,0.5,0.6176470588235294,0.5,0.38461538461538464,0.7619047619047619,0.5732600732600732,0.6666666666666666,10,0.29411764705882354,2.0,0.43478260869565216,0.4032258064516129,0.5714285714285714,0.45586679702064314,0.2538565402719127,0.22272030833889456,full_natural
context_size_balance_by_k,full_natural,3,21,20,natural,0.37748344370860926,302,114,188,34,13,21,16,5,8,5,0.5,0.6176470588235294,0.5,0.38461538461538464,0.7619047619047619,0.5732600732600732,0.6666666666666666,10,0.29411764705882354,2.0,0.43478260869565216,0.4032258064516129,0.5641025641025641,0.4511330692099923,0.25487238813316965,0.2226921883137787,full_natural
context_size_balance_by_k,full_natural,3,42,1,natural,0.37748344370860926,302,114,188,34,13,21,15,6,8,5,0.5,0.5882352941176471,0.45454545454545453,0.38461538461538464,0.7142857142857143,0.5494505494505495,0.6521739130434783,11,0.3235294117647059,2.2,0.4166666666666667,0.3968253968253968,0.5604395604395604,0.44763656571348875,0.2565895402396651,0.22135538498268403,full_natural
context_size_balance_by_k,full_natural,3,42,20,natural,0.37748344370860926,302,114,188,34,13,21,16,5,8,5,0.5,0.6176470588235294,0.5,0.38461538461538464,0.7619047619047619,0.5732600732600732,0.6666666666666666,10,0.29411764705882354,2.0,0.43478260869565216,0.4032258064516129,0.5641025641025641,0.4511330692099923,0.25455714139746416,0.22209590936408324,full_natural
context_size_balance_by_k,full_natural,3,99,1,natural,0.37748344370860926,302,114,188,34,13,21,16,5,8,5,0.5,0.6176470588235294,0.5,0.38461538461538464,0.7619047619047619,0.5732600732600732,0.6666666666666666,10,0.29411764705882354,2.0,0.43478260869565216,0.4032258064516129,0.5677655677655677,0.4552539483308714,0.2526136377692864,0.2217871253104771,full_natural
context_size_balance_by_k,full_natural,3,99,20,natural,0.37748344370860926,302,114,188,34,13,21,16,5,8,5,0.5,0.6176470588235294,0.5,0.38461538461538464,0.7619047619047619,0.5732600732600732,0.6666666666666666,10,0.29411764705882354,2.0,0.43478260869565216,0.4032258064516129,0.5641025641025641,0.4511330692099923,0.2549135266392406,0.22188226703335256,full_natural
context_size_balance_by_k,full_natural,4,1,1,natural,0.37748344370860926,302,114,188,34,13,21,17,4,10,3,0.5,0.5882352941176471,0.42857142857142855,0.23076923076923078,0.8095238095238095,0.5201465201465202,0.6296296296296297,7,0.20588235294117646,2.3333333333333335,0.3,0.2542372881355932,0.6630036630036631,0.5111828196630996,0.24280564831038276,0.19894636816838207,full_natural
context_size_balance_by_k,full_natural,4,1,20,natural,0.37748344370860926,302,114,188,34,13,21,17,4,10,3,0.5,0.5882352941176471,0.42857142857142855,0.23076923076923078,0.8095238095238095,0.5201465201465202,0.6296296296296297,7,0.20588235294117646,2.3333333333333335,0.3,0.2542372881355932,0.6593406593406593,0.508077594372276,0.24189075735476398,0.25751084308413896,full_natural
context_size_balance_by_k,full_natural,4,7,1,natural,0.37748344370860926,302,114,188,34,13,21,17,4,10,3,0.5,0.5882352941176471,0.42857142857142855,0.23076923076923078,0.8095238095238095,0.5201465201465202,0.6296296296296297,7,0.20588235294117646,2.3333333333333335,0.3,0.2542372881355932,0.652014652014652,0.5044257155605506,0.24380395755540238,0.23110362449113062,full_natural
context_size_balance_by_k,full_natural,4,7,20,natural,0.37748344370860926,302,114,188,34,13,21,17,4,10,3,0.5,0.5882352941176471,0.42857142857142855,0.23076923076923078,0.8095238095238095,0.5201465201465202,0.6296296296296297,7,0.20588235294117646,2.3333333333333335,0.3,0.2542372881355932,0.6593406593406593,0.508077594372276,0.24237103760011353,0.2579998264417929,full_natural
context_size_balance_by_k,full_natural,4,21,1,natural,0.37748344370860926,302,114,188,34,13,21,17,4,9,4,0.5,0.6176470588235294,0.5,0.3076923076923077,0.8095238095238095,0.5586080586080586,0.6538461538461539,8,0.23529411764705882,2.0,0.38095238095238093,0.3333333333333333,0.6593406593406594,0.5086489433131901,0.24230490339710647,0.19060692958095496,full_natural
context_size_balance_by_k,full_natural,4,21,20,natural,0.37748344370860926,302,114,188,34,13,21,17,4,10,3,0.5,0.5882352941176471,0.42857142857142855,0.23076923076923078,0.8095238095238095,0.5201465201465202,0.6296296296296297,7,0.20588235294117646,2.3333333333333335,0.3,0.2542372881355932,0.6593406593406593,0.508077594372276,0.24231027249618867,0.25767693252247925,full_natural
context_size_balance_by_k,full_natural,4,42,1,natural,0.37748344370860926,302,114,188,34,13,21,17,4,10,3,0.5,0.5882352941176471,0.42857142857142855,0.23076923076923078,0.8095238095238095,0.5201465201465202,0.6296296296296297,7,0.20588235294117646,2.3333333333333335,0.3,0.2542372881355932,0.6630036630036631,0.50972120937796,0.2430391412824721,0.24052479096195278,full_natural
context_size_balance_by_k,full_natural,4,42,20,natural,0.37748344370860926,302,114,188,34,13,21,17,4,10,3,0.5,0.5882352941176471,0.42857142857142855,0.23076923076923078,0.8095238095238095,0.5201465201465202,0.6296296296296297,7,0.20588235294117646,2.3333333333333335,0.3,0.2542372881355932,0.6593406593406593,0.508077594372276,0.24192565223662796,0.21659042642397036,full_natural
context_size_balance_by_k,full_natural,4,99,1,natural,0.37748344370860926,302,114,188,34,13,21,17,4,10,3,0.5,0.5882352941176471,0.42857142857142855,0.23076923076923078,0.8095238095238095,0.5201465201465202,0.6296296296296297,7,0.20588235294117646,2.3333333333333335,0.3,0.2542372881355932,0.6593406593406593,0.5082571533753644,0.2420831543346067,0.25899728453334636,full_natural
context_size_balance_by_k,full_natural,4,99,20,natural,0.37748344370860926,302,114,188,34,13,21,17,4,9,4,0.5,0.6176470588235294,0.5,0.3076923076923077,0.8095238095238095,0.5586080586080586,0.6538461538461539,8,0.23529411764705882,2.0,0.38095238095238093,0.3333333333333333,0.6593406593406593,0.508077594372276,0.24163115655403597,0.25759293445769477,full_natural
context_size_balance_by_k,full_natural,5,1,1,natural,0.37748344370860926,302,114,188,34,13,21,18,3,8,5,0.5,0.6764705882352942,0.625,0.38461538461538464,0.8571428571428571,0.6208791208791209,0.6923076923076923,8,0.23529411764705882,1.6,0.47619047619047616,0.4166666666666667,0.7472527472527473,0.6626491563991563,0.19664583571336947,0.18509948516593258,full_natural
context_size_balance_by_k,full_natural,5,1,20,natural,0.37748344370860926,302,114,188,34,13,21,18,3,7,6,0.5,0.7058823529411765,0.6666666666666666,0.46153846153846156,0.8571428571428571,0.6593406593406593,0.72,9,0.2647058823529412,1.5,0.5454545454545454,0.4918032786885246,0.7545787545787546,0.6756105539759385,0.19518379589553328,0.15579019881346645,full_natural
context_size_balance_by_k,full_natural,5,7,1,natural,0.37748344370860926,302,114,188,34,13,21,18,3,8,5,0.5,0.6764705882352942,0.625,0.38461538461538464,0.8571428571428571,0.6208791208791209,0.6923076923076923,8,0.23529411764705882,1.6,0.47619047619047616,0.4166666666666667,0.7472527472527473,0.6626491563991563,0.19725087626545784,0.14303917832234325,full_natural
context_size_balance_by_k,full_natural,5,7,20,natural,0.37748344370860926,302,114,188,34,13,21,18,3,8,5,0.5,0.6764705882352942,0.625,0.38461538461538464,0.8571428571428571,0.6208791208791209,0.6923076923076923,8,0.23529411764705882,1.6,0.47619047619047616,0.4166666666666667,0.7545787545787546,0.6756105539759385,0.1952596802836209,0.18514342167798212,full_natural
context_size_balance_by_k,full_natural,5,21,1,natural,0.37748344370860926,302,114,188,34,13,21,18,3,8,5,0.5,0.6764705882352942,0.625,0.38461538461538464,0.8571428571428571,0.6208791208791209,0.6923076923076923,8,0.23529411764705882,1.6,0.47619047619047616,0.4166666666666667,0.750915750915751,0.6664530448184294,0.19538317450214213,0.18012861754087842,full_natural
context_size_balance_by_k,full_natural,5,21,20,natural,0.37748344370860926,302,114,188,34,13,21,18,3,8,5,0.5,0.6764705882352942,0.625,0.38461538461538464,0.8571428571428571,0.6208791208791209,0.6923076923076923,8,0.23529411764705882,1.6,0.47619047619047616,0.4166666666666667,0.750915750915751,0.6664530448184294,0.19578237448309205,0.1851437683491146,full_natural
context_size_balance_by_k,full_natural,5,42,1,natural,0.37748344370860926,302,114,188,34,13,21,18,3,7,6,0.5,0.7058823529411765,0.6666666666666666,0.46153846153846156,0.8571428571428571,0.6593406593406593,0.72,9,0.2647058823529412,1.5,0.5454545454545454,0.4918032786885246,0.7472527472527473,0.6655060751214597,0.19583492689508242,0.10975487705539257,full_natural
context_size_balance_by_k,full_natural,5,42,20,natural,0.37748344370860926,302,114,188,34,13,21,18,3,7,6,0.5,0.7058823529411765,0.6666666666666666,0.46153846153846156,0.8571428571428571,0.6593406593406593,0.72,9,0.2647058823529412,1.5,0.5454545454545454,0.4918032786885246,0.7582417582417582,0.6805056588710434,0.19473233250157912,0.1549518025096725,full_natural
context_size_balance_by_k,full_natural,5,99,1,natural,0.37748344370860926,302,114,188,34,13,21,18,3,8,5,0.5,0.6764705882352942,0.625,0.38461538461538464,0.8571428571428571,0.6208791208791209,0.6923076923076923,8,0.23529411764705882,1.6,0.47619047619047616,0.4166666666666667,0.7582417582417582,0.6805056588710434,0.19486675239082163,0.18160575803588416,full_natural
context_size_balance_by_k,full_natural,5,99,20,natural,0.37748344370860926,302,114,188,34,13,21,18,3,7,6,0.5,0.7058823529411765,0.6666666666666666,0.46153846153846156,0.8571428571428571,0.6593406593406593,0.72,9,0.2647058823529412,1.5,0.5454545454545454,0.4918032786885246,0.7545787545787546,0.6756105539759385,0.1949179279338515,0.15533062136348555,full_natural
context_size_balance_by_k,full_natural,6,1,1,natural,0.37748344370860926,302,114,188,34,13,21,20,1,7,6,0.5,0.7647058823529411,0.8571428571428571,0.46153846153846156,0.9523809523809523,0.7069597069597069,0.7407407407407407,7,0.20588235294117646,1.1666666666666667,0.6,0.5084745762711864,0.6483516483516484,0.6908434158434158,0.20367661848433743,0.19679422041072564,full_natural
context_size_balance_by_k,full_natural,6,1,20,natural,0.37748344370860926,302,114,188,34,13,21,20,1,7,6,0.5,0.7647058823529411,0.8571428571428571,0.46153846153846156,0.9523809523809523,0.7069597069597069,0.7407407407407407,7,0.20588235294117646,1.1666666666666667,0.6,0.5084745762711864,0.6446886446886446,0.693198903493021,0.20332883810147231,0.19708854354479735,full_natural
context_size_balance_by_k,full_natural,6,7,1,natural,0.37748344370860926,302,114,188,34,13,21,20,1,7,6,0.5,0.7647058823529411,0.8571428571428571,0.46153846153846156,0.9523809523809523,0.7069597069597069,0.7407407407407407,7,0.20588235294117646,1.1666666666666667,0.6,0.5084745762711864,0.6446886446886446,0.693198903493021,0.20404940422271745,0.22331952544696188,full_natural
context_size_balance_by_k,full_natural,6,7,20,natural,0.37748344370860926,302,114,188,34,13,21,20,1,7,6,0.5,0.7647058823529411,0.8571428571428571,0.46153846153846156,0.9523809523809523,0.7069597069597069,0.7407407407407407,7,0.20588235294117646,1.1666666666666667,0.6,0.5084745762711864,0.6483516483516483,0.699181809475927,0.20304642391613967,0.1970611762474565,full_natural
context_size_balance_by_k,full_natural,6,21,1,natural,0.37748344370860926,302,114,188,34,13,21,20,1,7,6,0.5,0.7647058823529411,0.8571428571428571,0.46153846153846156,0.9523809523809523,0.7069597069597069,0.7407407407407407,7,0.20588235294117646,1.1666666666666667,0.6,0.5084745762711864,0.6520146520146519,0.7008301611242786,0.20335669364789255,0.1980689847294022,full_natural
context_size_balance_by_k,full_natural,6,21,20,natural,0.37748344370860926,302,114,188,34,13,21,19,2,7,6,0.5,0.7352941176470589,0.75,0.46153846153846156,0.9047619047619048,0.6831501831501832,0.7307692307692307,8,0.23529411764705882,1.3333333333333333,0.5714285714285714,0.5,0.6446886446886446,0.693198903493021,0.2034787887523359,0.19774331327746894,full_natural
context_size_balance_by_k,full_natural,6,42,1,natural,0.37748344370860926,302,114,188,34,13,21,20,1,7,6,0.5,0.7647058823529411,0.8571428571428571,0.46153846153846156,0.9523809523809523,0.7069597069597069,0.7407407407407407,7,0.20588235294117646,1.1666666666666667,0.6,0.5084745762711864,0.6410256410256411,0.6894407335583805,0.20330780959705397,0.19825693723909993,full_natural
context_size_balance_by_k,full_natural,6,42,20,natural,0.37748344370860926,302,114,188,34,13,21,20,1,7,6,0.5,0.7647058823529411,0.8571428571428571,0.46153846153846156,0.9523809523809523,0.7069597069597069,0.7407407407407407,7,0.20588235294117646,1.1666666666666667,0.6,0.5084745762711864,0.6483516483516483,0.699181809475927,0.2032415756779946,0.19729111497016513,full_natural
context_size_balance_by_k,full_natural,6,99,1,natural,0.37748344370860926,302,114,188,34,13,21,20,1,7,6,0.5,0.7647058823529411,0.8571428571428571,0.46153846153846156,0.9523809523809523,0.7069597069597069,0.7407407407407407,7,0.20588235294117646,1.1666666666666667,0.6,0.5084745762711864,0.6446886446886446,0.6983076836018012,0.20211074712635635,0.19582162928931854,full_natural
context_size_balance_by_k,full_natural,6,99,20,natural,0.37748344370860926,302,114,188,34,13,21,20,1,7,6,0.5,0.7647058823529411,0.8571428571428571,0.46153846153846156,0.9523809523809523,0.7069597069597069,0.7407407407407407,7,0.20588235294117646,1.1666666666666667,0.6,0.5084745762711864,0.6483516483516483,0.699181809475927,0.20285739984110493,0.1964985618696493,full_natural
context_size_balance_by_k,full_natural,7,1,1,natural,0.3795379537953795,303,115,188,33,12,21,18,3,6,6,0.5,0.7272727272727273,0.6666666666666666,0.5,0.8571428571428571,0.6785714285714286,0.75,9,0.2727272727272727,1.5,0.5714285714285714,0.5263157894736842,0.7380952380952381,0.6166756446168211,0.19858285935170478,0.13465822871887323,full_natural
context_size_balance_by_k,full_natural,7,1,20,natural,0.3795379537953795,303,115,188,33,12,21,18,3,6,6,0.5,0.7272727272727273,0.6666666666666666,0.5,0.8571428571428571,0.6785714285714286,0.75,9,0.2727272727272727,1.5,0.5714285714285714,0.5263157894736842,0.75,0.6204668534080298,0.19801329610642168,0.12814958732236514,full_natural
context_size_balance_by_k,full_natural,7,7,1,natural,0.3795379537953795,303,115,188,33,12,21,18,3,6,6,0.5,0.7272727272727273,0.6666666666666666,0.5,0.8571428571428571,0.6785714285714286,0.75,9,0.2727272727272727,1.5,0.5714285714285714,0.5263157894736842,0.7380952380952381,0.6090873015873015,0.19907442798655176,0.0908858107798027,full_natural
context_size_balance_by_k,full_natural,7,7,20,natural,0.3795379537953795,303,115,188,33,12,21,18,3,6,6,0.5,0.7272727272727273,0.6666666666666666,0.5,0.8571428571428571,0.6785714285714286,0.75,9,0.2727272727272727,1.5,0.5714285714285714,0.5263157894736842,0.75,0.6204668534080298,0.1980190123166435,0.12804516698374893,full_natural
context_size_balance_by_k,full_natural,7,21,1,natural,0.3795379537953795,303,115,188,33,12,21,18,3,6,6,0.5,0.7272727272727273,0.6666666666666666,0.5,0.8571428571428571,0.6785714285714286,0.75,9,0.2727272727272727,1.5,0.5714285714285714,0.5263157894736842,0.746031746031746,0.6192353263144337,0.199844278524998,0.1092801798473705,full_natural
context_size_balance_by_k,full_natural,7,21,20,natural,0.3795379537953795,303,115,188,33,12,21,18,3,6,6,0.5,0.7272727272727273,0.6666666666666666,0.5,0.8571428571428571,0.6785714285714286,0.75,9,0.2727272727272727,1.5,0.5714285714285714,0.5263157894736842,0.746031746031746,0.6184827264239028,0.1975572766515462,0.12717684177738248,full_natural
context_size_balance_by_k,full_natural,7,42,1,natural,0.3795379537953795,303,115,188,33,12,21,18,3,5,7,0.5,0.7575757575757576,0.7,0.5833333333333334,0.8571428571428571,0.7202380952380952,0.782608695652174,10,0.30303030303030304,1.4285714285714286,0.6363636363636364,0.603448275862069,0.7380952380952381,0.6153740895120204,0.19786347091962622,0.1173657382076437,full_natural
context_size_balance_by_k,full_natural,7,42,20,natural,0.3795379537953795,303,115,188,33,12,21,18,3,6,6,0.5,0.7272727272727273,0.6666666666666666,0.5,0.8571428571428571,0.6785714285714286,0.75,9,0.2727272727272727,1.5,0.5714285714285714,0.5263157894736842,0.75,0.6218139499389499,0.1981327404872485,0.12809052566687265,full_natural
context_size_balance_by_k,full_natural,7,99,1,natural,0.3795379537953795,303,115,188,33,12,21,18,3,5,7,0.5,0.7575757575757576,0.7,0.5833333333333334,0.8571428571428571,0.7202380952380952,0.782608695652174,10,0.30303030303030304,1.4285714285714286,0.6363636363636364,0.603448275862069,0.7420634920634921,0.6121121525533291,0.19817376118475566,0.15094479354041992,full_natural
context_size_balance_by_k,full_natural,7,99,20,natural,0.3795379537953795,303,115,188,33,12,21,18,3,6,6,0.5,0.7272727272727273,0.6666666666666666,0.5,0.8571428571428571,0.6785714285714286,0.75,9,0.2727272727272727,1.5,0.5714285714285714,0.5263157894736842,0.746031746031746,0.6198298229548229,0.1979298832789671,0.1282072611378901,full_natural
context_size_balance_by_k,full_natural,8,1,1,natural,0.3795379537953795,303,115,188,33,12,21,16,5,4,8,0.5,0.7272727272727273,0.6153846153846154,0.6666666666666666,0.7619047619047619,0.7142857142857142,0.8,13,0.3939393939393939,1.625,0.64,0.6557377049180327,0.8174603174603174,0.7340065299624123,0.16166866990099354,0.1478224823420698,full_natural
context_size_balance_by_k,full_natural,8,1,20,natural,0.3795379537953795,303,115,188,33,12,21,16,5,4,8,0.5,0.7272727272727273,0.6153846153846154,0.6666666666666666,0.7619047619047619,0.7142857142857142,0.8,13,0.3939393939393939,1.625,0.64,0.6557377049180327,0.8134920634920635,0.7287034996593821,0.16188845124069112,0.17214126681739636,full_natural
context_size_balance_by_k,full_natural,8,7,1,natural,0.3795379537953795,303,115,188,33,12,21,16,5,4,8,0.5,0.7272727272727273,0.6153846153846154,0.6666666666666666,0.7619047619047619,0.7142857142857142,0.8,13,0.3939393939393939,1.625,0.64,0.6557377049180327,0.8214285714285714,0.7382800342359166,0.16119414588208603,0.1727200412389004,full_natural
context_size_balance_by_k,full_natural,8,7,20,natural,0.3795379537953795,303,115,188,33,12,21,16,5,4,8,0.5,0.7272727272727273,0.6153846153846154,0.6666666666666666,0.7619047619047619,0.7142857142857142,0.8,13,0.3939393939393939,1.625,0.64,0.6557377049180327,0.8134920634920635,0.7287034996593821,0.1619415127674219,0.17212422079209125,full_natural
context_size_balance_by_k,full_natural,8,21,1,natural,0.3795379537953795,303,115,188,33,12,21,16,5,4,8,0.5,0.7272727272727273,0.6153846153846154,0.6666666666666666,0.7619047619047619,0.7142857142857142,0.8,13,0.3939393939393939,1.625,0.64,0.6557377049180327,0.8134920634920635,0.7287034996593821,0.1622390255492816,0.14909236133098605,full_natural
context_size_balance_by_k,full_natural,8,21,20,natural,0.3795379537953795,303,115,188,33,12,21,16,5,4,8,0.5,0.7272727272727273,0.6153846153846154,0.6666666666666666,0.7619047619047619,0.7142857142857142,0.8,13,0.3939393939393939,1.625,0.64,0.6557377049180327,0.8134920634920635,0.7287034996593821,0.161627430010302,0.17219210393501053,full_natural
context_size_balance_by_k,full_natural,8,42,1,natural,0.3795379537953795,303,115,188,33,12,21,16,5,5,7,0.5,0.696969696969697,0.5833333333333334,0.5833333333333334,0.7619047619047619,0.6726190476190477,0.7619047619047619,12,0.36363636363636365,1.7142857142857142,0.5833333333333334,0.5833333333333334,0.8134920634920635,0.7287034996593821,0.16252740308722902,0.1741493102727514,full_natural
context_size_balance_by_k,full_natural,8,42,20,natural,0.3795379537953795,303,115,188,33,12,21,16,5,4,8,0.5,0.7272727272727273,0.6153846153846154,0.6666666666666666,0.7619047619047619,0.7142857142857142,0.8,13,0.3939393939393939,1.625,0.64,0.6557377049180327,0.8174603174603174,0.7340065299624123,0.16180422003259856,0.1721407827554327,full_natural
context_size_balance_by_k,full_natural,8,99,1,natural,0.3795379537953795,303,115,188,33,12,21,16,5,4,8,0.5,0.7272727272727273,0.6153846153846154,0.6666666666666666,0.7619047619047619,0.7142857142857142,0.8,13,0.3939393939393939,1.625,0.64,0.6557377049180327,0.8174603174603174,0.7340065299624123,0.16212251294960706,0.1484171152114868,full_natural
context_size_balance_by_k,full_natural,8,99,20,natural,0.3795379537953795,303,115,188,33,12,21,16,5,4,8,0.5,0.7272727272727273,0.6153846153846154,0.6666666666666666,0.7619047619047619,0.7142857142857142,0.8,13,0.3939393939393939,1.625,0.64,0.6557377049180327,0.8174603174603174,0.7453701663260487,0.16168094357076457,0.17235504903576587,full_natural
context_size_balance_by_k,full_natural,9,1,1,natural,0.3795379537953795,303,115,188,33,12,21,19,2,4,8,0.5,0.8181818181818182,0.8,0.6666666666666666,0.9047619047619048,0.7857142857142857,0.8260869565217391,10,0.30303030303030304,1.25,0.7272727272727273,0.6896551724137931,0.8928571428571429,0.7978956228956229,0.13739645032678482,0.20690791986205365,full_natural
context_size_balance_by_k,full_natural,9,1,20,natural,0.3795379537953795,303,115,188,33,12,21,19,2,4,8,0.5,0.8181818181818182,0.8,0.6666666666666666,0.9047619047619048,0.7857142857142857,0.8260869565217391,10,0.30303030303030304,1.25,0.7272727272727273,0.6896551724137931,0.888888888888889,0.8004980928893972,0.13753625184503546,0.20671430636535992,full_natural
context_size_balance_by_k,full_natural,9,7,1,natural,0.3795379537953795,303,115,188,33,12,21,19,2,4,8,0.5,0.8181818181818182,0.8,0.6666666666666666,0.9047619047619048,0.7857142857142857,0.8260869565217391,10,0.30303030303030304,1.25,0.7272727272727273,0.6896551724137931,0.8968253968253969,0.8078162578162578,0.1369300863800338,0.19296663615739706,full_natural
context_size_balance_by_k,full_natural,9,7,20,natural,0.3795379537953795,303,115,188,33,12,21,19,2,4,8,0.5,0.8181818181818182,0.8,0.6666666666666666,0.9047619047619048,0.7857142857142857,0.8260869565217391,10,0.30303030303030304,1.25,0.7272727272727273,0.6896551724137931,0.8968253968253969,0.8078162578162578,0.13718653985432816,0.20672207709514734,full_natural
context_size_balance_by_k,full_natural,9,21,1,natural,0.3795379537953795,303,115,188,33,12,21,19,2,4,8,0.5,0.8181818181818182,0.8,0.6666666666666666,0.9047619047619048,0.7857142857142857,0.8260869565217391,10,0.30303030303030304,1.25,0.7272727272727273,0.6896551724137931,0.8968253968253969,0.8078162578162578,0.1362426102746475,0.20524016519387564,full_natural
context_size_balance_by_k,full_natural,9,21,20,natural,0.3795379537953795,303,115,188,33,12,21,19,2,4,8,0.5,0.8181818181818182,0.8,0.6666666666666666,0.9047619047619048,0.7857142857142857,0.8260869565217391,10,0.30303030303030304,1.25,0.7272727272727273,0.6896551724137931,0.8968253968253969,0.8078162578162578,0.13718499689759098,0.206954329754367,full_natural
context_size_balance_by_k,full_natural,9,42,1,natural,0.3795379537953795,303,115,188,33,12,21,19,2,4,8,0.5,0.8181818181818182,0.8,0.6666666666666666,0.9047619047619048,0.7857142857142857,0.8260869565217391,10,0.30303030303030304,1.25,0.7272727272727273,0.6896551724137931,0.8968253968253969,0.8078162578162578,0.13596284520808405,0.2081108459017494,full_natural
context_size_balance_by_k,full_natural,9,42,20,natural,0.3795379537953795,303,115,188,33,12,21,19,2,4,8,0.5,0.8181818181818182,0.8,0.6666666666666666,0.9047619047619048,0.7857142857142857,0.8260869565217391,10,0.30303030303030304,1.25,0.7272727272727273,0.6896551724137931,0.8968253968253969,0.8078162578162578,0.13675391960650152,0.20665427681171536,full_natural
context_size_balance_by_k,full_natural,9,99,1,natural,0.3795379537953795,303,115,188,33,12,21,19,2,4,8,0.5,0.8181818181818182,0.8,0.6666666666666666,0.9047619047619048,0.7857142857142857,0.8260869565217391,10,0.30303030303030304,1.25,0.7272727272727273,0.6896551724137931,0.9007936507936508,0.8167448292448292,0.1361982916389583,0.20653355844093088,full_natural
context_size_balance_by_k,full_natural,9,99,20,natural,0.3795379537953795,303,115,188,33,12,21,19,2,4,8,0.5,0.8181818181818182,0.8,0.6666666666666666,0.9047619047619048,0.7857142857142857,0.8260869565217391,10,0.30303030303030304,1.25,0.7272727272727273,0.6896551724137931,0.8968253968253969,0.8078162578162578,0.1371231292677241,0.20694024860858917,full_natural
context_size_balance_by_k,full_natural,10,1,1,natural,0.37623762376237624,303,114,189,33,13,20,15,5,5,8,0.5,0.696969696969697,0.6153846153846154,0.6153846153846154,0.75,0.6826923076923077,0.75,13,0.3939393939393939,1.625,0.6153846153846154,0.6153846153846154,0.8576923076923078,0.8154633378317588,0.1524379069296118,0.17638957252105078,full_natural
context_size_balance_by_k,full_natural,10,1,20,natural,0.37623762376237624,303,114,189,33,13,20,16,4,5,8,0.5,0.7272727272727273,0.6666666666666666,0.6153846153846154,0.8,0.7076923076923077,0.7619047619047619,12,0.36363636363636365,1.5,0.64,0.625,0.8615384615384616,0.8182285464793204,0.1519003191325184,0.14673274371660117,full_natural
context_size_balance_by_k,full_natural,10,7,1,natural,0.37623762376237624,303,114,189,33,13,20,15,5,5,8,0.5,0.696969696969697,0.6153846153846154,0.6153846153846154,0.75,0.6826923076923077,0.75,13,0.3939393939393939,1.625,0.6153846153846154,0.6153846153846154,0.8576923076923078,0.8154633378317588,0.15341669542773484,0.1791250046455499,full_natural
context_size_balance_by_k,full_natural,10,7,20,natural,0.37623762376237624,303,114,189,33,13,20,16,4,5,8,0.5,0.7272727272727273,0.6666666666666666,0.6153846153846154,0.8,0.7076923076923077,0.7619047619047619,12,0.36363636363636365,1.5,0.64,0.625,0.8576923076923078,0.8154633378317588,0.1519243506145301,0.14674675329165024,full_natural
context_size_balance_by_k,full_natural,10,21,1,natural,0.37623762376237624,303,114,189,33,13,20,15,5,6,7,0.5,0.6666666666666666,0.5833333333333334,0.5384615384615384,0.75,0.6442307692307692,0.7142857142857143,12,0.36363636363636365,1.7142857142857142,0.56,0.546875,0.8576923076923078,0.814283773303778,0.152841932698947,0.20707315296837778,full_natural
context_size_balance_by_k,full_natural,10,21,20,natural,0.37623762376237624,303,114,189,33,13,20,16,4,5,8,0.5,0.7272727272727273,0.6666666666666666,0.6153846153846154,0.8,0.7076923076923077,0.7619047619047619,12,0.36363636363636365,1.5,0.64,0.625,0.8653846153846154,0.8209276018099547,0.15173398712918035,0.14685976956829883,full_natural
context_size_balance_by_k,full_natural,10,42,1,natural,0.37623762376237624,303,114,189,33,13,20,16,4,5,8,0.5,0.7272727272727273,0.6666666666666666,0.6153846153846154,0.8,0.7076923076923077,0.7619047619047619,12,0.36363636363636365,1.5,0.64,0.625,0.8576923076923078,0.8154633378317588,0.15323536544255592,0.14758904707251172,full_natural
context_size_balance_by_k,full_natural,10,42,20,natural,0.37623762376237624,303,114,189,33,13,20,16,4,5,8,0.5,0.7272727272727273,0.6666666666666666,0.6153846153846154,0.8,0.7076923076923077,0.7619047619047619,12,0.36363636363636365,1.5,0.64,0.625,0.8615384615384616,0.8182285464793204,0.1516392604183718,0.14695601233027197,full_natural
context_size_balance_by_k,full_natural,10,99,1,natural,0.37623762376237624,303,114,189,33,13,20,16,4,5,8,0.5,0.7272727272727273,0.6666666666666666,0.6153846153846154,0.8,0.7076923076923077,0.7619047619047619,12,0.36363636363636365,1.5,0.64,0.625,0.8615384615384616,0.8182285464793204,0.15180204909642694,0.14682678110671768,full_natural
context_size_balance_by_k,full_natural,10,99,20,natural,0.37623762376237624,303,114,189,33,13,20,16,4,5,8,0.5,0.7272727272727273,0.6666666666666666,0.6153846153846154,0.8,0.7076923076923077,0.7619047619047619,12,0.36363636363636365,1.5,0.64,0.625,0.8615384615384616,0.8182285464793204,0.15190181775276163,0.14698313063744342,full_natural
context_size_balance_by_k,size_matched_natural,1,1,1,0.37748344370860926,0.37719298245614036,228,86,142,34,13,21,18,3,5,8,0.5,0.7647058823529411,0.7272727272727273,0.6153846153846154,0.8571428571428571,0.7362637362637363,0.782608695652174,11,0.3235294117647059,1.375,0.6666666666666666,0.6349206349206349,0.8534798534798534,0.8100314017437142,0.15324051858851595,0.13176331362303567,size_matched_natural
context_size_balance_by_k,size_matched_natural,1,1,20,0.37748344370860926,0.37719298245614036,228,86,142,34,13,21,18,3,5,8,0.5,0.7647058823529411,0.7272727272727273,0.6153846153846154,0.8571428571428571,0.7362637362637363,0.782608695652174,11,0.3235294117647059,1.375,0.6666666666666666,0.6349206349206349,0.8424908424908425,0.7937660881099795,0.1592184518106024,0.10681369615828289,size_matched_natural
context_size_balance_by_k,size_matched_natural,1,7,1,0.37748344370860926,0.37719298245614036,228,86,142,34,13,21,17,4,4,9,0.5,0.7647058823529411,0.6923076923076923,0.6923076923076923,0.8095238095238095,0.7509157509157509,0.8095238095238095,13,0.38235294117647056,1.4444444444444444,0.6923076923076923,0.6923076923076923,0.8205128205128206,0.7563714063714062,0.1676222374414172,0.0879984132068999,size_matched_natural
context_size_balance_by_k,size_matched_natural,1,7,20,0.37748344370860926,0.37719298245614036,228,86,142,34,13,21,18,3,5,8,0.5,0.7647058823529411,0.7272727272727273,0.6153846153846154,0.8571428571428571,0.7362637362637363,0.782608695652174,11,0.3235294117647059,1.375,0.6666666666666666,0.6349206349206349,0.8315018315018315,0.7701558675242886,0.164222190998068,0.09420695835176637,size_matched_natural
context_size_balance_by_k,size_matched_natural,1,21,1,0.37748344370860926,0.37719298245614036,228,86,142,34,13,21,19,2,4,9,0.5,0.8235294117647058,0.8181818181818182,0.6923076923076923,0.9047619047619048,0.7985347985347986,0.8260869565217391,11,0.3235294117647059,1.2222222222222223,0.75,0.7142857142857143,0.8534798534798534,0.847112527994881,0.16098089971515273,0.16236874680308733,size_matched_natural
context_size_balance_by_k,size_matched_natural,1,21,20,0.37748344370860926,0.37719298245614036,228,86,142,34,13,21,18,3,5,8,0.5,0.7647058823529411,0.7272727272727273,0.6153846153846154,0.8571428571428571,0.7362637362637363,0.782608695652174,11,0.3235294117647059,1.375,0.6666666666666666,0.6349206349206349,0.8388278388278388,0.7883056915564655,0.16284953945431832,0.1071638377273784,size_matched_natural
context_size_balance_by_k,size_matched_natural,1,42,1,0.37748344370860926,0.37719298245614036,228,86,142,34,13,21,18,3,5,8,0.5,0.7647058823529411,0.7272727272727273,0.6153846153846154,0.8571428571428571,0.7362637362637363,0.782608695652174,11,0.3235294117647059,1.375,0.6666666666666666,0.6349206349206349,0.816849816849817,0.7481484327638173,0.17047514765895752,0.09891035933704936,size_matched_natural
context_size_balance_by_k,size_matched_natural,1,42,20,0.37748344370860926,0.37719298245614036,228,86,142,34,13,21,18,3,5,8,0.5,0.7647058823529411,0.7272727272727273,0.6153846153846154,0.8571428571428571,0.7362637362637363,0.782608695652174,11,0.3235294117647059,1.375,0.6666666666666666,0.6349206349206349,0.8351648351648352,0.7858765417588947,0.16174544463930354,0.07927634435541489,size_matched_natural
context_size_balance_by_k,size_matched_natural,1,99,1,0.37748344370860926,0.37719298245614036,228,86,142,34,13,21,19,2,4,9,0.5,0.8235294117647058,0.8181818181818182,0.6923076923076923,0.9047619047619048,0.7985347985347986,0.8260869565217391,11,0.3235294117647059,1.2222222222222223,0.75,0.7142857142857143,0.8498168498168499,0.8328162878365717,0.15316454545188798,0.1388063220416798,size_matched_natural
context_size_balance_by_k,size_matched_natural,1,99,20,0.37748344370860926,0.37719298245614036,228,86,142,34,13,21,18,3,4,9,0.5,0.7941176470588235,0.75,0.6923076923076923,0.8571428571428571,0.7747252747252746,0.8181818181818182,12,0.35294117647058826,1.3333333333333333,0.72,0.703125,0.8315018315018315,0.7704919263742793,0.16142839794786126,0.11788097659454624,size_matched_natural
context_size_balance_by_k,size_matched_natural,2,1,1,0.37748344370860926,0.37719298245614036,228,86,142,34,13,21,19,2,7,6,0.5,0.7352941176470589,0.75,0.46153846153846156,0.9047619047619048,0.6831501831501832,0.7307692307692307,8,0.23529411764705882,1.3333333333333333,0.5714285714285714,0.5,0.7124542124542125,0.6746089372929653,0.2022137757295217,0.13924370311638887,size_matched_natural
context_size_balance_by_k,size_matched_natural,2,1,20,0.37748344370860926,0.37719298245614036,228,86,142,34,13,21,18,3,8,5,0.5,0.6764705882352942,0.625,0.38461538461538464,0.8571428571428571,0.6208791208791209,0.6923076923076923,8,0.23529411764705882,1.6,0.47619047619047616,0.4166666666666667,0.695970695970696,0.6628752686627448,0.20685976135776485,0.1896694491014761,size_matched_natural
context_size_balance_by_k,size_matched_natural,2,7,1,0.37748344370860926,0.37719298245614036,228,86,142,34,13,21,19,2,9,4,0.5,0.6764705882352942,0.6666666666666666,0.3076923076923077,0.9047619047619048,0.6062271062271063,0.6785714285714286,6,0.17647058823529413,1.5,0.42105263157894735,0.3448275862068966,0.695970695970696,0.6110907702719117,0.2140261794648894,0.19207785015597062,size_matched_natural
context_size_balance_by_k,size_matched_natural,2,7,20,0.37748344370860926,0.37719298245614036,228,86,142,34,13,21,18,3,8,5,0.5,0.6764705882352942,0.625,0.38461538461538464,0.8571428571428571,0.6208791208791209,0.6923076923076923,8,0.23529411764705882,1.6,0.47619047619047616,0.4166666666666667,0.6886446886446888,0.6355258374671597,0.20885373771243682,0.1418938356287339,size_matched_natural
context_size_balance_by_k,size_matched_natural,2,21,1,0.37748344370860926,0.37719298245614036,228,86,142,34,13,21,17,4,7,6,0.5,0.6764705882352942,0.6,0.46153846153846156,0.8095238095238095,0.6355311355311355,0.7083333333333334,10,0.29411764705882354,1.6666666666666667,0.5217391304347826,0.4838709677419355,0.7032967032967034,0.6320759716830766,0.20364284918498549,0.14081186231444862,size_matched_natural
context_size_balance_by_k,size_matched_natural,2,21,20,0.37748344370860926,0.37719298245614036,228,86,142,34,13,21,18,3,7,6,0.5,0.7058823529411765,0.6666666666666666,0.46153846153846156,0.8571428571428571,0.6593406593406593,0.72,9,0.2647058823529412,1.5,0.5454545454545454,0.4918032786885246,0.695970695970696,0.6706178528759172,0.2064766933993303,0.14076536236440435,size_matched_natural
context_size_balance_by_k,size_matched_natural,2,42,1,0.37748344370860926,0.37719298245614036,228,86,142,34,13,21,16,5,8,5,0.5,0.6176470588235294,0.5,0.38461538461538464,0.7619047619047619,0.5732600732600732,0.6666666666666666,10,0.29411764705882354,2.0,0.43478260869565216,0.4032258064516129,0.673992673992674,0.5492401857968928,0.21353076563136658,0.22994061581352176,size_matched_natural
context_size_balance_by_k,size_matched_natural,2,42,20,0.37748344370860926,0.37719298245614036,228,86,142,34,13,21,18,3,7,6,0.5,0.7058823529411765,0.6666666666666666,0.46153846153846156,0.8571428571428571,0.6593406593406593,0.72,9,0.2647058823529412,1.5,0.5454545454545454,0.4918032786885246,0.6886446886446886,0.6230319255329051,0.2086888586199793,0.14039417312425725,size_matched_natural
context_size_balance_by_k,size_matched_natural,2,99,1,0.37748344370860926,0.37719298245614036,228,86,142,34,13,21,17,4,5,8,0.5,0.7352941176470589,0.6666666666666666,0.6153846153846154,0.8095238095238095,0.7124542124542125,0.7727272727272727,12,0.35294117647058826,1.5,0.64,0.625,0.706959706959707,0.656315193999222,0.2035294188105731,0.24220895942519696,size_matched_natural
context_size_balance_by_k,size_matched_natural,2,99,20,0.37748344370860926,0.37719298245614036,228,86,142,34,13,21,18,3,8,5,0.5,0.6764705882352942,0.625,0.38461538461538464,0.8571428571428571,0.6208791208791209,0.6923076923076923,8,0.23529411764705882,1.6,0.47619047619047616,0.4166666666666667,0.6923076923076924,0.6425955483830246,0.20768531307056468,0.15266272666699746,size_matched_natural
context_size_balance_by_k,size_matched_natural,3,1,1,0.37748344370860926,0.37719298245614036,228,86,142,34,13,21,13,8,9,4,0.5,0.5,0.3333333333333333,0.3076923076923077,0.6190476190476191,0.4633699633699634,0.5909090909090909,12,0.35294117647058826,3.0,0.32,0.3125,0.5787545787545788,0.5198371327533443,0.279295245368128,0.319527888780131,size_matched_natural
context_size_balance_by_k,size_matched_natural,3,1,20,0.37748344370860926,0.37719298245614036,228,86,142,34,13,21,14,7,8,5,0.5,0.5588235294117647,0.4166666666666667,0.38461538461538464,0.6666666666666666,0.5256410256410257,0.6363636363636364,12,0.35294117647058826,2.4,0.4,0.390625,0.5824175824175825,0.46388468957030826,0.2509228040155711,0.22482152305105155,size_matched_natural
context_size_balance_by_k,size_matched_natural,3,7,1,0.37748344370860926,0.37719298245614036,228,86,142,34,13,21,17,4,10,3,0.5,0.5882352941176471,0.42857142857142855,0.23076923076923078,0.8095238095238095,0.5201465201465202,0.6296296296296297,7,0.20588235294117646,2.3333333333333335,0.3,0.2542372881355932,0.5567765567765568,0.4445645222973158,0.2602627048990032,0.1752306255785858,size_matched_natural
context_size_balance_by_k,size_matched_natural,3,7,20,0.37748344370860926,0.37719298245614036,228,86,142,34,13,21,16,5,9,4,0.5,0.5882352941176471,0.4444444444444444,0.3076923076923077,0.7619047619047619,0.5347985347985348,0.64,9,0.2647058823529412,2.25,0.36363636363636365,0.32786885245901637,0.5714285714285714,0.45586679702064314,0.2516566761927053,0.22889457905993746,size_matched_natural
context_size_balance_by_k,size_matched_natural,3,21,1,0.37748344370860926,0.37719298245614036,228,86,142,34,13,21,17,4,9,4,0.5,0.6176470588235294,0.5,0.3076923076923077,0.8095238095238095,0.5586080586080586,0.6538461538461539,8,0.23529411764705882,2.0,0.38095238095238093,0.3333333333333333,0.6043956043956044,0.5150219580988812,0.23583546641585182,0.16909463046228185,size_matched_natural
context_size_balance_by_k,size_matched_natural,3,21,20,0.37748344370860926,0.37719298245614036,228,86,142,34,13,21,16,5,8,5,0.5,0.6176470588235294,0.5,0.38461538461538464,0.7619047619047619,0.5732600732600732,0.6666666666666666,10,0.29411764705882354,2.0,0.43478260869565216,0.4032258064516129,0.5714285714285714,0.45671914979607287,0.2510032046026795,0.21114453585708845,size_matched_natural
context_size_balance_by_k,size_matched_natural,3,42,1,0.37748344370860926,0.37719298245614036,228,86,142,34,13,21,14,7,9,4,0.5,0.5294117647058824,0.36363636363636365,0.3076923076923077,0.6666666666666666,0.48717948717948717,0.6086956521739131,11,0.3235294117647059,2.75,0.3333333333333333,0.31746031746031744,0.5714285714285714,0.4984583210670167,0.260796638161209,0.2301345767782015,size_matched_natural
context_size_balance_by_k,size_matched_natural,3,42,20,0.37748344370860926,0.37719298245614036,228,86,142,34,13,21,16,5,8,5,0.5,0.6176470588235294,0.5,0.38461538461538464,0.7619047619047619,0.5732600732600732,0.6666666666666666,10,0.29411764705882354,2.0,0.43478260869565216,0.4032258064516129,0.5787545787545788,0.4698342955199143,0.2509238055204303,0.21821209525360782,size_matched_natural
context_size_balance_by_k,size_matched_natural,3,99,1,0.37748344370860926,0.37719298245614036,228,86,142,34,13,21,17,4,10,3,0.5,0.5882352941176471,0.42857142857142855,0.23076923076923078,0.8095238095238095,0.5201465201465202,0.6296296296296297,7,0.20588235294117646,2.3333333333333335,0.3,0.2542372881355932,0.5641025641025641,0.4521489260442634,0.2495612662949774,0.20832900133203058,size_matched_natural
context_size_balance_by_k,size_matched_natural,3,99,20,0.37748344370860926,0.37719298245614036,228,86,142,34,13,21,16,5,9,4,0.5,0.5882352941176471,0.4444444444444444,0.3076923076923077,0.7619047619047619,0.5347985347985348,0.64,9,0.2647058823529412,2.25,0.36363636363636365,0.32786885245901637,0.5604395604395604,0.4465532737094807,0.2536318629109057,0.2002690436647219,size_matched_natural
context_size_balance_by_k,size_matched_natural,4,1,1,0.37748344370860926,0.37719298245614036,228,86,142,34,13,21,17,4,10,3,0.5,0.5882352941176471,0.42857142857142855,0.23076923076923078,0.8095238095238095,0.5201465201465202,0.6296296296296297,7,0.20588235294117646,2.3333333333333335,0.3,0.2542372881355932,0.673992673992674,0.496183783611432,0.24433597381875552,0.23213831028517554,size_matched_natural
context_size_balance_by_k,size_matched_natural,4,1,20,0.37748344370860926,0.37719298245614036,228,86,142,34,13,21,17,4,10,3,0.5,0.5882352941176471,0.42857142857142855,0.23076923076923078,0.8095238095238095,0.5201465201465202,0.6296296296296297,7,0.20588235294117646,2.3333333333333335,0.3,0.2542372881355932,0.6666666666666667,0.5123322449504559,0.24356299557317646,0.1780044942655984,size_matched_natural
context_size_balance_by_k,size_matched_natural,4,7,1,0.37748344370860926,0.37719298245614036,228,86,142,34,13,21,17,4,9,4,0.5,0.6176470588235294,0.5,0.3076923076923077,0.8095238095238095,0.5586080586080586,0.6538461538461539,8,0.23529411764705882,2.0,0.38095238095238093,0.3333333333333333,0.63003663003663,0.46109513809204206,0.2488613151156371,0.21089647359707778,size_matched_natural
context_size_balance_by_k,size_matched_natural,4,7,20,0.37748344370860926,0.37719298245614036,228,86,142,34,13,21,17,4,10,3,0.5,0.5882352941176471,0.42857142857142855,0.23076923076923078,0.8095238095238095,0.5201465201465202,0.6296296296296297,7,0.20588235294117646,2.3333333333333335,0.3,0.2542372881355932,0.6593406593406593,0.5082571533753644,0.23994282098225853,0.25510552284472127,size_matched_natural
context_size_balance_by_k,size_matched_natural,4,21,1,0.37748344370860926,0.37719298245614036,228,86,142,34,13,21,17,4,10,3,0.5,0.5882352941176471,0.42857142857142855,0.23076923076923078,0.8095238095238095,0.5201465201465202,0.6296296296296297,7,0.20588235294117646,2.3333333333333335,0.3,0.2542372881355932,0.6373626373626374,0.5056581542613932,0.2457533542557174,0.149912470842109,size_matched_natural
context_size_balance_by_k,size_matched_natural,4,21,20,0.37748344370860926,0.37719298245614036,228,86,142,34,13,21,17,4,10,3,0.5,0.5882352941176471,0.42857142857142855,0.23076923076923078,0.8095238095238095,0.5201465201465202,0.6296296296296297,7,0.20588235294117646,2.3333333333333335,0.3,0.2542372881355932,0.6630036630036631,0.5100886552068662,0.2428438210689524,0.21898127391057856,size_matched_natural
context_size_balance_by_k,size_matched_natural,4,42,1,0.37748344370860926,0.37719298245614036,228,86,142,34,13,21,17,4,9,4,0.5,0.6176470588235294,0.5,0.3076923076923077,0.8095238095238095,0.5586080586080586,0.6538461538461539,8,0.23529411764705882,2.0,0.38095238095238093,0.3333333333333333,0.6483516483516483,0.5062484642979999,0.24586791271145683,0.18708494941101356,size_matched_natural
context_size_balance_by_k,size_matched_natural,4,42,20,0.37748344370860926,0.37719298245614036,228,86,142,34,13,21,17,4,10,3,0.5,0.5882352941176471,0.42857142857142855,0.23076923076923078,0.8095238095238095,0.5201465201465202,0.6296296296296297,7,0.20588235294117646,2.3333333333333335,0.3,0.2542372881355932,0.652014652014652,0.5054564329058255,0.24172732472851918,0.17181892320513725,size_matched_natural
context_size_balance_by_k,size_matched_natural,4,99,1,0.37748344370860926,0.37719298245614036,228,86,142,34,13,21,17,4,10,3,0.5,0.5882352941176471,0.42857142857142855,0.23076923076923078,0.8095238095238095,0.5201465201465202,0.6296296296296297,7,0.20588235294117646,2.3333333333333335,0.3,0.2542372881355932,0.6813186813186813,0.5319003907888901,0.23061473445036929,0.16604305584641063,size_matched_natural
context_size_balance_by_k,size_matched_natural,4,99,20,0.37748344370860926,0.37719298245614036,228,86,142,34,13,21,17,4,10,3,0.5,0.5882352941176471,0.42857142857142855,0.23076923076923078,0.8095238095238095,0.5201465201465202,0.6296296296296297,7,0.20588235294117646,2.3333333333333335,0.3,0.2542372881355932,0.673992673992674,0.5261649866189508,0.23894910190684152,0.2583166932796731,size_matched_natural
context_size_balance_by_k,size_matched_natural,5,1,1,0.37748344370860926,0.37719298245614036,228,86,142,34,13,21,18,3,8,5,0.5,0.6764705882352942,0.625,0.38461538461538464,0.8571428571428571,0.6208791208791209,0.6923076923076923,8,0.23529411764705882,1.6,0.47619047619047616,0.4166666666666667,0.7362637362637363,0.6570966389931907,0.20115267445106944,0.17836253454580026,size_matched_natural
context_size_balance_by_k,size_matched_natural,5,1,20,0.37748344370860926,0.37719298245614036,228,86,142,34,13,21,18,3,8,5,0.5,0.6764705882352942,0.625,0.38461538461538464,0.8571428571428571,0.6208791208791209,0.6923076923076923,8,0.23529411764705882,1.6,0.47619047619047616,0.4166666666666667,0.7545787545787547,0.6767017704517704,0.19358620605771124,0.18603229741839802,size_matched_natural
context_size_balance_by_k,size_matched_natural,5,7,1,0.37748344370860926,0.37719298245614036,228,86,142,34,13,21,18,3,8,5,0.5,0.6764705882352942,0.625,0.38461538461538464,0.8571428571428571,0.6208791208791209,0.6923076923076923,8,0.23529411764705882,1.6,0.47619047619047616,0.4166666666666667,0.73992673992674,0.6418306401588545,0.20289004188884832,0.15342719940578234,size_matched_natural
context_size_balance_by_k,size_matched_natural,5,7,20,0.37748344370860926,0.37719298245614036,228,86,142,34,13,21,18,3,8,5,0.5,0.6764705882352942,0.625,0.38461538461538464,0.8571428571428571,0.6208791208791209,0.6923076923076923,8,0.23529411764705882,1.6,0.47619047619047616,0.4166666666666667,0.7545787545787547,0.6767017704517704,0.1946626919273494,0.20107350936707327,size_matched_natural
context_size_balance_by_k,size_matched_natural,5,21,1,0.37748344370860926,0.37719298245614036,228,86,142,34,13,21,19,2,8,5,0.5,0.7058823529411765,0.7142857142857143,0.38461538461538464,0.9047619047619048,0.6446886446886447,0.7037037037037037,7,0.20588235294117646,1.4,0.5,0.423728813559322,0.7545787545787546,0.6569100365623903,0.20360935977027556,0.18891758603208206,size_matched_natural
context_size_balance_by_k,size_matched_natural,5,21,20,0.37748344370860926,0.37719298245614036,228,86,142,34,13,21,18,3,7,6,0.5,0.7058823529411765,0.6666666666666666,0.46153846153846156,0.8571428571428571,0.6593406593406593,0.72,9,0.2647058823529412,1.5,0.5454545454545454,0.4918032786885246,0.7545787545787546,0.6756105539759385,0.19310979167033374,0.18493185301913934,size_matched_natural
context_size_balance_by_k,size_matched_natural,5,42,1,0.37748344370860926,0.37719298245614036,228,86,142,34,13,21,18,3,8,5,0.5,0.6764705882352942,0.625,0.38461538461538464,0.8571428571428571,0.6208791208791209,0.6923076923076923,8,0.23529411764705882,1.6,0.47619047619047616,0.4166666666666667,0.7326007326007327,0.6533862944496429,0.19883986329939182,0.12954598752891316,size_matched_natural
context_size_balance_by_k,size_matched_natural,5,42,20,0.37748344370860926,0.37719298245614036,228,86,142,34,13,21,18,3,7,6,0.5,0.7058823529411765,0.6666666666666666,0.46153846153846156,0.8571428571428571,0.6593406593406593,0.72,9,0.2647058823529412,1.5,0.5454545454545454,0.4918032786885246,0.7472527472527473,0.6718100275792585,0.193008924312084,0.18496488253859916,size_matched_natural
context_size_balance_by_k,size_matched_natural,5,99,1,0.37748344370860926,0.37719298245614036,228,86,142,34,13,21,18,3,7,6,0.5,0.7058823529411765,0.6666666666666666,0.46153846153846156,0.8571428571428571,0.6593406593406593,0.72,9,0.2647058823529412,1.5,0.5454545454545454,0.4918032786885246,0.73992673992674,0.6488963174444529,0.20684448838202374,0.22713131369913325,size_matched_natural
context_size_balance_by_k,size_matched_natural,5,99,20,0.37748344370860926,0.37719298245614036,228,86,142,34,13,21,18,3,7,6,0.5,0.7058823529411765,0.6666666666666666,0.46153846153846156,0.8571428571428571,0.6593406593406593,0.72,9,0.2647058823529412,1.5,0.5454545454545454,0.4918032786885246,0.7509157509157509,0.6682712837690212,0.1944576337469251,0.14387062520665278,size_matched_natural
context_size_balance_by_k,size_matched_natural,6,1,1,0.37748344370860926,0.37719298245614036,228,86,142,34,13,21,19,2,7,6,0.5,0.7352941176470589,0.75,0.46153846153846156,0.9047619047619048,0.6831501831501832,0.7307692307692307,8,0.23529411764705882,1.3333333333333333,0.5714285714285714,0.5,0.6300366300366301,0.682068367362485,0.2143381292388595,0.1674193858223803,size_matched_natural
context_size_balance_by_k,size_matched_natural,6,1,20,0.37748344370860926,0.37719298245614036,228,86,142,34,13,21,20,1,7,6,0.5,0.7647058823529411,0.8571428571428571,0.46153846153846156,0.9523809523809523,0.7069597069597069,0.7407407407407407,7,0.20588235294117646,1.1666666666666667,0.6,0.5084745762711864,0.652014652014652,0.6992042259444635,0.20075411755036005,0.19476183306644945,size_matched_natural
context_size_balance_by_k,size_matched_natural,6,7,1,0.37748344370860926,0.37719298245614036,228,86,142,34,13,21,20,1,7,6,0.5,0.7647058823529411,0.8571428571428571,0.46153846153846156,0.9523809523809523,0.7069597069597069,0.7407407407407407,7,0.20588235294117646,1.1666666666666667,0.6,0.5084745762711864,0.652014652014652,0.7102940847758454,0.1994964190563337,0.19260950101649058,size_matched_natural
context_size_balance_by_k,size_matched_natural,6,7,20,0.37748344370860926,0.37719298245614036,228,86,142,34,13,21,20,1,7,6,0.5,0.7647058823529411,0.8571428571428571,0.46153846153846156,0.9523809523809523,0.7069597069597069,0.7407407407407407,7,0.20588235294117646,1.1666666666666667,0.6,0.5084745762711864,0.652014652014652,0.6999613119956674,0.202773790736556,0.1991675667026464,size_matched_natural
context_size_balance_by_k,size_matched_natural,6,21,1,0.37748344370860926,0.37719298245614036,228,86,142,34,13,21,20,1,8,5,0.5,0.7352941176470589,0.8333333333333334,0.38461538461538464,0.9523809523809523,0.6684981684981685,0.7142857142857143,6,0.17647058823529413,1.2,0.5263157894736842,0.43103448275862066,0.663003663003663,0.692016156920003,0.20565341865354225,0.1729812196948949,size_matched_natural
context_size_balance_by_k,size_matched_natural,6,21,20,0.37748344370860926,0.37719298245614036,228,86,142,34,13,21,20,1,7,6,0.5,0.7647058823529411,0.8571428571428571,0.46153846153846156,0.9523809523809523,0.7069597069597069,0.7407407407407407,7,0.20588235294117646,1.1666666666666667,0.6,0.5084745762711864,0.6483516483516484,0.6983129603473155,0.2019802319583284,0.19429786349920666,size_matched_natural
context_size_balance_by_k,size_matched_natural,6,42,1,0.37748344370860926,0.37719298245614036,228,86,142,34,13,21,20,1,7,6,0.5,0.7647058823529411,0.8571428571428571,0.46153846153846156,0.9523809523809523,0.7069597069597069,0.7407407407407407,7,0.20588235294117646,1.1666666666666667,0.6,0.5084745762711864,0.663003663003663,0.7141432272073307,0.20302564110052668,0.19402766534510782,size_matched_natural
context_size_balance_by_k,size_matched_natural,6,42,20,0.37748344370860926,0.37719298245614036,228,86,142,34,13,21,20,1,7,6,0.5,0.7647058823529411,0.8571428571428571,0.46153846153846156,0.9523809523809523,0.7069597069597069,0.7407407407407407,7,0.20588235294117646,1.1666666666666667,0.6,0.5084745762711864,0.6483516483516484,0.6990307909038558,0.20123941961674974,0.19346996791222515,size_matched_natural
context_size_balance_by_k,size_matched_natural,6,99,1,0.37748344370860926,0.37719298245614036,228,86,142,34,13,21,19,2,7,6,0.5,0.7352941176470589,0.75,0.46153846153846156,0.9047619047619048,0.6831501831501832,0.7307692307692307,8,0.23529411764705882,1.3333333333333333,0.5714285714285714,0.5,0.6263736263736264,0.6794169506378416,0.20641177422634244,0.20105074214584687,size_matched_natural
context_size_balance_by_k,size_matched_natural,6,99,20,0.37748344370860926,0.37719298245614036,228,86,142,34,13,21,20,1,7,6,0.5,0.7647058823529411,0.8571428571428571,0.46153846153846156,0.9523809523809523,0.7069597069597069,0.7407407407407407,7,0.20588235294117646,1.1666666666666667,0.6,0.5084745762711864,0.6446886446886447,0.6973824392555041,0.20098494372771858,0.17799085707348933,size_matched_natural
context_size_balance_by_k,size_matched_natural,7,1,1,0.3795379537953795,0.3782608695652174,230,87,143,33,12,21,18,3,6,6,0.5,0.7272727272727273,0.6666666666666666,0.5,0.8571428571428571,0.6785714285714286,0.75,9,0.2727272727272727,1.5,0.5714285714285714,0.5263157894736842,0.761904761904762,0.6318426943426944,0.19962571970927406,0.19185483500812994,size_matched_natural
context_size_balance_by_k,size_matched_natural,7,1,20,0.3795379537953795,0.3782608695652174,230,87,143,33,12,21,18,3,6,6,0.5,0.7272727272727273,0.6666666666666666,0.5,0.8571428571428571,0.6785714285714286,0.75,9,0.2727272727272727,1.5,0.5714285714285714,0.5263157894736842,0.7341269841269842,0.6003981720893485,0.2020506632532193,0.08316081130143368,size_matched_natural
context_size_balance_by_k,size_matched_natural,7,7,1,0.3795379537953795,0.3782608695652174,230,87,143,33,12,21,17,4,5,7,0.5,0.7272727272727273,0.6363636363636364,0.5833333333333334,0.8095238095238095,0.6964285714285714,0.7727272727272727,11,0.3333333333333333,1.5714285714285714,0.6086956521739131,0.5932203389830508,0.7301587301587302,0.6141573295985061,0.20726017643977207,0.19075731120326306,size_matched_natural
context_size_balance_by_k,size_matched_natural,7,7,20,0.3795379537953795,0.3782608695652174,230,87,143,33,12,21,18,3,5,7,0.5,0.7575757575757576,0.7,0.5833333333333334,0.8571428571428571,0.7202380952380952,0.782608695652174,10,0.30303030303030304,1.4285714285714286,0.6363636363636364,0.603448275862069,0.7539682539682541,0.6242672970304549,0.19598200561511872,0.11107189524354355,size_matched_natural
context_size_balance_by_k,size_matched_natural,7,21,1,0.3795379537953795,0.3782608695652174,230,87,143,33,12,21,18,3,6,6,0.5,0.7272727272727273,0.6666666666666666,0.5,0.8571428571428571,0.6785714285714286,0.75,9,0.2727272727272727,1.5,0.5714285714285714,0.5263157894736842,0.7063492063492064,0.5810334713595583,0.20633508276932314,0.15389626857006186,size_matched_natural
context_size_balance_by_k,size_matched_natural,7,21,20,0.3795379537953795,0.3782608695652174,230,87,143,33,12,21,18,3,5,7,0.5,0.7575757575757576,0.7,0.5833333333333334,0.8571428571428571,0.7202380952380952,0.782608695652174,10,0.30303030303030304,1.4285714285714286,0.6363636363636364,0.603448275862069,0.7341269841269841,0.6186213092463092,0.1984881809794585,0.11542061671163097,size_matched_natural
context_size_balance_by_k,size_matched_natural,7,42,1,0.3795379537953795,0.3782608695652174,230,87,143,33,12,21,18,3,5,7,0.5,0.7575757575757576,0.7,0.5833333333333334,0.8571428571428571,0.7202380952380952,0.782608695652174,10,0.30303030303030304,1.4285714285714286,0.6363636363636364,0.603448275862069,0.7222222222222222,0.597579365079365,0.2012667126666889,0.1593910487312259,size_matched_natural
context_size_balance_by_k,size_matched_natural,7,42,20,0.3795379537953795,0.3782608695652174,230,87,143,33,12,21,18,3,5,7,0.5,0.7575757575757576,0.7,0.5833333333333334,0.8571428571428571,0.7202380952380952,0.782608695652174,10,0.30303030303030304,1.4285714285714286,0.6363636363636364,0.603448275862069,0.7341269841269842,0.6068081224331224,0.20134645595251421,0.11521667941953197,size_matched_natural
context_size_balance_by_k,size_matched_natural,7,99,1,0.3795379537953795,0.3782608695652174,230,87,143,33,12,21,17,4,5,7,0.5,0.7272727272727273,0.6363636363636364,0.5833333333333334,0.8095238095238095,0.6964285714285714,0.7727272727272727,11,0.3333333333333333,1.5714285714285714,0.6086956521739131,0.5932203389830508,0.7341269841269842,0.6173582164961475,0.20080088128763995,0.17945002109715436,size_matched_natural
context_size_balance_by_k,size_matched_natural,7,99,20,0.3795379537953795,0.3782608695652174,230,87,143,33,12,21,18,3,5,7,0.5,0.7575757575757576,0.7,0.5833333333333334,0.8571428571428571,0.7202380952380952,0.782608695652174,10,0.30303030303030304,1.4285714285714286,0.6363636363636364,0.603448275862069,0.7380952380952381,0.6099331224331224,0.20183036322469716,0.16380494652372415,size_matched_natural
context_size_balance_by_k,size_matched_natural,8,1,1,0.3795379537953795,0.3782608695652174,230,87,143,33,12,21,16,5,5,7,0.5,0.696969696969697,0.5833333333333334,0.5833333333333334,0.7619047619047619,0.6726190476190477,0.7619047619047619,12,0.36363636363636365,1.7142857142857142,0.5833333333333334,0.5833333333333334,0.8015873015873016,0.7231535785415096,0.1704178350552558,0.1677123107241862,size_matched_natural
context_size_balance_by_k,size_matched_natural,8,1,20,0.3795379537953795,0.3782608695652174,230,87,143,33,12,21,16,5,5,7,0.5,0.696969696969697,0.5833333333333334,0.5833333333333334,0.7619047619047619,0.6726190476190477,0.7619047619047619,12,0.36363636363636365,1.7142857142857142,0.5833333333333334,0.5833333333333334,0.8174603174603174,0.7361439758498582,0.1642954941583513,0.16293650278539365,size_matched_natural
context_size_balance_by_k,size_matched_natural,8,7,1,0.3795379537953795,0.3782608695652174,230,87,143,33,12,21,16,5,4,8,0.5,0.7272727272727273,0.6153846153846154,0.6666666666666666,0.7619047619047619,0.7142857142857142,0.8,13,0.3939393939393939,1.625,0.64,0.6557377049180327,0.7817460317460317,0.6560153082211906,0.17526164310097106,0.15657757312962503,size_matched_natural
context_size_balance_by_k,size_matched_natural,8,7,20,0.3795379537953795,0.3782608695652174,230,87,143,33,12,21,16,5,5,7,0.5,0.696969696969697,0.5833333333333334,0.5833333333333334,0.7619047619047619,0.6726190476190477,0.7619047619047619,12,0.36363636363636365,1.7142857142857142,0.5833333333333334,0.5833333333333334,0.8055555555555555,0.7120368329927154,0.1632411190994126,0.1257100554578232,size_matched_natural
context_size_balance_by_k,size_matched_natural,8,21,1,0.3795379537953795,0.3782608695652174,230,87,143,33,12,21,16,5,5,7,0.5,0.696969696969697,0.5833333333333334,0.5833333333333334,0.7619047619047619,0.6726190476190477,0.7619047619047619,12,0.36363636363636365,1.7142857142857142,0.5833333333333334,0.5833333333333334,0.8174603174603174,0.75037557758146,0.1571763714358207,0.1726587157357823,size_matched_natural
context_size_balance_by_k,size_matched_natural,8,21,20,0.3795379537953795,0.3782608695652174,230,87,143,33,12,21,16,5,4,8,0.5,0.7272727272727273,0.6153846153846154,0.6666666666666666,0.7619047619047619,0.7142857142857142,0.8,13,0.3939393939393939,1.625,0.64,0.6557377049180327,0.8134920634920635,0.7228954188513012,0.16266755624855772,0.1751916991038756,size_matched_natural
context_size_balance_by_k,size_matched_natural,8,42,1,0.3795379537953795,0.3782608695652174,230,87,143,33,12,21,16,5,3,9,0.5,0.7575757575757576,0.6428571428571429,0.75,0.7619047619047619,0.7559523809523809,0.8421052631578947,14,0.42424242424242425,1.5555555555555556,0.6923076923076923,0.7258064516129032,0.8095238095238095,0.7170168067226891,0.16297947496549745,0.13053924183953894,size_matched_natural
context_size_balance_by_k,size_matched_natural,8,42,20,0.3795379537953795,0.3782608695652174,230,87,143,33,12,21,16,5,4,8,0.5,0.7272727272727273,0.6153846153846154,0.6666666666666666,0.7619047619047619,0.7142857142857142,0.8,13,0.3939393939393939,1.625,0.64,0.6557377049180327,0.8095238095238094,0.717592388548271,0.1671636624179497,0.17754177116986475,size_matched_natural
context_size_balance_by_k,size_matched_natural,8,99,1,0.3795379537953795,0.3782608695652174,230,87,143,33,12,21,20,1,6,6,0.5,0.7878787878787878,0.8571428571428571,0.5,0.9523809523809523,0.7261904761904762,0.7692307692307693,7,0.21212121212121213,1.1666666666666667,0.631578947368421,0.5454545454545454,0.8134920634920635,0.7723052682611506,0.1665263931732808,0.11378631131215529,size_matched_natural
context_size_balance_by_k,size_matched_natural,8,99,20,0.3795379537953795,0.3782608695652174,230,87,143,33,12,21,16,5,4,8,0.5,0.7272727272727273,0.6153846153846154,0.6666666666666666,0.7619047619047619,0.7142857142857142,0.8,13,0.3939393939393939,1.625,0.64,0.6557377049180327,0.8134920634920635,0.7228954188513012,0.16404631881052048,0.17877496869275064,size_matched_natural
context_size_balance_by_k,size_matched_natural,9,1,1,0.3795379537953795,0.3782608695652174,230,87,143,33,12,21,19,2,7,5,0.5,0.7272727272727273,0.7142857142857143,0.4166666666666667,0.9047619047619048,0.6607142857142857,0.7307692307692307,7,0.21212121212121213,1.4,0.5263157894736842,0.45454545454545453,0.8968253968253967,0.800060125060125,0.14605450862831867,0.1547017273577777,size_matched_natural
context_size_balance_by_k,size_matched_natural,9,1,20,0.3795379537953795,0.3782608695652174,230,87,143,33,12,21,19,2,4,8,0.5,0.8181818181818182,0.8,0.6666666666666666,0.9047619047619048,0.7857142857142857,0.8260869565217391,10,0.30303030303030304,1.25,0.7272727272727273,0.6896551724137931,0.8928571428571429,0.8058399732312775,0.13697446801469,0.20738849089001163,size_matched_natural
context_size_balance_by_k,size_matched_natural,9,7,1,0.3795379537953795,0.3782608695652174,230,87,143,33,12,21,19,2,6,6,0.5,0.7575757575757576,0.75,0.5,0.9047619047619048,0.7023809523809523,0.76,8,0.24242424242424243,1.3333333333333333,0.6,0.5357142857142857,0.8968253968253967,0.7838665963665965,0.13427205791643812,0.23133274054888522,size_matched_natural
context_size_balance_by_k,size_matched_natural,9,7,20,0.3795379537953795,0.3782608695652174,230,87,143,33,12,21,19,2,4,8,0.5,0.8181818181818182,0.8,0.6666666666666666,0.9047619047619048,0.7857142857142857,0.8260869565217391,10,0.30303030303030304,1.25,0.7272727272727273,0.6896551724137931,0.888888888888889,0.7959193383106427,0.13796628312890064,0.19816381326227478,size_matched_natural
context_size_balance_by_k,size_matched_natural,9,21,1,0.3795379537953795,0.3782608695652174,230,87,143,33,12,21,19,2,5,7,0.5,0.7878787878787878,0.7777777777777778,0.5833333333333334,0.9047619047619048,0.7440476190476191,0.7916666666666666,9,0.2727272727272727,1.2857142857142858,0.6666666666666666,0.6140350877192983,0.8650793650793651,0.7835350529100529,0.14820981897823776,0.1817026020902576,size_matched_natural
context_size_balance_by_k,size_matched_natural,9,21,20,0.3795379537953795,0.3782608695652174,230,87,143,33,12,21,19,2,4,8,0.5,0.8181818181818182,0.8,0.6666666666666666,0.9047619047619048,0.7857142857142857,0.8260869565217391,10,0.30303030303030304,1.25,0.7272727272727273,0.6896551724137931,0.9007936507936508,0.8167448292448292,0.13574594202244183,0.19793979733279257,size_matched_natural
context_size_balance_by_k,size_matched_natural,9,42,1,0.3795379537953795,0.3782608695652174,230,87,143,33,12,21,19,2,5,7,0.5,0.7878787878787878,0.7777777777777778,0.5833333333333334,0.9047619047619048,0.7440476190476191,0.7916666666666666,9,0.2727272727272727,1.2857142857142858,0.6666666666666666,0.6140350877192983,0.9126984126984128,0.8277328608210961,0.14525258488813508,0.18499828062274237,size_matched_natural
context_size_balance_by_k,size_matched_natural,9,42,20,0.3795379537953795,0.3782608695652174,230,87,143,33,12,21,19,2,4,8,0.5,0.8181818181818182,0.8,0.6666666666666666,0.9047619047619048,0.7857142857142857,0.8260869565217391,10,0.30303030303030304,1.25,0.7272727272727273,0.6896551724137931,0.888888888888889,0.7959193383106427,0.13975391037639454,0.2033594526124723,size_matched_natural
context_size_balance_by_k,size_matched_natural,9,99,1,0.3795379537953795,0.3782608695652174,230,87,143,33,12,21,19,2,5,7,0.5,0.7878787878787878,0.7777777777777778,0.5833333333333334,0.9047619047619048,0.7440476190476191,0.7916666666666666,9,0.2727272727272727,1.2857142857142858,0.6666666666666666,0.6140350877192983,0.8849206349206349,0.8019332519332519,0.1501193980961922,0.2020517691518321,size_matched_natural
context_size_balance_by_k,size_matched_natural,9,99,20,0.3795379537953795,0.3782608695652174,230,87,143,33,12,21,19,2,4,8,0.5,0.8181818181818182,0.8,0.6666666666666666,0.9047619047619048,0.7857142857142857,0.8260869565217391,10,0.30303030303030304,1.25,0.7272727272727273,0.6896551724137931,0.8928571428571428,0.8009559683472727,0.13884080220082692,0.215128836758209,size_matched_natural
context_size_balance_by_k,size_matched_natural,10,1,1,0.37623762376237624,0.37719298245614036,228,86,142,33,13,20,19,1,5,8,0.5,0.8181818181818182,0.8888888888888888,0.6153846153846154,0.95,0.7826923076923077,0.7916666666666666,9,0.2727272727272727,1.125,0.7272727272727273,0.6557377049180327,0.8923076923076924,0.8595883817037662,0.1457827763145093,0.15854978606556402,size_matched_natural
context_size_balance_by_k,size_matched_natural,10,1,20,0.37623762376237624,0.37719298245614036,228,86,142,33,13,20,16,4,6,7,0.5,0.696969696969697,0.6363636363636364,0.5384615384615384,0.8,0.6692307692307693,0.7272727272727273,11,0.3333333333333333,1.5714285714285714,0.5833333333333334,0.5555555555555556,0.8692307692307693,0.8240384615384615,0.15308024693000596,0.1685378919496681,size_matched_natural
context_size_balance_by_k,size_matched_natural,10,7,1,0.37623762376237624,0.37719298245614036,228,86,142,33,13,20,17,3,6,7,0.5,0.7272727272727273,0.7,0.5384615384615384,0.85,0.6942307692307692,0.7391304347826086,10,0.30303030303030304,1.4285714285714286,0.6086956521739131,0.5645161290322581,0.8538461538461539,0.8115185646562164,0.16150710536017465,0.19260166766065542,size_matched_natural
context_size_balance_by_k,size_matched_natural,10,7,20,0.37623762376237624,0.37719298245614036,228,86,142,33,13,20,16,4,6,7,0.5,0.696969696969697,0.6363636363636364,0.5384615384615384,0.8,0.6692307692307693,0.7272727272727273,11,0.3333333333333333,1.5714285714285714,0.5833333333333334,0.5555555555555556,0.8538461538461538,0.8122582096266306,0.1549001345452247,0.22765138361490134,size_matched_natural
context_size_balance_by_k,size_matched_natural,10,21,1,0.37623762376237624,0.37719298245614036,228,86,142,33,13,20,15,5,5,8,0.5,0.696969696969697,0.6153846153846154,0.6153846153846154,0.75,0.6826923076923077,0.75,13,0.3939393939393939,1.625,0.6153846153846154,0.6153846153846154,0.8692307692307693,0.8396921705745235,0.15131988807763455,0.21257157465725235,size_matched_natural
context_size_balance_by_k,size_matched_natural,10,21,20,0.37623762376237624,0.37719298245614036,228,86,142,33,13,20,16,4,5,8,0.5,0.7272727272727273,0.6666666666666666,0.6153846153846154,0.8,0.7076923076923077,0.7619047619047619,12,0.36363636363636365,1.5,0.64,0.625,0.8615384615384616,0.8182285464793204,0.15245846116124656,0.15416875978310904,size_matched_natural
context_size_balance_by_k,size_matched_natural,10,42,1,0.37623762376237624,0.37719298245614036,228,86,142,33,13,20,16,4,5,8,0.5,0.7272727272727273,0.6666666666666666,0.6153846153846154,0.8,0.7076923076923077,0.7619047619047619,12,0.36363636363636365,1.5,0.64,0.625,0.8769230769230769,0.8294167989006045,0.15337042101561416,0.1406607131163279,size_matched_natural
context_size_balance_by_k,size_matched_natural,10,42,20,0.37623762376237624,0.37719298245614036,228,86,142,33,13,20,16,4,6,7,0.5,0.696969696969697,0.6363636363636364,0.5384615384615384,0.8,0.6692307692307693,0.7272727272727273,11,0.3333333333333333,1.5714285714285714,0.5833333333333334,0.5555555555555556,0.8615384615384616,0.8182285464793204,0.15454398703279662,0.22181907996083747,size_matched_natural
context_size_balance_by_k,size_matched_natural,10,99,1,0.37623762376237624,0.37719298245614036,228,86,142,33,13,20,16,4,4,9,0.5,0.7575757575757576,0.6923076923076923,0.6923076923076923,0.8,0.7461538461538462,0.8,13,0.3939393939393939,1.4444444444444444,0.6923076923076923,0.6923076923076923,0.8769230769230769,0.8227004330511118,0.15153971558172571,0.11419022534832808,size_matched_natural
context_size_balance_by_k,size_matched_natural,10,99,20,0.37623762376237624,0.37719298245614036,228,86,142,33,13,20,16,4,6,7,0.5,0.696969696969697,0.6363636363636364,0.5384615384615384,0.8,0.6692307692307693,0.7272727272727273,11,0.3333333333333333,1.5714285714285714,0.5833333333333334,0.5555555555555556,0.8615384615384616,0.8182285464793204,0.15271176501719735,0.20674935254183682,size_matched_natural
