model,curve,x,y,threshold
B-TabPFN nested K,ROC,0.0,0.0,inf
B-TabPFN nested K,ROC,0.0,0.007874015748031496,0.9422945976257324
B-TabPFN nested K,ROC,0.0,0.031496062992125984,0.9176484942436218
B-TabPFN nested K,ROC,0.004784688995215311,0.031496062992125984,0.9098323583602905
B-TabPFN nested K,ROC,0.004784688995215311,0.06299212598425197,0.894367516040802
B-TabPFN nested K,ROC,0.009569377990430622,0.06299212598425197,0.8927960991859436
B-TabPFN nested K,ROC,0.009569377990430622,0.07874015748031496,0.8818359375
B-TabPFN nested K,ROC,0.014354066985645933,0.07874015748031496,0.8812938928604126
B-TabPFN nested K,ROC,0.014354066985645933,0.08661417322834646,0.8761904835700989
B-TabPFN nested K,ROC,0.019138755980861243,0.08661417322834646,0.8740234375
B-TabPFN nested K,ROC,0.019138755980861243,0.09448818897637795,0.87255859375
B-TabPFN nested K,ROC,0.023923444976076555,0.09448818897637795,0.8682700395584106
B-TabPFN nested K,ROC,0.023923444976076555,0.11023622047244094,0.8639804720878601
B-TabPFN nested K,ROC,0.03349282296650718,0.11023622047244094,0.8536198139190674
B-TabPFN nested K,ROC,0.03349282296650718,0.14960629921259844,0.81884765625
B-TabPFN nested K,ROC,0.03827751196172249,0.14960629921259844,0.81640625
B-TabPFN nested K,ROC,0.03827751196172249,0.18110236220472442,0.7981989979743958
B-TabPFN nested K,ROC,0.0430622009569378,0.18110236220472442,0.796875
B-TabPFN nested K,ROC,0.0430622009569378,0.2125984251968504,0.78369140625
B-TabPFN nested K,ROC,0.04784688995215311,0.2125984251968504,0.783203125
B-TabPFN nested K,ROC,0.04784688995215311,0.2204724409448819,0.7808045744895935
B-TabPFN nested K,ROC,0.05263157894736842,0.2204724409448819,0.77783203125
B-TabPFN nested K,ROC,0.05263157894736842,0.23622047244094488,0.7685546875
B-TabPFN nested K,ROC,0.05741626794258373,0.23622047244094488,0.7639736533164978
B-TabPFN nested K,ROC,0.05741626794258373,0.2440944881889764,0.76171875
B-TabPFN nested K,ROC,0.06220095693779904,0.2440944881889764,0.7595801949501038
B-TabPFN nested K,ROC,0.06220095693779904,0.28346456692913385,0.738101065158844
B-TabPFN nested K,ROC,0.06698564593301436,0.28346456692913385,0.7376129031181335
B-TabPFN nested K,ROC,0.06698564593301436,0.29133858267716534,0.7286935448646545
B-TabPFN nested K,ROC,0.07655502392344497,0.29133858267716534,0.7256413698196411
B-TabPFN nested K,ROC,0.07655502392344497,0.2992125984251969,0.7233821749687195
B-TabPFN nested K,ROC,0.08133971291866028,0.2992125984251969,0.7208791375160217
B-TabPFN nested K,ROC,0.08133971291866028,0.3464566929133858,0.708669126033783
B-TabPFN nested K,ROC,0.0861244019138756,0.3464566929133858,0.70458984375
B-TabPFN nested K,ROC,0.0861244019138756,0.3779527559055118,0.6891331076622009
B-TabPFN nested K,ROC,0.09090909090909091,0.3779527559055118,0.6886983513832092
B-TabPFN nested K,ROC,0.09090909090909091,0.4015748031496063,0.67626953125
B-TabPFN nested K,ROC,0.10047846889952153,0.4015748031496063,0.6720390915870667
B-TabPFN nested K,ROC,0.10047846889952153,0.41732283464566927,0.65966796875
B-TabPFN nested K,ROC,0.11004784688995216,0.41732283464566927,0.6552734375
B-TabPFN nested K,ROC,0.11004784688995216,0.4251968503937008,0.653974711894989
B-TabPFN nested K,ROC,0.11961722488038277,0.4251968503937008,0.6494140625
B-TabPFN nested K,ROC,0.11961722488038277,0.4330708661417323,0.6485958695411682
B-TabPFN nested K,ROC,0.1291866028708134,0.4330708661417323,0.64453125
B-TabPFN nested K,ROC,0.1291866028708134,0.44881889763779526,0.6363858580589294
B-TabPFN nested K,ROC,0.13875598086124402,0.44881889763779526,0.6259765625
B-TabPFN nested K,ROC,0.13875598086124402,0.48031496062992124,0.6136197447776794
B-TabPFN nested K,ROC,0.14354066985645933,0.48031496062992124,0.6123046875
B-TabPFN nested K,ROC,0.14354066985645933,0.4881889763779528,0.6114774346351624
B-TabPFN nested K,ROC,0.14832535885167464,0.4881889763779528,0.6103515625
B-TabPFN nested K,ROC,0.15311004784688995,0.49606299212598426,0.60986328125
B-TabPFN nested K,ROC,0.15311004784688995,0.5039370078740157,0.608547031879425
B-TabPFN nested K,ROC,0.1674641148325359,0.5039370078740157,0.60302734375
B-TabPFN nested K,ROC,0.1674641148325359,0.5118110236220472,0.60107421875
B-TabPFN nested K,ROC,0.1722488038277512,0.5118110236220472,0.5949820280075073
B-TabPFN nested K,ROC,0.1722488038277512,0.5511811023622047,0.578125
B-TabPFN nested K,ROC,0.18181818181818182,0.5511811023622047,0.5779839158058167
B-TabPFN nested K,ROC,0.18181818181818182,0.5590551181102362,0.5711515545845032
B-TabPFN nested K,ROC,0.20095693779904306,0.5590551181102362,0.5672443509101868
B-TabPFN nested K,ROC,0.20095693779904306,0.5669291338582677,0.5670329928398132
B-TabPFN nested K,ROC,0.20574162679425836,0.5669291338582677,0.56591796875
B-TabPFN nested K,ROC,0.20574162679425836,0.5905511811023622,0.5615234375
B-TabPFN nested K,ROC,0.21052631578947367,0.5905511811023622,0.5557997822761536
B-TabPFN nested K,ROC,0.21052631578947367,0.5984251968503937,0.5556640625
B-TabPFN nested K,ROC,0.22009569377990432,0.5984251968503937,0.552734375
B-TabPFN nested K,ROC,0.22009569377990432,0.6141732283464567,0.5478515625
B-TabPFN nested K,ROC,0.22966507177033493,0.6141732283464567,0.546123743057251
B-TabPFN nested K,ROC,0.22966507177033493,0.6220472440944882,0.54150390625
B-TabPFN nested K,ROC,0.23444976076555024,0.6220472440944882,0.541015625
B-TabPFN nested K,ROC,0.23444976076555024,0.6299212598425197,0.53857421875
B-TabPFN nested K,ROC,0.23923444976076555,0.6299212598425197,0.5377289652824402
B-TabPFN nested K,ROC,0.23923444976076555,0.6456692913385826,0.53564453125
B-TabPFN nested K,ROC,0.24401913875598086,0.6456692913385826,0.5346400737762451
B-TabPFN nested K,ROC,0.24401913875598086,0.6535433070866141,0.5343101620674133
B-TabPFN nested K,ROC,0.2535885167464115,0.6535433070866141,0.5299145579338074
B-TabPFN nested K,ROC,0.2535885167464115,0.6614173228346457,0.52880859375
B-TabPFN nested K,ROC,0.2822966507177033,0.6614173228346457,0.5054945349693298
B-TabPFN nested K,ROC,0.2822966507177033,0.6692913385826772,0.5042714476585388
B-TabPFN nested K,ROC,0.28708133971291866,0.6692913385826772,0.50341796875
B-TabPFN nested K,ROC,0.28708133971291866,0.6771653543307087,0.50146484375
B-TabPFN nested K,ROC,0.291866028708134,0.6771653543307087,0.5002933740615845
B-TabPFN nested K,ROC,0.291866028708134,0.6850393700787402,0.49953994154930115
B-TabPFN nested K,ROC,0.31100478468899523,0.6850393700787402,0.48782458901405334
B-TabPFN nested K,ROC,0.31100478468899523,0.7007874015748031,0.48486328125
B-TabPFN nested K,ROC,0.32057416267942584,0.7007874015748031,0.48271793127059937
B-TabPFN nested K,ROC,0.32057416267942584,0.7086614173228346,0.4793650805950165
B-TabPFN nested K,ROC,0.3253588516746411,0.7086614173228346,0.478515625
B-TabPFN nested K,ROC,0.3253588516746411,0.7165354330708661,0.47473761439323425
B-TabPFN nested K,ROC,0.3349282296650718,0.7165354330708661,0.4710213243961334
B-TabPFN nested K,ROC,0.3349282296650718,0.7244094488188977,0.47014474868774414
B-TabPFN nested K,ROC,0.3588516746411483,0.7244094488188977,0.45654296875
B-TabPFN nested K,ROC,0.3588516746411483,0.7322834645669292,0.44970703125
B-TabPFN nested K,ROC,0.3684210526315789,0.7322834645669292,0.4444715678691864
B-TabPFN nested K,ROC,0.3684210526315789,0.7480314960629921,0.4366609752178192
B-TabPFN nested K,ROC,0.3827751196172249,0.7480314960629921,0.4285714328289032
B-TabPFN nested K,ROC,0.3827751196172249,0.7559055118110236,0.42689773440361023
B-TabPFN nested K,ROC,0.40669856459330145,0.7559055118110236,0.41676774621009827
B-TabPFN nested K,ROC,0.40669856459330145,0.7637795275590551,0.41552734375
B-TabPFN nested K,ROC,0.41148325358851673,0.7637795275590551,0.4150390625
B-TabPFN nested K,ROC,0.41148325358851673,0.7716535433070866,0.4139194190502167
B-TabPFN nested K,ROC,0.42105263157894735,0.7716535433070866,0.40966796875
B-TabPFN nested K,ROC,0.42105263157894735,0.7795275590551181,0.40932390093803406
B-TabPFN nested K,ROC,0.4258373205741627,0.7795275590551181,0.408654123544693
B-TabPFN nested K,ROC,0.4258373205741627,0.7874015748031497,0.4075702130794525
B-TabPFN nested K,ROC,0.44976076555023925,0.7874015748031497,0.39829060435295105
B-TabPFN nested K,ROC,0.44976076555023925,0.8188976377952756,0.3836385905742645
B-TabPFN nested K,ROC,0.47368421052631576,0.8188976377952756,0.3681640625
B-TabPFN nested K,ROC,0.47368421052631576,0.8267716535433071,0.36328125
B-TabPFN nested K,ROC,0.48325358851674644,0.8267716535433071,0.3603515625
B-TabPFN nested K,ROC,0.48325358851674644,0.8346456692913385,0.3601953685283661
B-TabPFN nested K,ROC,0.49760765550239233,0.8346456692913385,0.3523809611797333
B-TabPFN nested K,ROC,0.49760765550239233,0.84251968503937,0.3503853976726532
B-TabPFN nested K,ROC,0.507177033492823,0.84251968503937,0.34586283564567566
B-TabPFN nested K,ROC,0.507177033492823,0.8503937007874016,0.3424457013607025
B-TabPFN nested K,ROC,0.5263157894736842,0.8503937007874016,0.3385404050350189
B-TabPFN nested K,ROC,0.5263157894736842,0.8582677165354331,0.33772894740104675
B-TabPFN nested K,ROC,0.5454545454545454,0.8582677165354331,0.33056640625
B-TabPFN nested K,ROC,0.5454545454545454,0.8740157480314961,0.32600733637809753
B-TabPFN nested K,ROC,0.6028708133971292,0.8740157480314961,0.3053453862667084
B-TabPFN nested K,ROC,0.6028708133971292,0.8818897637795275,0.30322265625
B-TabPFN nested K,ROC,0.6076555023923444,0.8818897637795275,0.29802295565605164
B-TabPFN nested K,ROC,0.6076555023923444,0.8976377952755905,0.2978515625
B-TabPFN nested K,ROC,0.6076555023923444,0.905511811023622,0.2967033088207245
B-TabPFN nested K,ROC,0.631578947368421,0.905511811023622,0.2879121005535126
B-TabPFN nested K,ROC,0.631578947368421,0.9133858267716536,0.28044912219047546
B-TabPFN nested K,ROC,0.6363636363636364,0.9133858267716536,0.279296875
B-TabPFN nested K,ROC,0.6363636363636364,0.9212598425196851,0.27848726511001587
B-TabPFN nested K,ROC,0.6698564593301436,0.9212598425196851,0.26611328125
B-TabPFN nested K,ROC,0.6698564593301436,0.9291338582677166,0.26171875
B-TabPFN nested K,ROC,0.7320574162679426,0.9291338582677166,0.24627776443958282
B-TabPFN nested K,ROC,0.7320574162679426,0.937007874015748,0.2460017055273056
B-TabPFN nested K,ROC,0.7464114832535885,0.937007874015748,0.2420024424791336
B-TabPFN nested K,ROC,0.7464114832535885,0.9448818897637795,0.240351602435112
B-TabPFN nested K,ROC,0.8086124401913876,0.9448818897637795,0.22588522732257843
B-TabPFN nested K,ROC,0.8181818181818182,0.9448818897637795,0.22577495872974396
B-TabPFN nested K,ROC,0.8373205741626795,0.9448818897637795,0.21875
B-TabPFN nested K,ROC,0.8373205741626795,0.952755905511811,0.21826171875
B-TabPFN nested K,ROC,0.8708133971291866,0.952755905511811,0.20712803304195404
B-TabPFN nested K,ROC,0.8708133971291866,0.9606299212598425,0.20458984375
B-TabPFN nested K,ROC,0.8803827751196173,0.9606299212598425,0.20322225987911224
B-TabPFN nested K,ROC,0.8803827751196173,0.968503937007874,0.20273403823375702
B-TabPFN nested K,ROC,0.9090909090909091,0.968503937007874,0.19150494039058685
B-TabPFN nested K,ROC,0.9090909090909091,0.9763779527559056,0.19134637713432312
B-TabPFN nested K,ROC,0.9521531100478469,0.9763779527559056,0.17906169593334198
B-TabPFN nested K,ROC,0.9521531100478469,0.984251968503937,0.1786106675863266
B-TabPFN nested K,ROC,0.9904306220095693,0.984251968503937,0.16585855185985565
B-TabPFN nested K,ROC,0.9904306220095693,0.9921259842519685,0.16328604519367218
B-TabPFN nested K,ROC,1.0,0.9921259842519685,0.15355037152767181
B-TabPFN nested K,ROC,1.0,1.0,0.14559492468833923
B-TabPFN nested K,PR,1.0,0.37797619047619047,0.14559492468833923
B-TabPFN nested K,PR,0.9921259842519685,0.3761194029850746,0.15355037152767181
B-TabPFN nested K,PR,0.9921259842519685,0.3772455089820359,0.15604396164417267
B-TabPFN nested K,PR,0.9921259842519685,0.3783783783783784,0.16328604519367218
B-TabPFN nested K,PR,0.984251968503937,0.37650602409638556,0.16585855185985565
B-TabPFN nested K,PR,0.984251968503937,0.3776435045317221,0.16951097548007965
B-TabPFN nested K,PR,0.984251968503937,0.3787878787878788,0.1696363240480423
B-TabPFN nested K,PR,0.984251968503937,0.3799392097264438,0.16982053220272064
B-TabPFN nested K,PR,0.984251968503937,0.38109756097560976,0.1724214404821396
B-TabPFN nested K,PR,0.984251968503937,0.382262996941896,0.17431640625
B-TabPFN nested K,PR,0.984251968503937,0.3834355828220859,0.1767578125
B-TabPFN nested K,PR,0.984251968503937,0.38461538461538464,0.17714564502239227
B-TabPFN nested K,PR,0.984251968503937,0.38580246913580246,0.1786106675863266
B-TabPFN nested K,PR,0.9763779527559056,0.38390092879256965,0.17906169593334198
B-TabPFN nested K,PR,0.9763779527559056,0.38509316770186336,0.17937318980693817
B-TabPFN nested K,PR,0.9763779527559056,0.3862928348909657,0.1826171875
B-TabPFN nested K,PR,0.9763779527559056,0.3875,0.18408432602882385
B-TabPFN nested K,PR,0.9763779527559056,0.3887147335423197,0.18583638966083527
B-TabPFN nested K,PR,0.9763779527559056,0.389937106918239,0.18798828125
B-TabPFN nested K,PR,0.9763779527559056,0.3911671924290221,0.1885756105184555
B-TabPFN nested K,PR,0.9763779527559056,0.3924050632911392,0.18955205380916595
B-TabPFN nested K,PR,0.9763779527559056,0.39365079365079364,0.18984250724315643
B-TabPFN nested K,PR,0.9763779527559056,0.39490445859872614,0.19134637713432312
B-TabPFN nested K,PR,0.968503937007874,0.3929712460063898,0.19150494039058685
B-TabPFN nested K,PR,0.968503937007874,0.3942307692307692,0.19521425664424896
B-TabPFN nested K,PR,0.968503937007874,0.3954983922829582,0.19609279930591583
B-TabPFN nested K,PR,0.968503937007874,0.3967741935483871,0.1966792792081833
B-TabPFN nested K,PR,0.968503937007874,0.39805825242718446,0.1968158632516861
B-TabPFN nested K,PR,0.968503937007874,0.39935064935064934,0.20126937329769135
B-TabPFN nested K,PR,0.968503937007874,0.4006514657980456,0.20273403823375702
B-TabPFN nested K,PR,0.9606299212598425,0.39869281045751637,0.20322225987911224
B-TabPFN nested K,PR,0.9606299212598425,0.4,0.20361328125
B-TabPFN nested K,PR,0.9606299212598425,0.40131578947368424,0.20458984375
B-TabPFN nested K,PR,0.952755905511811,0.39933993399339934,0.20712803304195404
B-TabPFN nested K,PR,0.952755905511811,0.40066225165562913,0.20820112526416779
B-TabPFN nested K,PR,0.952755905511811,0.4019933554817276,0.208984375
B-TabPFN nested K,PR,0.952755905511811,0.4033333333333333,0.21172161400318146
B-TabPFN nested K,PR,0.952755905511811,0.40468227424749165,0.21435546875
B-TabPFN nested K,PR,0.952755905511811,0.40604026845637586,0.2162497341632843
B-TabPFN nested K,PR,0.952755905511811,0.4074074074074074,0.21758241951465607
B-TabPFN nested K,PR,0.952755905511811,0.40878378378378377,0.21826171875
B-TabPFN nested K,PR,0.9448818897637795,0.4067796610169492,0.21875
B-TabPFN nested K,PR,0.9448818897637795,0.40816326530612246,0.22051282227039337
B-TabPFN nested K,PR,0.9448818897637795,0.40955631399317405,0.22128646075725555
B-TabPFN nested K,PR,0.9448818897637795,0.410958904109589,0.22295482456684113
B-TabPFN nested K,PR,0.9448818897637795,0.41237113402061853,0.22577495872974396
B-TabPFN nested K,PR,0.9448818897637795,0.41522491349480967,0.22588522732257843
B-TabPFN nested K,PR,0.9448818897637795,0.4166666666666667,0.22686202824115753
B-TabPFN nested K,PR,0.9448818897637795,0.4181184668989547,0.2279330939054489
B-TabPFN nested K,PR,0.9448818897637795,0.4195804195804196,0.23046875
B-TabPFN nested K,PR,0.9448818897637795,0.42105263157894735,0.232421875
B-TabPFN nested K,PR,0.9448818897637795,0.4225352112676056,0.23272283375263214
B-TabPFN nested K,PR,0.9448818897637795,0.42402826855123676,0.23574654757976532
B-TabPFN nested K,PR,0.9448818897637795,0.425531914893617,0.23583984375
B-TabPFN nested K,PR,0.9448818897637795,0.42704626334519574,0.23663003742694855
B-TabPFN nested K,PR,0.9448818897637795,0.42857142857142855,0.23736336827278137
B-TabPFN nested K,PR,0.9448818897637795,0.43010752688172044,0.2389553338289261
B-TabPFN nested K,PR,0.9448818897637795,0.4316546762589928,0.23997533321380615
B-TabPFN nested K,PR,0.9448818897637795,0.4332129963898917,0.24009394645690918
B-TabPFN nested K,PR,0.9448818897637795,0.43478260869565216,0.240351602435112
B-TabPFN nested K,PR,0.937007874015748,0.43272727272727274,0.2420024424791336
B-TabPFN nested K,PR,0.937007874015748,0.4343065693430657,0.24365234375
B-TabPFN nested K,PR,0.937007874015748,0.4358974358974359,0.24472109973430634
B-TabPFN nested K,PR,0.937007874015748,0.4375,0.2460017055273056
B-TabPFN nested K,PR,0.9291338582677166,0.4354243542435424,0.24627776443958282
B-TabPFN nested K,PR,0.9291338582677166,0.43703703703703706,0.248046875
B-TabPFN nested K,PR,0.9291338582677166,0.43866171003717475,0.2509765625
B-TabPFN nested K,PR,0.9291338582677166,0.44029850746268656,0.25128206610679626
B-TabPFN nested K,PR,0.9291338582677166,0.4419475655430712,0.25164756178855896
B-TabPFN nested K,PR,0.9291338582677166,0.44360902255639095,0.25236186385154724
B-TabPFN nested K,PR,0.9291338582677166,0.44528301886792454,0.25390625
B-TabPFN nested K,PR,0.9291338582677166,0.44696969696969696,0.25439453125
B-TabPFN nested K,PR,0.9291338582677166,0.44866920152091255,0.2548828125
B-TabPFN nested K,PR,0.9291338582677166,0.45038167938931295,0.2556776702404022
B-TabPFN nested K,PR,0.9291338582677166,0.4521072796934866,0.256041020154953
B-TabPFN nested K,PR,0.9291338582677166,0.45384615384615384,0.2568359375
B-TabPFN nested K,PR,0.9291338582677166,0.4555984555984556,0.2607421875
B-TabPFN nested K,PR,0.9291338582677166,0.4573643410852713,0.26171875
B-TabPFN nested K,PR,0.9212598425196851,0.45525291828793774,0.26611328125
B-TabPFN nested K,PR,0.9212598425196851,0.45703125,0.26726874709129333
B-TabPFN nested K,PR,0.9212598425196851,0.4588235294117647,0.26935288310050964
B-TabPFN nested K,PR,0.9212598425196851,0.46062992125984253,0.27001953125
B-TabPFN nested K,PR,0.9212598425196851,0.4624505928853755,0.27099609375
B-TabPFN nested K,PR,0.9212598425196851,0.4642857142857143,0.2726385295391083
B-TabPFN nested K,PR,0.9212598425196851,0.46613545816733065,0.2744140625
B-TabPFN nested K,PR,0.9212598425196851,0.468,0.27848726511001587
B-TabPFN nested K,PR,0.9133858267716536,0.46586345381526106,0.279296875
B-TabPFN nested K,PR,0.9133858267716536,0.46774193548387094,0.28044912219047546
B-TabPFN nested K,PR,0.905511811023622,0.46558704453441296,0.2879121005535126
B-TabPFN nested K,PR,0.905511811023622,0.46747967479674796,0.2900390625
B-TabPFN nested K,PR,0.905511811023622,0.46938775510204084,0.2919921875
B-TabPFN nested K,PR,0.905511811023622,0.4713114754098361,0.29314133524894714
B-TabPFN nested K,PR,0.905511811023622,0.4732510288065844,0.29541015625
B-TabPFN nested K,PR,0.905511811023622,0.47520661157024796,0.2967033088207245
B-TabPFN nested K,PR,0.8976377952755905,0.4730290456431535,0.2978515625
B-TabPFN nested K,PR,0.8818897637795275,0.4686192468619247,0.29802295565605164
B-TabPFN nested K,PR,0.8818897637795275,0.47058823529411764,0.30322265625
B-TabPFN nested K,PR,0.8740157480314961,0.46835443037974683,0.3053453862667084
B-TabPFN nested K,PR,0.8740157480314961,0.4703389830508475,0.306640625
B-TabPFN nested K,PR,0.8740157480314961,0.4723404255319149,0.30706292390823364
B-TabPFN nested K,PR,0.8740157480314961,0.47435897435897434,0.30908203125
B-TabPFN nested K,PR,0.8740157480314961,0.47639484978540775,0.31005859375
B-TabPFN nested K,PR,0.8740157480314961,0.47844827586206895,0.31575092673301697
B-TabPFN nested K,PR,0.8740157480314961,0.4805194805194805,0.32001954317092896
B-TabPFN nested K,PR,0.8740157480314961,0.4826086956521739,0.32080078125
B-TabPFN nested K,PR,0.8740157480314961,0.4847161572052402,0.3212890625
B-TabPFN nested K,PR,0.8740157480314961,0.4868421052631579,0.322265625
B-TabPFN nested K,PR,0.8740157480314961,0.4889867841409692,0.323407381772995
B-TabPFN nested K,PR,0.8740157480314961,0.4911504424778761,0.32568359375
B-TabPFN nested K,PR,0.8740157480314961,0.49333333333333335,0.32600733637809753
B-TabPFN nested K,PR,0.8661417322834646,0.49107142857142855,0.329717218875885
B-TabPFN nested K,PR,0.8582677165354331,0.48878923766816146,0.33056640625
B-TabPFN nested K,PR,0.8582677165354331,0.49099099099099097,0.3310546875
B-TabPFN nested K,PR,0.8582677165354331,0.49321266968325794,0.3344210088253021
B-TabPFN nested K,PR,0.8582677165354331,0.4954545454545455,0.33479854464530945
B-TabPFN nested K,PR,0.8582677165354331,0.4977168949771689,0.33772894740104675
B-TabPFN nested K,PR,0.8503937007874016,0.4954128440366973,0.3385404050350189
B-TabPFN nested K,PR,0.8503937007874016,0.4976958525345622,0.33935546875
B-TabPFN nested K,PR,0.8503937007874016,0.5,0.3401659429073334
B-TabPFN nested K,PR,0.8503937007874016,0.5023255813953489,0.34163615107536316
B-TabPFN nested K,PR,0.8503937007874016,0.5046728971962616,0.3424457013607025
B-TabPFN nested K,PR,0.84251968503937,0.5023474178403756,0.34586283564567566
B-TabPFN nested K,PR,0.84251968503937,0.5047169811320755,0.34716796875
B-TabPFN nested K,PR,0.84251968503937,0.5071090047393365,0.3503853976726532
B-TabPFN nested K,PR,0.8346456692913385,0.5047619047619047,0.3523809611797333
B-TabPFN nested K,PR,0.8346456692913385,0.507177033492823,0.35888671875
B-TabPFN nested K,PR,0.8346456692913385,0.5096153846153846,0.3595137894153595
B-TabPFN nested K,PR,0.8346456692913385,0.5120772946859904,0.3601953685283661
B-TabPFN nested K,PR,0.8267716535433071,0.5097087378640777,0.3603515625
B-TabPFN nested K,PR,0.8267716535433071,0.5121951219512195,0.36050769686698914
B-TabPFN nested K,PR,0.8267716535433071,0.5147058823529411,0.36328125
B-TabPFN nested K,PR,0.8188976377952756,0.5123152709359606,0.3681640625
B-TabPFN nested K,PR,0.8188976377952756,0.5148514851485149,0.3726215958595276
B-TabPFN nested K,PR,0.8188976377952756,0.5174129353233831,0.37368807196617126
B-TabPFN nested K,PR,0.8188976377952756,0.52,0.37435898184776306
B-TabPFN nested K,PR,0.8188976377952756,0.5226130653266332,0.3828125
B-TabPFN nested K,PR,0.8188976377952756,0.5252525252525253,0.3836385905742645
B-TabPFN nested K,PR,0.8110236220472441,0.5228426395939086,0.3935546875
B-TabPFN nested K,PR,0.8031496062992126,0.5204081632653061,0.39446204900741577
B-TabPFN nested K,PR,0.7952755905511811,0.517948717948718,0.3976080119609833
B-TabPFN nested K,PR,0.7874015748031497,0.5154639175257731,0.39829060435295105
B-TabPFN nested K,PR,0.7874015748031497,0.5181347150259067,0.40527358651161194
B-TabPFN nested K,PR,0.7874015748031497,0.5208333333333334,0.40576171875
B-TabPFN nested K,PR,0.7874015748031497,0.5235602094240838,0.40625
B-TabPFN nested K,PR,0.7874015748031497,0.5263157894736842,0.40708181262016296
B-TabPFN nested K,PR,0.7874015748031497,0.5291005291005291,0.4075702130794525
B-TabPFN nested K,PR,0.7795275590551181,0.526595744680851,0.408654123544693
B-TabPFN nested K,PR,0.7795275590551181,0.5294117647058824,0.40932390093803406
B-TabPFN nested K,PR,0.7716535433070866,0.5268817204301075,0.40966796875
B-TabPFN nested K,PR,0.7716535433070866,0.5297297297297298,0.4111328125
B-TabPFN nested K,PR,0.7716535433070866,0.532608695652174,0.4139194190502167
B-TabPFN nested K,PR,0.7637795275590551,0.5300546448087432,0.4150390625
B-TabPFN nested K,PR,0.7637795275590551,0.532967032967033,0.41552734375
B-TabPFN nested K,PR,0.7559055118110236,0.5303867403314917,0.41676774621009827
B-TabPFN nested K,PR,0.7559055118110236,0.5333333333333333,0.4178266227245331
B-TabPFN nested K,PR,0.7559055118110236,0.5363128491620112,0.419921875
B-TabPFN nested K,PR,0.7559055118110236,0.5393258426966292,0.421875
B-TabPFN nested K,PR,0.7559055118110236,0.5423728813559322,0.4228515625
B-TabPFN nested K,PR,0.7559055118110236,0.5454545454545454,0.42689773440361023
B-TabPFN nested K,PR,0.7480314960629921,0.5428571428571428,0.4285714328289032
B-TabPFN nested K,PR,0.7480314960629921,0.5459770114942529,0.4305926263332367
B-TabPFN nested K,PR,0.7480314960629921,0.5491329479768786,0.435546875
B-TabPFN nested K,PR,0.7480314960629921,0.5523255813953488,0.4366609752178192
B-TabPFN nested K,PR,0.7401574803149606,0.5497076023391813,0.43701171875
B-TabPFN nested K,PR,0.7322834645669292,0.5470588235294118,0.4444715678691864
B-TabPFN nested K,PR,0.7322834645669292,0.5502958579881657,0.4451770484447479
B-TabPFN nested K,PR,0.7322834645669292,0.5535714285714286,0.44970703125
B-TabPFN nested K,PR,0.7244094488188977,0.5508982035928144,0.45654296875
B-TabPFN nested K,PR,0.7244094488188977,0.5542168674698795,0.45849609375
B-TabPFN nested K,PR,0.7244094488188977,0.5575757575757576,0.46045008301734924
B-TabPFN nested K,PR,0.7244094488188977,0.5609756097560976,0.46178266406059265
B-TabPFN nested K,PR,0.7244094488188977,0.5644171779141104,0.4657222628593445
B-TabPFN nested K,PR,0.7244094488188977,0.5679012345679012,0.47014474868774414
B-TabPFN nested K,PR,0.7165354330708661,0.5652173913043478,0.4710213243961334
B-TabPFN nested K,PR,0.7165354330708661,0.56875,0.4744870066642761
B-TabPFN nested K,PR,0.7165354330708661,0.5723270440251572,0.47473761439323425
B-TabPFN nested K,PR,0.7086614173228346,0.569620253164557,0.478515625
B-TabPFN nested K,PR,0.7086614173228346,0.5732484076433121,0.4793650805950165
B-TabPFN nested K,PR,0.7007874015748031,0.5705128205128205,0.48271793127059937
B-TabPFN nested K,PR,0.7007874015748031,0.5741935483870968,0.48405569791793823
B-TabPFN nested K,PR,0.7007874015748031,0.577922077922078,0.48486328125
B-TabPFN nested K,PR,0.6929133858267716,0.5751633986928104,0.48513078689575195
B-TabPFN nested K,PR,0.6850393700787402,0.5723684210526315,0.48782458901405334
B-TabPFN nested K,PR,0.6850393700787402,0.5761589403973509,0.4956538677215576
B-TabPFN nested K,PR,0.6850393700787402,0.58,0.49853515625
B-TabPFN nested K,PR,0.6850393700787402,0.5838926174496645,0.49939069151878357
B-TabPFN nested K,PR,0.6850393700787402,0.5878378378378378,0.49953994154930115
B-TabPFN nested K,PR,0.6771653543307087,0.5850340136054422,0.5002933740615845
B-TabPFN nested K,PR,0.6771653543307087,0.589041095890411,0.50146484375
B-TabPFN nested K,PR,0.6692913385826772,0.5862068965517241,0.50341796875
B-TabPFN nested K,PR,0.6692913385826772,0.5902777777777778,0.5042714476585388
B-TabPFN nested K,PR,0.6614173228346457,0.5874125874125874,0.5054945349693298
B-TabPFN nested K,PR,0.6614173228346457,0.5915492957746479,0.505859375
B-TabPFN nested K,PR,0.6614173228346457,0.5957446808510638,0.5133089423179626
B-TabPFN nested K,PR,0.6614173228346457,0.6,0.51611328125
B-TabPFN nested K,PR,0.6614173228346457,0.60431654676259,0.5235653519630432
B-TabPFN nested K,PR,0.6614173228346457,0.6086956521739131,0.5255189538002014
B-TabPFN nested K,PR,0.6614173228346457,0.6131386861313869,0.52880859375
B-TabPFN nested K,PR,0.6535433070866141,0.6102941176470589,0.5299145579338074
B-TabPFN nested K,PR,0.6535433070866141,0.6148148148148148,0.5343065857887268
B-TabPFN nested K,PR,0.6535433070866141,0.6194029850746269,0.5343101620674133
B-TabPFN nested K,PR,0.6456692913385826,0.6165413533834586,0.5346400737762451
B-TabPFN nested K,PR,0.6456692913385826,0.6212121212121212,0.53564453125
B-TabPFN nested K,PR,0.6377952755905512,0.6183206106870229,0.53759765625
B-TabPFN nested K,PR,0.6299212598425197,0.6153846153846154,0.5377289652824402
B-TabPFN nested K,PR,0.6299212598425197,0.6201550387596899,0.53857421875
B-TabPFN nested K,PR,0.6220472440944882,0.6171875,0.541015625
B-TabPFN nested K,PR,0.6220472440944882,0.6220472440944882,0.54150390625
B-TabPFN nested K,PR,0.6141732283464567,0.6190476190476191,0.546123743057251
B-TabPFN nested K,PR,0.6141732283464567,0.624,0.54638671875
B-TabPFN nested K,PR,0.6141732283464567,0.6290322580645161,0.5478515625
B-TabPFN nested K,PR,0.6062992125984252,0.6260162601626016,0.5491823554039001
B-TabPFN nested K,PR,0.5984251968503937,0.6229508196721312,0.552734375
B-TabPFN nested K,PR,0.5984251968503937,0.628099173553719,0.5546875
B-TabPFN nested K,PR,0.5984251968503937,0.6333333333333333,0.5556640625
B-TabPFN nested K,PR,0.5905511811023622,0.6302521008403361,0.5557997822761536
B-TabPFN nested K,PR,0.5905511811023622,0.635593220338983,0.5615234375
B-TabPFN nested K,PR,0.5826771653543307,0.6324786324786325,0.5631257891654968
B-TabPFN nested K,PR,0.5748031496062992,0.6293103448275862,0.564453125
B-TabPFN nested K,PR,0.5669291338582677,0.6260869565217392,0.56591796875
B-TabPFN nested K,PR,0.5669291338582677,0.631578947368421,0.5670329928398132
B-TabPFN nested K,PR,0.5590551181102362,0.6283185840707964,0.5672443509101868
B-TabPFN nested K,PR,0.5590551181102362,0.6339285714285714,0.5674103498458862
B-TabPFN nested K,PR,0.5590551181102362,0.6396396396396397,0.5693359375
B-TabPFN nested K,PR,0.5590551181102362,0.6454545454545455,0.56982421875
B-TabPFN nested K,PR,0.5590551181102362,0.6513761467889908,0.5711515545845032
B-TabPFN nested K,PR,0.5511811023622047,0.6481481481481481,0.5779839158058167
B-TabPFN nested K,PR,0.5511811023622047,0.660377358490566,0.578125
B-TabPFN nested K,PR,0.5433070866141733,0.6571428571428571,0.58203125
B-TabPFN nested K,PR,0.5354330708661418,0.6538461538461539,0.58642578125
B-TabPFN nested K,PR,0.5275590551181102,0.6504854368932039,0.5929182171821594
B-TabPFN nested K,PR,0.5196850393700787,0.6470588235294118,0.59375
B-TabPFN nested K,PR,0.5118110236220472,0.6435643564356436,0.5949820280075073
B-TabPFN nested K,PR,0.5118110236220472,0.65,0.60107421875
B-TabPFN nested K,PR,0.5039370078740157,0.6464646464646465,0.60302734375
B-TabPFN nested K,PR,0.5039370078740157,0.6530612244897959,0.6046398282051086
B-TabPFN nested K,PR,0.5039370078740157,0.6597938144329897,0.6061769723892212
B-TabPFN nested K,PR,0.5039370078740157,0.6666666666666666,0.608547031879425
B-TabPFN nested K,PR,0.49606299212598426,0.6631578947368421,0.60986328125
B-TabPFN nested K,PR,0.4881889763779528,0.6666666666666666,0.6103515625
B-TabPFN nested K,PR,0.4881889763779528,0.6739130434782609,0.6114774346351624
B-TabPFN nested K,PR,0.48031496062992124,0.6703296703296703,0.6123046875
B-TabPFN nested K,PR,0.48031496062992124,0.6777777777777778,0.6136197447776794
B-TabPFN nested K,PR,0.47244094488188976,0.6741573033707865,0.6220703125
B-TabPFN nested K,PR,0.4645669291338583,0.6704545454545454,0.6252612471580505
B-TabPFN nested K,PR,0.4566929133858268,0.6666666666666666,0.6256410479545593
B-TabPFN nested K,PR,0.44881889763779526,0.6627906976744186,0.6259765625
B-TabPFN nested K,PR,0.44881889763779526,0.6705882352941176,0.6319902539253235
B-TabPFN nested K,PR,0.44881889763779526,0.6785714285714286,0.6363858580589294
B-TabPFN nested K,PR,0.4409448818897638,0.6746987951807228,0.6419331431388855
B-TabPFN nested K,PR,0.4330708661417323,0.6707317073170732,0.64453125
B-TabPFN nested K,PR,0.4330708661417323,0.6790123456790124,0.6463266015052795
B-TabPFN nested K,PR,0.4330708661417323,0.6875,0.6485958695411682
B-TabPFN nested K,PR,0.4251968503937008,0.6835443037974683,0.6494140625
B-TabPFN nested K,PR,0.4251968503937008,0.6923076923076923,0.650390625
B-TabPFN nested K,PR,0.4251968503937008,0.7012987012987013,0.653974711894989
B-TabPFN nested K,PR,0.41732283464566927,0.6973684210526315,0.6552734375
B-TabPFN nested K,PR,0.41732283464566927,0.7066666666666667,0.65576171875
B-TabPFN nested K,PR,0.41732283464566927,0.7162162162162162,0.65966796875
B-TabPFN nested K,PR,0.4094488188976378,0.7123287671232876,0.6689453125
B-TabPFN nested K,PR,0.4015748031496063,0.7083333333333334,0.6720390915870667
B-TabPFN nested K,PR,0.4015748031496063,0.7183098591549296,0.673828125
B-TabPFN nested K,PR,0.4015748031496063,0.7285714285714285,0.67626953125
B-TabPFN nested K,PR,0.3937007874015748,0.7246376811594203,0.677734375
B-TabPFN nested K,PR,0.3858267716535433,0.7205882352941176,0.6866911053657532
B-TabPFN nested K,PR,0.3779527559055118,0.7164179104477612,0.6886983513832092
B-TabPFN nested K,PR,0.3779527559055118,0.7272727272727273,0.6891331076622009
B-TabPFN nested K,PR,0.3700787401574803,0.7230769230769231,0.69482421875
B-TabPFN nested K,PR,0.36220472440944884,0.71875,0.6991844773292542
B-TabPFN nested K,PR,0.3543307086614173,0.7142857142857143,0.704273521900177
B-TabPFN nested K,PR,0.3464566929133858,0.7096774193548387,0.70458984375
B-TabPFN nested K,PR,0.3464566929133858,0.7213114754098361,0.708669126033783
B-TabPFN nested K,PR,0.33858267716535434,0.7166666666666667,0.7097876667976379
B-TabPFN nested K,PR,0.33070866141732286,0.711864406779661,0.7126339673995972
B-TabPFN nested K,PR,0.3228346456692913,0.7068965517241379,0.71826171875
B-TabPFN nested K,PR,0.31496062992125984,0.7017543859649122,0.71875
B-TabPFN nested K,PR,0.30708661417322836,0.6964285714285714,0.720703125
B-TabPFN nested K,PR,0.2992125984251969,0.6909090909090909,0.7208791375160217
B-TabPFN nested K,PR,0.2992125984251969,0.7037037037037037,0.7233821749687195
B-TabPFN nested K,PR,0.29133858267716534,0.6981132075471698,0.7256413698196411
B-TabPFN nested K,PR,0.29133858267716534,0.7115384615384616,0.728687047958374
B-TabPFN nested K,PR,0.29133858267716534,0.7254901960784313,0.7286935448646545
B-TabPFN nested K,PR,0.28346456692913385,0.72,0.7376129031181335
B-TabPFN nested K,PR,0.28346456692913385,0.7346938775510204,0.738101065158844
B-TabPFN nested K,PR,0.2755905511811024,0.7291666666666666,0.7451171875
B-TabPFN nested K,PR,0.2677165354330709,0.723404255319149,0.7508848905563354
B-TabPFN nested K,PR,0.25984251968503935,0.717391304347826,0.7549749612808228
B-TabPFN nested K,PR,0.25196850393700787,0.7111111111111111,0.75830078125
B-TabPFN nested K,PR,0.2440944881889764,0.7045454545454546,0.7595801949501038
B-TabPFN nested K,PR,0.2440944881889764,0.7209302325581395,0.76171875
B-TabPFN nested K,PR,0.23622047244094488,0.7142857142857143,0.7639736533164978
B-TabPFN nested K,PR,0.23622047244094488,0.7317073170731707,0.7685546875
B-TabPFN nested K,PR,0.2283464566929134,0.725,0.7691368460655212
B-TabPFN nested K,PR,0.2204724409448819,0.717948717948718,0.77783203125
B-TabPFN nested K,PR,0.2204724409448819,0.7368421052631579,0.7808045744895935
B-TabPFN nested K,PR,0.2125984251968504,0.7297297297297297,0.783203125
B-TabPFN nested K,PR,0.2125984251968504,0.75,0.78369140625
B-TabPFN nested K,PR,0.2047244094488189,0.7428571428571429,0.78515625
B-TabPFN nested K,PR,0.1968503937007874,0.7352941176470589,0.7958984375
B-TabPFN nested K,PR,0.1889763779527559,0.7272727272727273,0.7964839339256287
B-TabPFN nested K,PR,0.18110236220472442,0.71875,0.796875
B-TabPFN nested K,PR,0.18110236220472442,0.7419354838709677,0.7981989979743958
B-TabPFN nested K,PR,0.1732283464566929,0.7333333333333333,0.8026363849639893
B-TabPFN nested K,PR,0.16535433070866143,0.7241379310344828,0.812034010887146
B-TabPFN nested K,PR,0.15748031496062992,0.7142857142857143,0.8120868802070618
B-TabPFN nested K,PR,0.14960629921259844,0.7037037037037037,0.81640625
B-TabPFN nested K,PR,0.14960629921259844,0.7307692307692307,0.81884765625
B-TabPFN nested K,PR,0.14173228346456693,0.72,0.8203125
B-TabPFN nested K,PR,0.13385826771653545,0.7083333333333334,0.8346109390258789
B-TabPFN nested K,PR,0.12598425196850394,0.6956521739130435,0.83740234375
B-TabPFN nested K,PR,0.11811023622047244,0.6818181818181818,0.8420024514198303
B-TabPFN nested K,PR,0.11023622047244094,0.6666666666666666,0.8536198139190674
B-TabPFN nested K,PR,0.11023622047244094,0.7,0.85888671875
B-TabPFN nested K,PR,0.11023622047244094,0.7368421052631579,0.8639804720878601
B-TabPFN nested K,PR,0.10236220472440945,0.7222222222222222,0.86767578125
B-TabPFN nested K,PR,0.09448818897637795,0.7058823529411765,0.8682700395584106
B-TabPFN nested K,PR,0.09448818897637795,0.75,0.87255859375
B-TabPFN nested K,PR,0.08661417322834646,0.7333333333333333,0.8740234375
B-TabPFN nested K,PR,0.08661417322834646,0.7857142857142857,0.8761904835700989
B-TabPFN nested K,PR,0.07874015748031496,0.7692307692307693,0.8812938928604126
B-TabPFN nested K,PR,0.07874015748031496,0.8333333333333334,0.8818359375
B-TabPFN nested K,PR,0.07086614173228346,0.8181818181818182,0.8901492953300476
B-TabPFN nested K,PR,0.06299212598425197,0.8,0.8927960991859436
B-TabPFN nested K,PR,0.06299212598425197,0.8888888888888888,0.894367516040802
B-TabPFN nested K,PR,0.05511811023622047,0.875,0.900390625
B-TabPFN nested K,PR,0.047244094488188976,0.8571428571428571,0.9079018831253052
B-TabPFN nested K,PR,0.03937007874015748,0.8333333333333334,0.9085250496864319
B-TabPFN nested K,PR,0.031496062992125984,0.8,0.9098323583602905
B-TabPFN nested K,PR,0.031496062992125984,1.0,0.9176484942436218
B-TabPFN nested K,PR,0.023622047244094488,1.0,0.9196019768714905
B-TabPFN nested K,PR,0.015748031496062992,1.0,0.9320720434188843
B-TabPFN nested K,PR,0.007874015748031496,1.0,0.9422945976257324
B-TabPFN nested K,PR,0.0,1.0,
Gaussian Naive Bayes,ROC,0.0,0.0,inf
Gaussian Naive Bayes,ROC,0.0,0.031496062992125984,1.0
Gaussian Naive Bayes,ROC,0.004784688995215311,0.03937007874015748,0.9999999999999964
Gaussian Naive Bayes,ROC,0.004784688995215311,0.06299212598425197,0.9999999999999756
Gaussian Naive Bayes,ROC,0.009569377990430622,0.06299212598425197,0.999999999999936
Gaussian Naive Bayes,ROC,0.009569377990430622,0.07086614173228346,0.9999999999998597
Gaussian Naive Bayes,ROC,0.019138755980861243,0.07086614173228346,0.9999999999994849
Gaussian Naive Bayes,ROC,0.019138755980861243,0.07874015748031496,0.9999999999990088
Gaussian Naive Bayes,ROC,0.023923444976076555,0.07874015748031496,0.9999999999978337
Gaussian Naive Bayes,ROC,0.023923444976076555,0.09448818897637795,0.9999999999887983
Gaussian Naive Bayes,ROC,0.028708133971291867,0.09448818897637795,0.9999999999884288
Gaussian Naive Bayes,ROC,0.028708133971291867,0.12598425196850394,0.9999999999180398
Gaussian Naive Bayes,ROC,0.03349282296650718,0.12598425196850394,0.9999999998815046
Gaussian Naive Bayes,ROC,0.03349282296650718,0.1968503937007874,0.9999999985473718
Gaussian Naive Bayes,ROC,0.0430622009569378,0.1968503937007874,0.9999999975802236
Gaussian Naive Bayes,ROC,0.0430622009569378,0.2204724409448819,0.9999999958594845
Gaussian Naive Bayes,ROC,0.06220095693779904,0.2204724409448819,0.9999999943923532
Gaussian Naive Bayes,ROC,0.06220095693779904,0.2283464566929134,0.9999999939589221
Gaussian Naive Bayes,ROC,0.06698564593301436,0.2283464566929134,0.9999999932318175
Gaussian Naive Bayes,ROC,0.06698564593301436,0.2440944881889764,0.9999999927433016
Gaussian Naive Bayes,ROC,0.08133971291866028,0.2440944881889764,0.9999999900478591
Gaussian Naive Bayes,ROC,0.08133971291866028,0.25984251968503935,0.9999999890345137
Gaussian Naive Bayes,ROC,0.0861244019138756,0.25984251968503935,0.9999999859623242
Gaussian Naive Bayes,ROC,0.0861244019138756,0.2677165354330709,0.9999999847746485
Gaussian Naive Bayes,ROC,0.09569377990430622,0.2677165354330709,0.9999999805394266
Gaussian Naive Bayes,ROC,0.09569377990430622,0.2755905511811024,0.9999999795844838
Gaussian Naive Bayes,ROC,0.12440191387559808,0.2755905511811024,0.9999999367355719
Gaussian Naive Bayes,ROC,0.12440191387559808,0.29133858267716534,0.9999999233260148
Gaussian Naive Bayes,ROC,0.1291866028708134,0.29133858267716534,0.9999998945947908
Gaussian Naive Bayes,ROC,0.1291866028708134,0.2992125984251969,0.9999998929333285
Gaussian Naive Bayes,ROC,0.13875598086124402,0.2992125984251969,0.9999998823192686
Gaussian Naive Bayes,ROC,0.13875598086124402,0.33858267716535434,0.9999995476840972
Gaussian Naive Bayes,ROC,0.14354066985645933,0.33858267716535434,0.9999994145750372
Gaussian Naive Bayes,ROC,0.14354066985645933,0.3464566929133858,0.9999991535984212
Gaussian Naive Bayes,ROC,0.14832535885167464,0.3464566929133858,0.9999984783186373
Gaussian Naive Bayes,ROC,0.14832535885167464,0.3700787401574803,0.9999958603807046
Gaussian Naive Bayes,ROC,0.15311004784688995,0.3700787401574803,0.9999954104281922
Gaussian Naive Bayes,ROC,0.15311004784688995,0.3937007874015748,0.9999927455618941
Gaussian Naive Bayes,ROC,0.15789473684210525,0.3937007874015748,0.9999912374112248
Gaussian Naive Bayes,ROC,0.15789473684210525,0.41732283464566927,0.9999889228170626
Gaussian Naive Bayes,ROC,0.16267942583732056,0.41732283464566927,0.9999880901238644
Gaussian Naive Bayes,ROC,0.16267942583732056,0.4566929133858268,0.9999823545865127
Gaussian Naive Bayes,ROC,0.17703349282296652,0.4566929133858268,0.9999743768160838
Gaussian Naive Bayes,ROC,0.17703349282296652,0.48031496062992124,0.999971051230889
Gaussian Naive Bayes,ROC,0.18660287081339713,0.48031496062992124,0.9999700346083837
Gaussian Naive Bayes,ROC,0.18660287081339713,0.49606299212598426,0.9999666928960618
Gaussian Naive Bayes,ROC,0.19617224880382775,0.49606299212598426,0.9999616005178872
Gaussian Naive Bayes,ROC,0.19617224880382775,0.5039370078740157,0.9999577363579901
Gaussian Naive Bayes,ROC,0.20095693779904306,0.5039370078740157,0.9999543213941003
Gaussian Naive Bayes,ROC,0.20095693779904306,0.5118110236220472,0.9999542826257825
Gaussian Naive Bayes,ROC,0.21052631578947367,0.5118110236220472,0.9999458452493604
Gaussian Naive Bayes,ROC,0.21052631578947367,0.5275590551181102,0.9999435675548211
Gaussian Naive Bayes,ROC,0.215311004784689,0.5275590551181102,0.9999404342506493
Gaussian Naive Bayes,ROC,0.215311004784689,0.5354330708661418,0.9999397502288245
Gaussian Naive Bayes,ROC,0.22009569377990432,0.5354330708661418,0.9999389758695619
Gaussian Naive Bayes,ROC,0.22009569377990432,0.5433070866141733,0.999936344660035
Gaussian Naive Bayes,ROC,0.22488038277511962,0.5433070866141733,0.9999295594689996
Gaussian Naive Bayes,ROC,0.22488038277511962,0.5511811023622047,0.9999269625157227
Gaussian Naive Bayes,ROC,0.23444976076555024,0.5511811023622047,0.9999051258646274
Gaussian Naive Bayes,ROC,0.23444976076555024,0.5590551181102362,0.9998920779874044
Gaussian Naive Bayes,ROC,0.24880382775119617,0.5590551181102362,0.999847236972848
Gaussian Naive Bayes,ROC,0.24880382775119617,0.5669291338582677,0.9998393215016018
Gaussian Naive Bayes,ROC,0.2535885167464115,0.5669291338582677,0.9998119791626161
Gaussian Naive Bayes,ROC,0.2535885167464115,0.5826771653543307,0.9997726147299708
Gaussian Naive Bayes,ROC,0.2583732057416268,0.5826771653543307,0.9997365169497507
Gaussian Naive Bayes,ROC,0.2583732057416268,0.5984251968503937,0.9997039231630827
Gaussian Naive Bayes,ROC,0.2679425837320574,0.5984251968503937,0.9996777908156315
Gaussian Naive Bayes,ROC,0.2679425837320574,0.6062992125984252,0.9996744547163776
Gaussian Naive Bayes,ROC,0.2727272727272727,0.6062992125984252,0.9996554079704512
Gaussian Naive Bayes,ROC,0.2727272727272727,0.6141732283464567,0.999649795422565
Gaussian Naive Bayes,ROC,0.28708133971291866,0.6141732283464567,0.9996074396152237
Gaussian Naive Bayes,ROC,0.28708133971291866,0.6220472440944882,0.9995965556296069
Gaussian Naive Bayes,ROC,0.291866028708134,0.6220472440944882,0.9995849079565423
Gaussian Naive Bayes,ROC,0.291866028708134,0.6299212598425197,0.9995545338705534
Gaussian Naive Bayes,ROC,0.32057416267942584,0.6299212598425197,0.9993943798732486
Gaussian Naive Bayes,ROC,0.32057416267942584,0.6377952755905512,0.9993835263620988
Gaussian Naive Bayes,ROC,0.3492822966507177,0.6377952755905512,0.9990038244799704
Gaussian Naive Bayes,ROC,0.3492822966507177,0.6535433070866141,0.9989695709259881
Gaussian Naive Bayes,ROC,0.37320574162679426,0.6535433070866141,0.9987099710548338
Gaussian Naive Bayes,ROC,0.37320574162679426,0.6692913385826772,0.9986637823885591
Gaussian Naive Bayes,ROC,0.37799043062200954,0.6692913385826772,0.9985837160632342
Gaussian Naive Bayes,ROC,0.37799043062200954,0.6850393700787402,0.9985133870230308
Gaussian Naive Bayes,ROC,0.3875598086124402,0.6850393700787402,0.9983415184508919
Gaussian Naive Bayes,ROC,0.3875598086124402,0.6929133858267716,0.9983360676260918
Gaussian Naive Bayes,ROC,0.39712918660287083,0.6929133858267716,0.9982948954206119
Gaussian Naive Bayes,ROC,0.39712918660287083,0.7086614173228346,0.9980483316703308
Gaussian Naive Bayes,ROC,0.41148325358851673,0.7086614173228346,0.9977670063987129
Gaussian Naive Bayes,ROC,0.41148325358851673,0.7165354330708661,0.9977173155704495
Gaussian Naive Bayes,ROC,0.41626794258373206,0.7165354330708661,0.9976277441180637
Gaussian Naive Bayes,ROC,0.41626794258373206,0.7244094488188977,0.9974948254548747
Gaussian Naive Bayes,ROC,0.42105263157894735,0.7244094488188977,0.9973606124538977
Gaussian Naive Bayes,ROC,0.42105263157894735,0.7322834645669292,0.9973448560152496
Gaussian Naive Bayes,ROC,0.4258373205741627,0.7322834645669292,0.9972871078154937
Gaussian Naive Bayes,ROC,0.4258373205741627,0.7401574803149606,0.9972003106637508
Gaussian Naive Bayes,ROC,0.430622009569378,0.7401574803149606,0.9971178410180485
Gaussian Naive Bayes,ROC,0.430622009569378,0.7637795275590551,0.9966828778012794
Gaussian Naive Bayes,ROC,0.4449760765550239,0.7637795275590551,0.9963511388498438
Gaussian Naive Bayes,ROC,0.4449760765550239,0.7716535433070866,0.9962795275362196
Gaussian Naive Bayes,ROC,0.45933014354066987,0.7716535433070866,0.9956900915374888
Gaussian Naive Bayes,ROC,0.45933014354066987,0.7795275590551181,0.9951152740469461
Gaussian Naive Bayes,ROC,0.47368421052631576,0.7795275590551181,0.9946671293870124
Gaussian Naive Bayes,ROC,0.47368421052631576,0.7874015748031497,0.9944983038442594
Gaussian Naive Bayes,ROC,0.49282296650717705,0.7874015748031497,0.9932788925592575
Gaussian Naive Bayes,ROC,0.49282296650717705,0.7952755905511811,0.9925732687065227
Gaussian Naive Bayes,ROC,0.5023923444976076,0.7952755905511811,0.9923303622687023
Gaussian Naive Bayes,ROC,0.5023923444976076,0.8110236220472441,0.9911765165531817
Gaussian Naive Bayes,ROC,0.5789473684210527,0.8110236220472441,0.9862730899112158
Gaussian Naive Bayes,ROC,0.5789473684210527,0.8267716535433071,0.9852658542062375
Gaussian Naive Bayes,ROC,0.583732057416268,0.8267716535433071,0.9852072137866453
Gaussian Naive Bayes,ROC,0.583732057416268,0.8346456692913385,0.9848949743085591
Gaussian Naive Bayes,ROC,0.6172248803827751,0.8346456692913385,0.9771185435146151
Gaussian Naive Bayes,ROC,0.6172248803827751,0.84251968503937,0.9754578362343395
Gaussian Naive Bayes,ROC,0.6220095693779905,0.84251968503937,0.9753294769318297
Gaussian Naive Bayes,ROC,0.6220095693779905,0.8503937007874016,0.9751875234997581
Gaussian Naive Bayes,ROC,0.645933014354067,0.8503937007874016,0.9737256683461012
Gaussian Naive Bayes,ROC,0.645933014354067,0.8582677165354331,0.9730874172646785
Gaussian Naive Bayes,ROC,0.6746411483253588,0.8582677165354331,0.966699947231097
Gaussian Naive Bayes,ROC,0.6746411483253588,0.8740157480314961,0.9638395490291738
Gaussian Naive Bayes,ROC,0.6889952153110048,0.8740157480314961,0.9622334278499699
Gaussian Naive Bayes,ROC,0.6889952153110048,0.8818897637795275,0.9597940048032342
Gaussian Naive Bayes,ROC,0.69377990430622,0.8818897637795275,0.9589726977620078
Gaussian Naive Bayes,ROC,0.69377990430622,0.8976377952755905,0.9565272028026106
Gaussian Naive Bayes,ROC,0.6985645933014354,0.8976377952755905,0.9554082749015181
Gaussian Naive Bayes,ROC,0.6985645933014354,0.905511811023622,0.9513031410044993
Gaussian Naive Bayes,ROC,0.7129186602870813,0.905511811023622,0.9437355594672943
Gaussian Naive Bayes,ROC,0.7129186602870813,0.9133858267716536,0.9431069561609007
Gaussian Naive Bayes,ROC,0.7464114832535885,0.9133858267716536,0.9339852083595652
Gaussian Naive Bayes,ROC,0.7464114832535885,0.9212598425196851,0.9326324412093354
Gaussian Naive Bayes,ROC,0.7511961722488039,0.9212598425196851,0.9326008853619963
Gaussian Naive Bayes,ROC,0.7511961722488039,0.9291338582677166,0.9291313093872358
Gaussian Naive Bayes,ROC,0.7607655502392344,0.9291338582677166,0.9233682057703574
Gaussian Naive Bayes,ROC,0.7607655502392344,0.937007874015748,0.9224801650556635
Gaussian Naive Bayes,ROC,0.7703349282296651,0.937007874015748,0.9150112403683224
Gaussian Naive Bayes,ROC,0.7703349282296651,0.9448818897637795,0.913718761943706
Gaussian Naive Bayes,ROC,0.7990430622009569,0.9448818897637795,0.8936827095519594
Gaussian Naive Bayes,ROC,0.7990430622009569,0.952755905511811,0.8928931738636146
Gaussian Naive Bayes,ROC,0.8277511961722488,0.952755905511811,0.8792094389903625
Gaussian Naive Bayes,ROC,0.8277511961722488,0.9606299212598425,0.8713804358219437
Gaussian Naive Bayes,ROC,0.8947368421052632,0.9606299212598425,0.7534740490661704
Gaussian Naive Bayes,ROC,0.8947368421052632,0.9763779527559056,0.47821577037576707
Gaussian Naive Bayes,ROC,0.9234449760765551,0.9763779527559056,7.931179311003686e-05
Gaussian Naive Bayes,ROC,0.9234449760765551,0.984251968503937,1.1785592464076792e-14
Gaussian Naive Bayes,ROC,0.937799043062201,0.984251968503937,4.33423708550683e-17
Gaussian Naive Bayes,ROC,0.937799043062201,0.9921259842519685,3.924297539673336e-17
Gaussian Naive Bayes,ROC,0.9665071770334929,0.9921259842519685,1.7785927803716579e-19
Gaussian Naive Bayes,ROC,1.0,1.0,0.0
Gaussian Naive Bayes,PR,1.0,0.37797619047619047,0.0
Gaussian Naive Bayes,PR,0.9921259842519685,0.38414634146341464,1.7785927803716579e-19
Gaussian Naive Bayes,PR,0.9921259842519685,0.3853211009174312,2.760744654681036e-19
Gaussian Naive Bayes,PR,0.9921259842519685,0.38650306748466257,3.356599474333595e-19
Gaussian Naive Bayes,PR,0.9921259842519685,0.38769230769230767,2.54124706029521e-18
Gaussian Naive Bayes,PR,0.9921259842519685,0.3888888888888889,7.536310498503288e-18
Gaussian Naive Bayes,PR,0.9921259842519685,0.39009287925696595,3.599962696504253e-17
Gaussian Naive Bayes,PR,0.9921259842519685,0.391304347826087,3.924297539673336e-17
Gaussian Naive Bayes,PR,0.984251968503937,0.3894080996884735,4.33423708550683e-17
Gaussian Naive Bayes,PR,0.984251968503937,0.390625,4.9944724654474354e-17
Gaussian Naive Bayes,PR,0.984251968503937,0.39184952978056425,9.345872177490998e-16
Gaussian Naive Bayes,PR,0.984251968503937,0.39308176100628933,1.1785592464076792e-14
Gaussian Naive Bayes,PR,0.9763779527559056,0.3911671924290221,7.931179311003686e-05
Gaussian Naive Bayes,PR,0.9763779527559056,0.3924050632911392,0.0013964679375870924
Gaussian Naive Bayes,PR,0.9763779527559056,0.39365079365079364,0.002882737389398969
Gaussian Naive Bayes,PR,0.9763779527559056,0.39490445859872614,0.1776460504004035
Gaussian Naive Bayes,PR,0.9763779527559056,0.3961661341853035,0.19883797688111496
Gaussian Naive Bayes,PR,0.9763779527559056,0.3974358974358974,0.4426230430693316
Gaussian Naive Bayes,PR,0.9763779527559056,0.3987138263665595,0.47821577037576707
Gaussian Naive Bayes,PR,0.968503937007874,0.3967741935483871,0.6650458097401042
Gaussian Naive Bayes,PR,0.9606299212598425,0.3948220064724919,0.7534740490661704
Gaussian Naive Bayes,PR,0.9606299212598425,0.3961038961038961,0.7671105346063684
Gaussian Naive Bayes,PR,0.9606299212598425,0.3973941368078176,0.7676053903038479
Gaussian Naive Bayes,PR,0.9606299212598425,0.39869281045751637,0.7678803345842413
Gaussian Naive Bayes,PR,0.9606299212598425,0.4,0.7684172461614905
Gaussian Naive Bayes,PR,0.9606299212598425,0.40131578947368424,0.7894859935148352
Gaussian Naive Bayes,PR,0.9606299212598425,0.40264026402640263,0.8057557164120212
Gaussian Naive Bayes,PR,0.9606299212598425,0.40397350993377484,0.8233043473979353
Gaussian Naive Bayes,PR,0.9606299212598425,0.4053156146179402,0.8268170277219564
Gaussian Naive Bayes,PR,0.9606299212598425,0.4066666666666667,0.8318583565323436
Gaussian Naive Bayes,PR,0.9606299212598425,0.4080267558528428,0.8440972013730751
Gaussian Naive Bayes,PR,0.9606299212598425,0.40939597315436244,0.8576766725342493
Gaussian Naive Bayes,PR,0.9606299212598425,0.4107744107744108,0.8651336396797576
Gaussian Naive Bayes,PR,0.9606299212598425,0.41216216216216217,0.870954212735411
Gaussian Naive Bayes,PR,0.9606299212598425,0.4135593220338983,0.8713804358219437
Gaussian Naive Bayes,PR,0.952755905511811,0.41156462585034015,0.8792094389903625
Gaussian Naive Bayes,PR,0.952755905511811,0.4129692832764505,0.8825986525919562
Gaussian Naive Bayes,PR,0.952755905511811,0.4143835616438356,0.8830847639172568
Gaussian Naive Bayes,PR,0.952755905511811,0.41580756013745707,0.8872716417638593
Gaussian Naive Bayes,PR,0.952755905511811,0.41724137931034483,0.8892794739051199
Gaussian Naive Bayes,PR,0.952755905511811,0.4186851211072664,0.8899632412199266
Gaussian Naive Bayes,PR,0.952755905511811,0.4201388888888889,0.8928931738636146
Gaussian Naive Bayes,PR,0.9448818897637795,0.4181184668989547,0.8936827095519594
Gaussian Naive Bayes,PR,0.9448818897637795,0.4195804195804196,0.900545573183312
Gaussian Naive Bayes,PR,0.9448818897637795,0.42105263157894735,0.9014309039941115
Gaussian Naive Bayes,PR,0.9448818897637795,0.4225352112676056,0.9036197594464286
Gaussian Naive Bayes,PR,0.9448818897637795,0.42402826855123676,0.9114467094840788
Gaussian Naive Bayes,PR,0.9448818897637795,0.425531914893617,0.9117153029169294
Gaussian Naive Bayes,PR,0.9448818897637795,0.42704626334519574,0.913718761943706
Gaussian Naive Bayes,PR,0.937007874015748,0.425,0.9150112403683224
Gaussian Naive Bayes,PR,0.937007874015748,0.4265232974910394,0.9199151494055325
Gaussian Naive Bayes,PR,0.937007874015748,0.42805755395683454,0.9224801650556635
Gaussian Naive Bayes,PR,0.9291338582677166,0.4259927797833935,0.9233682057703574
Gaussian Naive Bayes,PR,0.9291338582677166,0.427536231884058,0.9236165828329589
Gaussian Naive Bayes,PR,0.9291338582677166,0.4290909090909091,0.9291313093872358
Gaussian Naive Bayes,PR,0.9212598425196851,0.42700729927007297,0.9326008853619963
Gaussian Naive Bayes,PR,0.9212598425196851,0.42857142857142855,0.9326324412093354
Gaussian Naive Bayes,PR,0.9133858267716536,0.4264705882352941,0.9339852083595652
Gaussian Naive Bayes,PR,0.9133858267716536,0.4280442804428044,0.935016317579159
Gaussian Naive Bayes,PR,0.9133858267716536,0.42962962962962964,0.9376301824479933
Gaussian Naive Bayes,PR,0.9133858267716536,0.4312267657992565,0.9385761819362755
Gaussian Naive Bayes,PR,0.9133858267716536,0.43283582089552236,0.9389388736779773
Gaussian Naive Bayes,PR,0.9133858267716536,0.4344569288389513,0.9391802041323045
Gaussian Naive Bayes,PR,0.9133858267716536,0.43609022556390975,0.9424517002483721
Gaussian Naive Bayes,PR,0.9133858267716536,0.4377358490566038,0.9431069561609007
Gaussian Naive Bayes,PR,0.905511811023622,0.4356060606060606,0.9437355594672943
Gaussian Naive Bayes,PR,0.905511811023622,0.4372623574144487,0.9467167438775703
Gaussian Naive Bayes,PR,0.905511811023622,0.4389312977099237,0.9501277539607952
Gaussian Naive Bayes,PR,0.905511811023622,0.44061302681992337,0.9513031410044993
Gaussian Naive Bayes,PR,0.8976377952755905,0.43846153846153846,0.9554082749015181
Gaussian Naive Bayes,PR,0.8976377952755905,0.44015444015444016,0.9565272028026106
Gaussian Naive Bayes,PR,0.889763779527559,0.437984496124031,0.9587717643056989
Gaussian Naive Bayes,PR,0.8818897637795275,0.4357976653696498,0.9589726977620078
Gaussian Naive Bayes,PR,0.8818897637795275,0.4375,0.9597940048032342
Gaussian Naive Bayes,PR,0.8740157480314961,0.43529411764705883,0.9622334278499699
Gaussian Naive Bayes,PR,0.8740157480314961,0.43700787401574803,0.9624494590209995
Gaussian Naive Bayes,PR,0.8740157480314961,0.43873517786561267,0.9630940186112646
Gaussian Naive Bayes,PR,0.8740157480314961,0.44047619047619047,0.9638395490291738
Gaussian Naive Bayes,PR,0.8661417322834646,0.43824701195219123,0.9641577319876299
Gaussian Naive Bayes,PR,0.8582677165354331,0.436,0.966699947231097
Gaussian Naive Bayes,PR,0.8582677165354331,0.43775100401606426,0.9667467037477742
Gaussian Naive Bayes,PR,0.8582677165354331,0.43951612903225806,0.9688792281851853
Gaussian Naive Bayes,PR,0.8582677165354331,0.44129554655870445,0.9694898132175058
Gaussian Naive Bayes,PR,0.8582677165354331,0.44308943089430897,0.9709220599350885
Gaussian Naive Bayes,PR,0.8582677165354331,0.4448979591836735,0.9727762732964786
Gaussian Naive Bayes,PR,0.8582677165354331,0.44672131147540983,0.9730874172646785
Gaussian Naive Bayes,PR,0.8503937007874016,0.4444444444444444,0.9737256683461012
Gaussian Naive Bayes,PR,0.8503937007874016,0.4462809917355372,0.9737506125091119
Gaussian Naive Bayes,PR,0.8503937007874016,0.44813278008298757,0.974232425428192
Gaussian Naive Bayes,PR,0.8503937007874016,0.45,0.9747265818096716
Gaussian Naive Bayes,PR,0.8503937007874016,0.45188284518828453,0.9749751539140975
Gaussian Naive Bayes,PR,0.8503937007874016,0.453781512605042,0.9751875234997581
Gaussian Naive Bayes,PR,0.84251968503937,0.45147679324894513,0.9753294769318297
Gaussian Naive Bayes,PR,0.84251968503937,0.4533898305084746,0.9754578362343395
Gaussian Naive Bayes,PR,0.8346456692913385,0.451063829787234,0.9771185435146151
Gaussian Naive Bayes,PR,0.8346456692913385,0.452991452991453,0.9816616294517888
Gaussian Naive Bayes,PR,0.8346456692913385,0.45493562231759654,0.9818347566903737
Gaussian Naive Bayes,PR,0.8346456692913385,0.45689655172413796,0.9821342673228372
Gaussian Naive Bayes,PR,0.8346456692913385,0.4588744588744589,0.9827291093011422
Gaussian Naive Bayes,PR,0.8346456692913385,0.4608695652173913,0.9842893169697049
Gaussian Naive Bayes,PR,0.8346456692913385,0.462882096069869,0.9846367814524783
Gaussian Naive Bayes,PR,0.8346456692913385,0.4649122807017544,0.9848949743085591
Gaussian Naive Bayes,PR,0.8267716535433071,0.46255506607929514,0.9852072137866453
Gaussian Naive Bayes,PR,0.8267716535433071,0.4646017699115044,0.9852658542062375
Gaussian Naive Bayes,PR,0.8188976377952756,0.4622222222222222,0.9858219525101625
Gaussian Naive Bayes,PR,0.8110236220472441,0.45982142857142855,0.9862730899112158
Gaussian Naive Bayes,PR,0.8110236220472441,0.4618834080717489,0.9865840125211147
Gaussian Naive Bayes,PR,0.8110236220472441,0.46396396396396394,0.9874549867095469
Gaussian Naive Bayes,PR,0.8110236220472441,0.4660633484162896,0.9880921737208438
Gaussian Naive Bayes,PR,0.8110236220472441,0.4681818181818182,0.9882652054709772
Gaussian Naive Bayes,PR,0.8110236220472441,0.4703196347031963,0.988849289225621
Gaussian Naive Bayes,PR,0.8110236220472441,0.4724770642201835,0.9891656633175075
Gaussian Naive Bayes,PR,0.8110236220472441,0.47465437788018433,0.9892040298790589
Gaussian Naive Bayes,PR,0.8110236220472441,0.47685185185185186,0.9895859383774873
Gaussian Naive Bayes,PR,0.8110236220472441,0.4790697674418605,0.9896264032304314
Gaussian Naive Bayes,PR,0.8110236220472441,0.48130841121495327,0.9896833150514037
Gaussian Naive Bayes,PR,0.8110236220472441,0.4835680751173709,0.9897222523845725
Gaussian Naive Bayes,PR,0.8110236220472441,0.4858490566037736,0.990166755831392
Gaussian Naive Bayes,PR,0.8110236220472441,0.4881516587677725,0.9903630120174434
Gaussian Naive Bayes,PR,0.8110236220472441,0.49047619047619045,0.990474904480017
Gaussian Naive Bayes,PR,0.8110236220472441,0.49282296650717705,0.9907765003355952
Gaussian Naive Bayes,PR,0.8110236220472441,0.4951923076923077,0.9911765165531817
Gaussian Naive Bayes,PR,0.8031496062992126,0.4927536231884058,0.9920535272207586
Gaussian Naive Bayes,PR,0.7952755905511811,0.49029126213592233,0.9923303622687023
Gaussian Naive Bayes,PR,0.7952755905511811,0.4926829268292683,0.9924442036249513
Gaussian Naive Bayes,PR,0.7952755905511811,0.4950980392156863,0.9925732687065227
Gaussian Naive Bayes,PR,0.7874015748031497,0.49261083743842365,0.9932788925592575
Gaussian Naive Bayes,PR,0.7874015748031497,0.49504950495049505,0.9933352176251087
Gaussian Naive Bayes,PR,0.7874015748031497,0.4975124378109453,0.9934031274287585
Gaussian Naive Bayes,PR,0.7874015748031497,0.5,0.9941396299725904
Gaussian Naive Bayes,PR,0.7874015748031497,0.5025125628140703,0.9944983038442594
Gaussian Naive Bayes,PR,0.7795275590551181,0.5,0.9946671293870124
Gaussian Naive Bayes,PR,0.7795275590551181,0.5025380710659898,0.9946928820031308
Gaussian Naive Bayes,PR,0.7795275590551181,0.5051020408163265,0.994695758649618
Gaussian Naive Bayes,PR,0.7795275590551181,0.5076923076923077,0.9951152740469461
Gaussian Naive Bayes,PR,0.7716535433070866,0.5051546391752577,0.9956900915374888
Gaussian Naive Bayes,PR,0.7716535433070866,0.5077720207253886,0.9959019798465082
Gaussian Naive Bayes,PR,0.7716535433070866,0.5104166666666666,0.996136014502555
Gaussian Naive Bayes,PR,0.7716535433070866,0.5130890052356021,0.9962795275362196
Gaussian Naive Bayes,PR,0.7637795275590551,0.5105263157894737,0.9963511388498438
Gaussian Naive Bayes,PR,0.7637795275590551,0.5132275132275133,0.9964096582802199
Gaussian Naive Bayes,PR,0.7637795275590551,0.5159574468085106,0.9965533773326422
Gaussian Naive Bayes,PR,0.7637795275590551,0.5187165775401069,0.9966828778012794
Gaussian Naive Bayes,PR,0.7559055118110236,0.5161290322580645,0.996933454982509
Gaussian Naive Bayes,PR,0.7480314960629921,0.5135135135135135,0.9971085502710731
Gaussian Naive Bayes,PR,0.7401574803149606,0.5108695652173914,0.9971178410180485
Gaussian Naive Bayes,PR,0.7401574803149606,0.5136612021857924,0.9972003106637508
Gaussian Naive Bayes,PR,0.7322834645669292,0.510989010989011,0.9972871078154937
Gaussian Naive Bayes,PR,0.7322834645669292,0.5138121546961326,0.9973448560152496
Gaussian Naive Bayes,PR,0.7244094488188977,0.5111111111111111,0.9973606124538977
Gaussian Naive Bayes,PR,0.7244094488188977,0.5139664804469274,0.9974948254548747
Gaussian Naive Bayes,PR,0.7165354330708661,0.5112359550561798,0.9976277441180637
Gaussian Naive Bayes,PR,0.7165354330708661,0.5141242937853108,0.9977173155704495
Gaussian Naive Bayes,PR,0.7086614173228346,0.5113636363636364,0.9977670063987129
Gaussian Naive Bayes,PR,0.7086614173228346,0.5142857142857142,0.9979781091416561
Gaussian Naive Bayes,PR,0.7086614173228346,0.5172413793103449,0.997998890008406
Gaussian Naive Bayes,PR,0.7086614173228346,0.5202312138728323,0.9980483316703308
Gaussian Naive Bayes,PR,0.7007874015748031,0.5174418604651163,0.9981958136475396
Gaussian Naive Bayes,PR,0.6929133858267716,0.5146198830409356,0.9982948954206119
Gaussian Naive Bayes,PR,0.6929133858267716,0.5176470588235295,0.9983349807301737
Gaussian Naive Bayes,PR,0.6929133858267716,0.5207100591715976,0.9983360676260918
Gaussian Naive Bayes,PR,0.6850393700787402,0.5178571428571429,0.9983415184508919
Gaussian Naive Bayes,PR,0.6850393700787402,0.5209580838323353,0.9984380833180119
Gaussian Naive Bayes,PR,0.6850393700787402,0.5240963855421686,0.9985133870230308
Gaussian Naive Bayes,PR,0.6771653543307087,0.5212121212121212,0.9985696157107774
Gaussian Naive Bayes,PR,0.6692913385826772,0.5182926829268293,0.9985837160632342
Gaussian Naive Bayes,PR,0.6692913385826772,0.5214723926380368,0.9986637823885591
Gaussian Naive Bayes,PR,0.6614173228346457,0.5185185185185185,0.9986839346393968
Gaussian Naive Bayes,PR,0.6535433070866141,0.515527950310559,0.9987099710548338
Gaussian Naive Bayes,PR,0.6535433070866141,0.51875,0.9987109268112832
Gaussian Naive Bayes,PR,0.6535433070866141,0.5220125786163522,0.9988455070078883
Gaussian Naive Bayes,PR,0.6535433070866141,0.5253164556962026,0.998928500410256
Gaussian Naive Bayes,PR,0.6535433070866141,0.5286624203821656,0.9989668269909708
Gaussian Naive Bayes,PR,0.6535433070866141,0.532051282051282,0.9989695709259881
Gaussian Naive Bayes,PR,0.6456692913385826,0.5290322580645161,0.998983902775862
Gaussian Naive Bayes,PR,0.6377952755905512,0.525974025974026,0.9990038244799704
Gaussian Naive Bayes,PR,0.6377952755905512,0.5294117647058824,0.9990743166553768
Gaussian Naive Bayes,PR,0.6377952755905512,0.5328947368421053,0.9991943004822305
Gaussian Naive Bayes,PR,0.6377952755905512,0.5364238410596026,0.999335462019268
Gaussian Naive Bayes,PR,0.6377952755905512,0.54,0.999339594991212
Gaussian Naive Bayes,PR,0.6377952755905512,0.5436241610738255,0.9993454623244855
Gaussian Naive Bayes,PR,0.6377952755905512,0.5472972972972973,0.9993835263620988
Gaussian Naive Bayes,PR,0.6299212598425197,0.54421768707483,0.9993943798732486
Gaussian Naive Bayes,PR,0.6299212598425197,0.547945205479452,0.9994596533126299
Gaussian Naive Bayes,PR,0.6299212598425197,0.5517241379310345,0.9994893200118583
Gaussian Naive Bayes,PR,0.6299212598425197,0.5555555555555556,0.9995077092330986
Gaussian Naive Bayes,PR,0.6299212598425197,0.5594405594405595,0.9995168007080711
Gaussian Naive Bayes,PR,0.6299212598425197,0.5633802816901409,0.9995479153793114
Gaussian Naive Bayes,PR,0.6299212598425197,0.5673758865248227,0.9995545338705534
Gaussian Naive Bayes,PR,0.6220472440944882,0.5642857142857143,0.9995849079565423
Gaussian Naive Bayes,PR,0.6220472440944882,0.5683453237410072,0.9995965556296069
Gaussian Naive Bayes,PR,0.6141732283464567,0.5652173913043478,0.9996074396152237
Gaussian Naive Bayes,PR,0.6141732283464567,0.5693430656934306,0.999614641543792
Gaussian Naive Bayes,PR,0.6141732283464567,0.5735294117647058,0.9996227660209992
Gaussian Naive Bayes,PR,0.6141732283464567,0.5777777777777777,0.999649795422565
Gaussian Naive Bayes,PR,0.6062992125984252,0.5746268656716418,0.9996554079704512
Gaussian Naive Bayes,PR,0.6062992125984252,0.5789473684210527,0.9996744547163776
Gaussian Naive Bayes,PR,0.5984251968503937,0.5757575757575758,0.9996777908156315
Gaussian Naive Bayes,PR,0.5984251968503937,0.5801526717557252,0.9996964935604524
Gaussian Naive Bayes,PR,0.5984251968503937,0.5846153846153846,0.9997039231630827
Gaussian Naive Bayes,PR,0.5905511811023622,0.5813953488372093,0.9997113128332169
Gaussian Naive Bayes,PR,0.5826771653543307,0.578125,0.9997365169497507
Gaussian Naive Bayes,PR,0.5826771653543307,0.5826771653543307,0.9997726147299708
Gaussian Naive Bayes,PR,0.5748031496062992,0.5793650793650794,0.9997831152109516
Gaussian Naive Bayes,PR,0.5669291338582677,0.576,0.9998119791626161
Gaussian Naive Bayes,PR,0.5669291338582677,0.5806451612903226,0.9998393215016018
Gaussian Naive Bayes,PR,0.5590551181102362,0.5772357723577236,0.999847236972848
Gaussian Naive Bayes,PR,0.5590551181102362,0.5819672131147541,0.999859976760784
Gaussian Naive Bayes,PR,0.5590551181102362,0.5867768595041323,0.9998795427193959
Gaussian Naive Bayes,PR,0.5590551181102362,0.5916666666666667,0.9998920779874044
Gaussian Naive Bayes,PR,0.5511811023622047,0.5882352941176471,0.9999051258646274
Gaussian Naive Bayes,PR,0.5511811023622047,0.5932203389830508,0.9999190961797797
Gaussian Naive Bayes,PR,0.5511811023622047,0.5982905982905983,0.9999269625157227
Gaussian Naive Bayes,PR,0.5433070866141733,0.5948275862068966,0.9999295594689996
Gaussian Naive Bayes,PR,0.5433070866141733,0.6,0.999936344660035
Gaussian Naive Bayes,PR,0.5354330708661418,0.5964912280701754,0.9999389758695619
Gaussian Naive Bayes,PR,0.5354330708661418,0.6017699115044248,0.9999397502288245
Gaussian Naive Bayes,PR,0.5275590551181102,0.5982142857142857,0.9999404342506493
Gaussian Naive Bayes,PR,0.5275590551181102,0.6036036036036037,0.9999435675548211
Gaussian Naive Bayes,PR,0.5196850393700787,0.6,0.9999439079612823
Gaussian Naive Bayes,PR,0.5118110236220472,0.5963302752293578,0.9999458452493604
Gaussian Naive Bayes,PR,0.5118110236220472,0.6018518518518519,0.9999506552603632
Gaussian Naive Bayes,PR,0.5118110236220472,0.6074766355140186,0.9999542826257825
Gaussian Naive Bayes,PR,0.5039370078740157,0.6037735849056604,0.9999543213941003
Gaussian Naive Bayes,PR,0.5039370078740157,0.6095238095238096,0.9999577363579901
Gaussian Naive Bayes,PR,0.49606299212598426,0.6057692307692307,0.9999616005178872
Gaussian Naive Bayes,PR,0.49606299212598426,0.6116504854368932,0.9999647220650384
Gaussian Naive Bayes,PR,0.49606299212598426,0.6176470588235294,0.9999666928960618
Gaussian Naive Bayes,PR,0.4881889763779528,0.6138613861386139,0.9999694915275246
Gaussian Naive Bayes,PR,0.48031496062992124,0.61,0.9999700346083837
Gaussian Naive Bayes,PR,0.48031496062992124,0.6161616161616161,0.9999707473330411
Gaussian Naive Bayes,PR,0.48031496062992124,0.6224489795918368,0.999971051230889
Gaussian Naive Bayes,PR,0.47244094488188976,0.6185567010309279,0.999971327623065
Gaussian Naive Bayes,PR,0.4645669291338583,0.6145833333333334,0.9999727312411565
Gaussian Naive Bayes,PR,0.4566929133858268,0.6105263157894737,0.9999743768160838
Gaussian Naive Bayes,PR,0.4566929133858268,0.6170212765957447,0.9999797858157499
Gaussian Naive Bayes,PR,0.4566929133858268,0.6236559139784946,0.9999823492241893
Gaussian Naive Bayes,PR,0.4566929133858268,0.6304347826086957,0.9999823545865127
Gaussian Naive Bayes,PR,0.44881889763779526,0.6263736263736264,0.999982895293422
Gaussian Naive Bayes,PR,0.4409448818897638,0.6222222222222222,0.9999860500726848
Gaussian Naive Bayes,PR,0.4330708661417323,0.6179775280898876,0.9999867042043747
Gaussian Naive Bayes,PR,0.4251968503937008,0.6136363636363636,0.9999879610343416
Gaussian Naive Bayes,PR,0.41732283464566927,0.6091954022988506,0.9999880901238644
Gaussian Naive Bayes,PR,0.41732283464566927,0.6162790697674418,0.9999889228170626
Gaussian Naive Bayes,PR,0.4094488188976378,0.611764705882353,0.9999895292709048
Gaussian Naive Bayes,PR,0.4015748031496063,0.6071428571428571,0.9999899910395877
Gaussian Naive Bayes,PR,0.3937007874015748,0.6024096385542169,0.9999912374112248
Gaussian Naive Bayes,PR,0.3937007874015748,0.6097560975609756,0.9999927455618941
Gaussian Naive Bayes,PR,0.3858267716535433,0.6049382716049383,0.9999936351255531
Gaussian Naive Bayes,PR,0.3779527559055118,0.6,0.9999946583685915
Gaussian Naive Bayes,PR,0.3700787401574803,0.5949367088607594,0.9999954104281922
Gaussian Naive Bayes,PR,0.3700787401574803,0.6025641025641025,0.9999958603807046
Gaussian Naive Bayes,PR,0.36220472440944884,0.5974025974025974,0.9999980376912025
Gaussian Naive Bayes,PR,0.3543307086614173,0.5921052631578947,0.9999984738201733
Gaussian Naive Bayes,PR,0.3464566929133858,0.5866666666666667,0.9999984783186373
Gaussian Naive Bayes,PR,0.3464566929133858,0.5945945945945946,0.9999991535984212
Gaussian Naive Bayes,PR,0.33858267716535434,0.589041095890411,0.9999994145750372
Gaussian Naive Bayes,PR,0.33858267716535434,0.5972222222222222,0.9999995476840972
Gaussian Naive Bayes,PR,0.33070866141732286,0.5915492957746479,0.9999995567628149
Gaussian Naive Bayes,PR,0.3228346456692913,0.5857142857142857,0.9999995648388916
Gaussian Naive Bayes,PR,0.31496062992125984,0.5797101449275363,0.9999997542662591
Gaussian Naive Bayes,PR,0.30708661417322836,0.5735294117647058,0.999999838174072
Gaussian Naive Bayes,PR,0.2992125984251969,0.5671641791044776,0.9999998823192686
Gaussian Naive Bayes,PR,0.2992125984251969,0.5846153846153846,0.9999998929333285
Gaussian Naive Bayes,PR,0.29133858267716534,0.578125,0.9999998945947908
Gaussian Naive Bayes,PR,0.29133858267716534,0.5873015873015873,0.9999999233260148
Gaussian Naive Bayes,PR,0.28346456692913385,0.5806451612903226,0.9999999364085552
Gaussian Naive Bayes,PR,0.2755905511811024,0.5737704918032787,0.9999999367355719
Gaussian Naive Bayes,PR,0.2755905511811024,0.5833333333333334,0.9999999392815635
Gaussian Naive Bayes,PR,0.2755905511811024,0.5932203389830508,0.9999999615505277
Gaussian Naive Bayes,PR,0.2755905511811024,0.603448275862069,0.9999999651170169
Gaussian Naive Bayes,PR,0.2755905511811024,0.6140350877192983,0.9999999666109259
Gaussian Naive Bayes,PR,0.2755905511811024,0.625,0.9999999784333087
Gaussian Naive Bayes,PR,0.2755905511811024,0.6363636363636364,0.9999999795844838
Gaussian Naive Bayes,PR,0.2677165354330709,0.6296296296296297,0.9999999805394266
Gaussian Naive Bayes,PR,0.2677165354330709,0.6415094339622641,0.9999999814627732
Gaussian Naive Bayes,PR,0.2677165354330709,0.6538461538461539,0.9999999847746485
Gaussian Naive Bayes,PR,0.25984251968503935,0.6470588235294118,0.9999999859623242
Gaussian Naive Bayes,PR,0.25984251968503935,0.66,0.9999999890345137
Gaussian Naive Bayes,PR,0.25196850393700787,0.6530612244897959,0.999999989409246
Gaussian Naive Bayes,PR,0.2440944881889764,0.6458333333333334,0.9999999900478591
Gaussian Naive Bayes,PR,0.2440944881889764,0.6595744680851063,0.9999999907015731
Gaussian Naive Bayes,PR,0.2440944881889764,0.6739130434782609,0.9999999927217482
Gaussian Naive Bayes,PR,0.2440944881889764,0.6888888888888889,0.9999999927433016
Gaussian Naive Bayes,PR,0.23622047244094488,0.6818181818181818,0.9999999928842449
Gaussian Naive Bayes,PR,0.2283464566929134,0.6744186046511628,0.9999999932318175
Gaussian Naive Bayes,PR,0.2283464566929134,0.6904761904761905,0.9999999939589221
Gaussian Naive Bayes,PR,0.2204724409448819,0.6829268292682927,0.9999999943923532
Gaussian Naive Bayes,PR,0.2204724409448819,0.7,0.9999999957713195
Gaussian Naive Bayes,PR,0.2204724409448819,0.717948717948718,0.9999999958043579
Gaussian Naive Bayes,PR,0.2204724409448819,0.7368421052631579,0.9999999958463226
Gaussian Naive Bayes,PR,0.2204724409448819,0.7567567567567568,0.9999999958594845
Gaussian Naive Bayes,PR,0.2125984251968504,0.75,0.999999996165867
Gaussian Naive Bayes,PR,0.2047244094488189,0.7428571428571429,0.9999999968516073
Gaussian Naive Bayes,PR,0.1968503937007874,0.7352941176470589,0.9999999975802236
Gaussian Naive Bayes,PR,0.1968503937007874,0.7575757575757576,0.9999999978740277
Gaussian Naive Bayes,PR,0.1968503937007874,0.78125,0.9999999985473718
Gaussian Naive Bayes,PR,0.1889763779527559,0.7741935483870968,0.9999999988391064
Gaussian Naive Bayes,PR,0.18110236220472442,0.7666666666666667,0.9999999990090993
Gaussian Naive Bayes,PR,0.1732283464566929,0.7586206896551724,0.9999999991789998
Gaussian Naive Bayes,PR,0.16535433070866143,0.75,0.9999999993007691
Gaussian Naive Bayes,PR,0.15748031496062992,0.7407407407407407,0.9999999993375752
Gaussian Naive Bayes,PR,0.14960629921259844,0.7307692307692307,0.999999999656425
Gaussian Naive Bayes,PR,0.14173228346456693,0.72,0.9999999997293241
Gaussian Naive Bayes,PR,0.13385826771653545,0.7083333333333334,0.9999999997994067
Gaussian Naive Bayes,PR,0.12598425196850394,0.6956521739130435,0.9999999998815046
Gaussian Naive Bayes,PR,0.12598425196850394,0.7272727272727273,0.9999999999180398
Gaussian Naive Bayes,PR,0.11811023622047244,0.7142857142857143,0.9999999999439648
Gaussian Naive Bayes,PR,0.11023622047244094,0.7,0.9999999999568967
Gaussian Naive Bayes,PR,0.10236220472440945,0.6842105263157895,0.9999999999668097
Gaussian Naive Bayes,PR,0.09448818897637795,0.6666666666666666,0.9999999999884288
Gaussian Naive Bayes,PR,0.09448818897637795,0.7058823529411765,0.9999999999887983
Gaussian Naive Bayes,PR,0.08661417322834646,0.6875,0.9999999999966604
Gaussian Naive Bayes,PR,0.07874015748031496,0.6666666666666666,0.9999999999978337
Gaussian Naive Bayes,PR,0.07874015748031496,0.7142857142857143,0.9999999999990088
Gaussian Naive Bayes,PR,0.07086614173228346,0.6923076923076923,0.9999999999994849
Gaussian Naive Bayes,PR,0.07086614173228346,0.75,0.9999999999997389
Gaussian Naive Bayes,PR,0.07086614173228346,0.8181818181818182,0.9999999999998597
Gaussian Naive Bayes,PR,0.06299212598425197,0.8,0.999999999999936
Gaussian Naive Bayes,PR,0.06299212598425197,0.8888888888888888,0.9999999999999756
Gaussian Naive Bayes,PR,0.05511811023622047,0.875,0.999999999999984
Gaussian Naive Bayes,PR,0.047244094488188976,0.8571428571428571,0.9999999999999893
Gaussian Naive Bayes,PR,0.03937007874015748,0.8333333333333334,0.9999999999999964
Gaussian Naive Bayes,PR,0.031496062992125984,1.0,1.0
Gaussian Naive Bayes,PR,0.0,1.0,
KNN,ROC,0.0,0.0,inf
KNN,ROC,0.023923444976076555,0.14173228346456693,1.0
KNN,ROC,0.023923444976076555,0.16535433070866143,0.8116571926044975
KNN,ROC,0.15311004784688995,0.4566929133858268,0.6666666666666666
KNN,ROC,0.15311004784688995,0.4645669291338583,0.662033795256622
KNN,ROC,0.15789473684210525,0.4645669291338583,0.6251789984834064
KNN,ROC,0.15789473684210525,0.47244094488188976,0.5863593194619184
KNN,ROC,0.1722488038277512,0.47244094488188976,0.41906106026700063
KNN,ROC,0.1722488038277512,0.49606299212598426,0.39412234198773355
KNN,ROC,0.18660287081339713,0.49606299212598426,0.341995684351848
KNN,ROC,0.5311004784688995,0.8110236220472441,0.3333333333333333
KNN,ROC,0.5645933014354066,0.8110236220472441,0.18419808526063436
KNN,ROC,0.5645933014354066,0.8188976377952756,0.18124818040906043
KNN,ROC,1.0,1.0,0.0
KNN,PR,1.0,0.37797619047619047,0.0
KNN,PR,0.8188976377952756,0.46846846846846846,0.18124818040906043
KNN,PR,0.8110236220472441,0.4660633484162896,0.18419808526063436
KNN,PR,0.8110236220472441,0.4681818181818182,0.18670292026188423
KNN,PR,0.8110236220472441,0.4703196347031963,0.19628252971678745
KNN,PR,0.8110236220472441,0.4724770642201835,0.2098733383352509
KNN,PR,0.8110236220472441,0.47465437788018433,0.2510004242020061
KNN,PR,0.8110236220472441,0.47685185185185186,0.28044651077740657
KNN,PR,0.8110236220472441,0.4790697674418605,0.32177107105071384
KNN,PR,0.8110236220472441,0.48130841121495327,0.3333333333333333
KNN,PR,0.49606299212598426,0.6176470588235294,0.341995684351848
KNN,PR,0.49606299212598426,0.6237623762376238,0.3743396592987118
KNN,PR,0.49606299212598426,0.63,0.3933627548077728
KNN,PR,0.49606299212598426,0.6363636363636364,0.39412234198773355
KNN,PR,0.4881889763779528,0.6326530612244898,0.39603159338755184
KNN,PR,0.48031496062992124,0.6288659793814433,0.40931505045473016
KNN,PR,0.47244094488188976,0.625,0.41906106026700063
KNN,PR,0.47244094488188976,0.631578947368421,0.4529541857563944
KNN,PR,0.47244094488188976,0.6382978723404256,0.5735373648499741
KNN,PR,0.47244094488188976,0.6451612903225806,0.5863593194619184
KNN,PR,0.4645669291338583,0.6413043478260869,0.6251789984834064
KNN,PR,0.4645669291338583,0.6483516483516484,0.662033795256622
KNN,PR,0.4566929133858268,0.6444444444444445,0.6666666666666666
KNN,PR,0.16535433070866143,0.8076923076923077,0.8116571926044975
KNN,PR,0.15748031496062992,0.8,0.815509549805917
KNN,PR,0.14960629921259844,0.7916666666666666,0.8250178049899926
KNN,PR,0.14173228346456693,0.782608695652174,1.0
KNN,PR,0.0,1.0,
Logistic Regression,ROC,0.0,0.0,inf
Logistic Regression,ROC,0.0,0.007874015748031496,0.9858942889188594
Logistic Regression,ROC,0.0,0.023622047244094488,0.9456206300826823
Logistic Regression,ROC,0.009569377990430622,0.023622047244094488,0.9383710595559441
Logistic Regression,ROC,0.009569377990430622,0.047244094488188976,0.9151726883797244
Logistic Regression,ROC,0.023923444976076555,0.047244094488188976,0.896592573533817
Logistic Regression,ROC,0.023923444976076555,0.11811023622047244,0.8413629255858251
Logistic Regression,ROC,0.028708133971291867,0.11811023622047244,0.8411417995149982
Logistic Regression,ROC,0.028708133971291867,0.1732283464566929,0.7709508494374055
Logistic Regression,ROC,0.03349282296650718,0.1732283464566929,0.7696030940621865
Logistic Regression,ROC,0.03349282296650718,0.1889763779527559,0.7622901808040621
Logistic Regression,ROC,0.03827751196172249,0.1889763779527559,0.7595771522044046
Logistic Regression,ROC,0.03827751196172249,0.1968503937007874,0.7592437866893839
Logistic Regression,ROC,0.0430622009569378,0.1968503937007874,0.7562641441385102
Logistic Regression,ROC,0.0430622009569378,0.2125984251968504,0.7508273865970224
Logistic Regression,ROC,0.04784688995215311,0.2125984251968504,0.7472063871864769
Logistic Regression,ROC,0.04784688995215311,0.2283464566929134,0.7314202442254545
Logistic Regression,ROC,0.05263157894736842,0.2283464566929134,0.7309909884362904
Logistic Regression,ROC,0.05263157894736842,0.25984251968503935,0.7231668304935248
Logistic Regression,ROC,0.05741626794258373,0.25984251968503935,0.7146290216171488
Logistic Regression,ROC,0.05741626794258373,0.2755905511811024,0.704811455382863
Logistic Regression,ROC,0.07655502392344497,0.2755905511811024,0.6921655621839686
Logistic Regression,ROC,0.07655502392344497,0.28346456692913385,0.6907376521505951
Logistic Regression,ROC,0.10526315789473684,0.28346456692913385,0.6677212463905002
Logistic Regression,ROC,0.10526315789473684,0.3464566929133858,0.6564061107125261
Logistic Regression,ROC,0.11483253588516747,0.3464566929133858,0.6551883883091832
Logistic Regression,ROC,0.11483253588516747,0.36220472440944884,0.6532866593405633
Logistic Regression,ROC,0.11961722488038277,0.36220472440944884,0.6514259009744986
Logistic Regression,ROC,0.11961722488038277,0.3700787401574803,0.6502360871132353
Logistic Regression,ROC,0.12440191387559808,0.3700787401574803,0.6492853676270811
Logistic Regression,ROC,0.12440191387559808,0.3858267716535433,0.6317452465017664
Logistic Regression,ROC,0.1339712918660287,0.3858267716535433,0.630448549344733
Logistic Regression,ROC,0.1339712918660287,0.4015748031496063,0.6299223313799033
Logistic Regression,ROC,0.13875598086124402,0.4015748031496063,0.6294725390989198
Logistic Regression,ROC,0.13875598086124402,0.41732283464566927,0.628093512702571
Logistic Regression,ROC,0.14354066985645933,0.41732283464566927,0.6267319854839131
Logistic Regression,ROC,0.14354066985645933,0.4330708661417323,0.6097025321058838
Logistic Regression,ROC,0.14832535885167464,0.4330708661417323,0.6096040730833541
Logistic Regression,ROC,0.14832535885167464,0.4566929133858268,0.5969943762541835
Logistic Regression,ROC,0.15311004784688995,0.4566929133858268,0.5880864508470087
Logistic Regression,ROC,0.15311004784688995,0.4645669291338583,0.5879392366520423
Logistic Regression,ROC,0.15789473684210525,0.4645669291338583,0.587531157160192
Logistic Regression,ROC,0.15789473684210525,0.47244094488188976,0.587095571572455
Logistic Regression,ROC,0.16267942583732056,0.47244094488188976,0.5863746728189195
Logistic Regression,ROC,0.16267942583732056,0.5196850393700787,0.5776795336194415
Logistic Regression,ROC,0.17703349282296652,0.5196850393700787,0.5722519920724906
Logistic Regression,ROC,0.17703349282296652,0.5275590551181102,0.5699377197587548
Logistic Regression,ROC,0.18660287081339713,0.5275590551181102,0.5680733768641715
Logistic Regression,ROC,0.18660287081339713,0.5354330708661418,0.5607006249800612
Logistic Regression,ROC,0.22488038277511962,0.5354330708661418,0.5420267963274572
Logistic Regression,ROC,0.22488038277511962,0.5511811023622047,0.5412912955379097
Logistic Regression,ROC,0.22966507177033493,0.5511811023622047,0.5402525010424966
Logistic Regression,ROC,0.22966507177033493,0.5669291338582677,0.5309139784296282
Logistic Regression,ROC,0.23923444976076555,0.5669291338582677,0.5266672064321313
Logistic Regression,ROC,0.23923444976076555,0.6062992125984252,0.5162568080248336
Logistic Regression,ROC,0.24401913875598086,0.6062992125984252,0.5156105495699266
Logistic Regression,ROC,0.24401913875598086,0.6299212598425197,0.5088617211594412
Logistic Regression,ROC,0.2535885167464115,0.6299212598425197,0.5075124451745334
Logistic Regression,ROC,0.2535885167464115,0.6377952755905512,0.5073749967802471
Logistic Regression,ROC,0.2631578947368421,0.6377952755905512,0.4967953578185035
Logistic Regression,ROC,0.2631578947368421,0.6771653543307087,0.4896468893478898
Logistic Regression,ROC,0.2679425837320574,0.6771653543307087,0.48689230188107224
Logistic Regression,ROC,0.2679425837320574,0.6850393700787402,0.48193978022241574
Logistic Regression,ROC,0.2727272727272727,0.6850393700787402,0.48143869257617866
Logistic Regression,ROC,0.2727272727272727,0.6929133858267716,0.4809295413086088
Logistic Regression,ROC,0.2822966507177033,0.6929133858267716,0.47647804752112094
Logistic Regression,ROC,0.2822966507177033,0.7007874015748031,0.4748894417293792
Logistic Regression,ROC,0.3349282296650718,0.7007874015748031,0.4552426630631545
Logistic Regression,ROC,0.3349282296650718,0.7086614173228346,0.4547942165376681
Logistic Regression,ROC,0.3875598086124402,0.7086614173228346,0.4355657030753826
Logistic Regression,ROC,0.3875598086124402,0.7165354330708661,0.430698109181593
Logistic Regression,ROC,0.4019138755980861,0.7165354330708661,0.4285704115211473
Logistic Regression,ROC,0.4019138755980861,0.7244094488188977,0.42808181752722463
Logistic Regression,ROC,0.40669856459330145,0.7244094488188977,0.4279903745397654
Logistic Regression,ROC,0.40669856459330145,0.7401574803149606,0.425051573793317
Logistic Regression,ROC,0.42105263157894735,0.7401574803149606,0.4207623519768672
Logistic Regression,ROC,0.42105263157894735,0.7559055118110236,0.4186792455624463
Logistic Regression,ROC,0.46411483253588515,0.7559055118110236,0.3981214911401469
Logistic Regression,ROC,0.46411483253588515,0.7637795275590551,0.3978929706099657
Logistic Regression,ROC,0.4688995215311005,0.7637795275590551,0.39586681870147683
Logistic Regression,ROC,0.4688995215311005,0.7795275590551181,0.39354317395324356
Logistic Regression,ROC,0.4784688995215311,0.7795275590551181,0.38914530434779143
Logistic Regression,ROC,0.4784688995215311,0.7874015748031497,0.3887150612754965
Logistic Regression,ROC,0.49282296650717705,0.7874015748031497,0.3871536926712589
Logistic Regression,ROC,0.49282296650717705,0.7952755905511811,0.38594747426842235
Logistic Regression,ROC,0.507177033492823,0.7952755905511811,0.3847797814214474
Logistic Regression,ROC,0.507177033492823,0.8110236220472441,0.38241322550084694
Logistic Regression,ROC,0.5358851674641149,0.8110236220472441,0.37905606796604785
Logistic Regression,ROC,0.5358851674641149,0.8188976377952756,0.37693959312825387
Logistic Regression,ROC,0.5406698564593302,0.8188976377952756,0.37628061033256394
Logistic Regression,ROC,0.5406698564593302,0.8346456692913385,0.3752538557090687
Logistic Regression,ROC,0.5454545454545454,0.8346456692913385,0.3744106319694373
Logistic Regression,ROC,0.5454545454545454,0.84251968503937,0.3726144766796097
Logistic Regression,ROC,0.5550239234449761,0.84251968503937,0.37064457453807664
Logistic Regression,ROC,0.5550239234449761,0.8503937007874016,0.36957051989134576
Logistic Regression,ROC,0.5645933014354066,0.8503937007874016,0.36702177118866436
Logistic Regression,ROC,0.5645933014354066,0.8582677165354331,0.36601993791507104
Logistic Regression,ROC,0.5741626794258373,0.8582677165354331,0.3637340219082153
Logistic Regression,ROC,0.5741626794258373,0.8661417322834646,0.35973397699837184
Logistic Regression,ROC,0.5789473684210527,0.8661417322834646,0.35894403572945727
Logistic Regression,ROC,0.5789473684210527,0.8740157480314961,0.35562749773311725
Logistic Regression,ROC,0.583732057416268,0.8740157480314961,0.3552085439818931
Logistic Regression,ROC,0.583732057416268,0.8818897637795275,0.35462227373648947
Logistic Regression,ROC,0.6267942583732058,0.8818897637795275,0.33990425130247187
Logistic Regression,ROC,0.6267942583732058,0.889763779527559,0.33822195016354295
Logistic Regression,ROC,0.6507177033492823,0.889763779527559,0.33068073807832443
Logistic Regression,ROC,0.6507177033492823,0.8976377952755905,0.3301984172644111
Logistic Regression,ROC,0.6842105263157895,0.8976377952755905,0.3217791208495551
Logistic Regression,ROC,0.6842105263157895,0.905511811023622,0.3213117989123014
Logistic Regression,ROC,0.6985645933014354,0.905511811023622,0.3136885556821354
Logistic Regression,ROC,0.6985645933014354,0.9133858267716536,0.3126881846869482
Logistic Regression,ROC,0.7464114832535885,0.9133858267716536,0.29659128237680266
Logistic Regression,ROC,0.7464114832535885,0.9212598425196851,0.2942701338414576
Logistic Regression,ROC,0.7655502392344498,0.9212598425196851,0.2919460329079637
Logistic Regression,ROC,0.7655502392344498,0.9291338582677166,0.29151351854187624
Logistic Regression,ROC,0.7942583732057417,0.9291338582677166,0.2807762722659477
Logistic Regression,ROC,0.7942583732057417,0.937007874015748,0.2790129081421027
Logistic Regression,ROC,0.7990430622009569,0.937007874015748,0.27866819172641083
Logistic Regression,ROC,0.7990430622009569,0.9448818897637795,0.2773340771815095
Logistic Regression,ROC,0.8133971291866029,0.9448818897637795,0.27128874179782714
Logistic Regression,ROC,0.8133971291866029,0.952755905511811,0.26443843397400474
Logistic Regression,ROC,0.8325358851674641,0.952755905511811,0.24627074331901727
Logistic Regression,ROC,0.8325358851674641,0.9606299212598425,0.2456195054351258
Logistic Regression,ROC,0.8373205741626795,0.9606299212598425,0.24522310259594593
Logistic Regression,ROC,0.8373205741626795,0.968503937007874,0.24490770771429504
Logistic Regression,ROC,0.8660287081339713,0.968503937007874,0.2271699601042688
Logistic Regression,ROC,0.8660287081339713,0.9763779527559056,0.22538059035176536
Logistic Regression,ROC,0.8947368421052632,0.9763779527559056,0.21111112696502318
Logistic Regression,ROC,0.8947368421052632,0.984251968503937,0.2001658704191293
Logistic Regression,ROC,0.9043062200956937,0.984251968503937,0.1975797229802478
Logistic Regression,ROC,0.9043062200956937,0.9921259842519685,0.19063024272823753
Logistic Regression,ROC,0.9186602870813397,0.9921259842519685,0.18365286199331496
Logistic Regression,ROC,0.9186602870813397,1.0,0.18145179623985006
Logistic Regression,ROC,0.9282296650717703,1.0,0.17835497521074883
Logistic Regression,ROC,0.937799043062201,1.0,0.17713592623709423
Logistic Regression,ROC,1.0,1.0,0.02469082294809527
Logistic Regression,PR,1.0,0.37797619047619047,0.02469082294809527
Logistic Regression,PR,1.0,0.37910447761194027,0.04203646432339891
Logistic Regression,PR,1.0,0.38023952095808383,0.04632960959596417
Logistic Regression,PR,1.0,0.3813813813813814,0.048722612515400825
Logistic Regression,PR,1.0,0.3825301204819277,0.09157687686001183
Logistic Regression,PR,1.0,0.38368580060422963,0.10172197102509752
Logistic Regression,PR,1.0,0.38484848484848483,0.11660650561241234
Logistic Regression,PR,1.0,0.3860182370820669,0.1330008206538509
Logistic Regression,PR,1.0,0.3871951219512195,0.13900624016370733
Logistic Regression,PR,1.0,0.38837920489296635,0.16571211093849095
Logistic Regression,PR,1.0,0.3895705521472393,0.16878967267765105
Logistic Regression,PR,1.0,0.39076923076923076,0.1697009168706947
Logistic Regression,PR,1.0,0.39197530864197533,0.1716952188580666
Logistic Regression,PR,1.0,0.3931888544891641,0.17713592623709423
Logistic Regression,PR,1.0,0.3956386292834891,0.17835497521074883
Logistic Regression,PR,1.0,0.396875,0.17980051921059342
Logistic Regression,PR,1.0,0.3981191222570533,0.18145179623985006
Logistic Regression,PR,0.9921259842519685,0.39622641509433965,0.18365286199331496
Logistic Regression,PR,0.9921259842519685,0.39747634069400634,0.18513069835404003
Logistic Regression,PR,0.9921259842519685,0.3987341772151899,0.18767956698869837
Logistic Regression,PR,0.9921259842519685,0.4,0.19063024272823753
Logistic Regression,PR,0.984251968503937,0.3980891719745223,0.1975797229802478
Logistic Regression,PR,0.984251968503937,0.3993610223642173,0.20004819149605244
Logistic Regression,PR,0.984251968503937,0.40064102564102566,0.2001658704191293
Logistic Regression,PR,0.9763779527559056,0.3987138263665595,0.21111112696502318
Logistic Regression,PR,0.9763779527559056,0.4,0.21547691341290875
Logistic Regression,PR,0.9763779527559056,0.40129449838187703,0.2162001875735139
Logistic Regression,PR,0.9763779527559056,0.4025974025974026,0.21999210013815612
Logistic Regression,PR,0.9763779527559056,0.40390879478827363,0.2207915961182485
Logistic Regression,PR,0.9763779527559056,0.40522875816993464,0.2245459444071607
Logistic Regression,PR,0.9763779527559056,0.4065573770491803,0.22538059035176536
Logistic Regression,PR,0.968503937007874,0.40460526315789475,0.2271699601042688
Logistic Regression,PR,0.968503937007874,0.40594059405940597,0.22907932124222033
Logistic Regression,PR,0.968503937007874,0.40728476821192056,0.2291767599479763
Logistic Regression,PR,0.968503937007874,0.40863787375415284,0.23501213460131887
Logistic Regression,PR,0.968503937007874,0.41,0.23661470539878285
Logistic Regression,PR,0.968503937007874,0.411371237458194,0.23888767953244697
Logistic Regression,PR,0.968503937007874,0.412751677852349,0.24490770771429504
Logistic Regression,PR,0.9606299212598425,0.4107744107744108,0.24522310259594593
Logistic Regression,PR,0.9606299212598425,0.41216216216216217,0.2456195054351258
Logistic Regression,PR,0.952755905511811,0.4101694915254237,0.24627074331901727
Logistic Regression,PR,0.952755905511811,0.41156462585034015,0.2614726613939388
Logistic Regression,PR,0.952755905511811,0.4129692832764505,0.2617739272430999
Logistic Regression,PR,0.952755905511811,0.4143835616438356,0.2619211737611853
Logistic Regression,PR,0.952755905511811,0.41580756013745707,0.26443843397400474
Logistic Regression,PR,0.9448818897637795,0.41379310344827586,0.27128874179782714
Logistic Regression,PR,0.9448818897637795,0.41522491349480967,0.2734139598326141
Logistic Regression,PR,0.9448818897637795,0.4166666666666667,0.2758123151258792
Logistic Regression,PR,0.9448818897637795,0.4181184668989547,0.2773340771815095
Logistic Regression,PR,0.937007874015748,0.4160839160839161,0.27866819172641083
Logistic Regression,PR,0.937007874015748,0.41754385964912283,0.2790129081421027
Logistic Regression,PR,0.9291338582677166,0.4154929577464789,0.2807762722659477
Logistic Regression,PR,0.9291338582677166,0.4169611307420495,0.28254992189002015
Logistic Regression,PR,0.9291338582677166,0.41843971631205673,0.2832119956112473
Logistic Regression,PR,0.9291338582677166,0.4199288256227758,0.2835547020179739
Logistic Regression,PR,0.9291338582677166,0.42142857142857143,0.2836000877035109
Logistic Regression,PR,0.9291338582677166,0.4229390681003584,0.2896673322636135
Logistic Regression,PR,0.9291338582677166,0.4244604316546763,0.29151351854187624
Logistic Regression,PR,0.9212598425196851,0.4223826714801444,0.2919460329079637
Logistic Regression,PR,0.9212598425196851,0.42391304347826086,0.292002263088929
Logistic Regression,PR,0.9212598425196851,0.4254545454545455,0.29202966605904584
Logistic Regression,PR,0.9212598425196851,0.42700729927007297,0.2934805199990131
Logistic Regression,PR,0.9212598425196851,0.42857142857142855,0.2942701338414576
Logistic Regression,PR,0.9133858267716536,0.4264705882352941,0.29659128237680266
Logistic Regression,PR,0.9133858267716536,0.4280442804428044,0.30037816080513263
Logistic Regression,PR,0.9133858267716536,0.42962962962962964,0.30201164902034255
Logistic Regression,PR,0.9133858267716536,0.4312267657992565,0.30220805981198995
Logistic Regression,PR,0.9133858267716536,0.43283582089552236,0.3031693555894311
Logistic Regression,PR,0.9133858267716536,0.4344569288389513,0.30326354086659063
Logistic Regression,PR,0.9133858267716536,0.43609022556390975,0.30557198610610103
Logistic Regression,PR,0.9133858267716536,0.4377358490566038,0.3063011282199162
Logistic Regression,PR,0.9133858267716536,0.4393939393939394,0.30708137194634877
Logistic Regression,PR,0.9133858267716536,0.44106463878326996,0.310467279056486
Logistic Regression,PR,0.9133858267716536,0.44274809160305345,0.3126881846869482
Logistic Regression,PR,0.905511811023622,0.44061302681992337,0.3136885556821354
Logistic Regression,PR,0.905511811023622,0.4423076923076923,0.31555503588120687
Logistic Regression,PR,0.905511811023622,0.444015444015444,0.3191504252332485
Logistic Regression,PR,0.905511811023622,0.44573643410852715,0.3213117989123014
Logistic Regression,PR,0.8976377952755905,0.44357976653696496,0.3217791208495551
Logistic Regression,PR,0.8976377952755905,0.4453125,0.3218137420601586
Logistic Regression,PR,0.8976377952755905,0.4470588235294118,0.3220837290679674
Logistic Regression,PR,0.8976377952755905,0.44881889763779526,0.3236203208540591
Logistic Regression,PR,0.8976377952755905,0.4505928853754941,0.32756642738607317
Logistic Regression,PR,0.8976377952755905,0.4523809523809524,0.32788991809742424
Logistic Regression,PR,0.8976377952755905,0.4541832669322709,0.3289848080116278
Logistic Regression,PR,0.8976377952755905,0.456,0.3301984172644111
Logistic Regression,PR,0.889763779527559,0.4538152610441767,0.33068073807832443
Logistic Regression,PR,0.889763779527559,0.45564516129032256,0.3309708039730764
Logistic Regression,PR,0.889763779527559,0.4574898785425101,0.3326073853264048
Logistic Regression,PR,0.889763779527559,0.45934959349593496,0.33422241638157674
Logistic Regression,PR,0.889763779527559,0.46122448979591835,0.33679580957440053
Logistic Regression,PR,0.889763779527559,0.46311475409836067,0.33822195016354295
Logistic Regression,PR,0.8818897637795275,0.4609053497942387,0.33990425130247187
Logistic Regression,PR,0.8818897637795275,0.4628099173553719,0.3401509252907734
Logistic Regression,PR,0.8818897637795275,0.46473029045643155,0.3405605718957958
Logistic Regression,PR,0.8818897637795275,0.4666666666666667,0.34478220930564324
Logistic Regression,PR,0.8818897637795275,0.4686192468619247,0.34530180399448174
Logistic Regression,PR,0.8818897637795275,0.47058823529411764,0.34737546642746964
Logistic Regression,PR,0.8818897637795275,0.47257383966244726,0.34795643084071737
Logistic Regression,PR,0.8818897637795275,0.4745762711864407,0.3480695840289422
Logistic Regression,PR,0.8818897637795275,0.4765957446808511,0.3521781671204682
Logistic Regression,PR,0.8818897637795275,0.47863247863247865,0.35462227373648947
Logistic Regression,PR,0.8740157480314961,0.47639484978540775,0.3552085439818931
Logistic Regression,PR,0.8740157480314961,0.47844827586206895,0.35562749773311725
Logistic Regression,PR,0.8661417322834646,0.47619047619047616,0.35894403572945727
Logistic Regression,PR,0.8661417322834646,0.4782608695652174,0.35973397699837184
Logistic Regression,PR,0.8582677165354331,0.4759825327510917,0.3637340219082153
Logistic Regression,PR,0.8582677165354331,0.4780701754385965,0.36468892864216096
Logistic Regression,PR,0.8582677165354331,0.4801762114537445,0.36601993791507104
Logistic Regression,PR,0.8503937007874016,0.4778761061946903,0.36702177118866436
Logistic Regression,PR,0.8503937007874016,0.48,0.3683137505588431
Logistic Regression,PR,0.8503937007874016,0.48214285714285715,0.36957051989134576
Logistic Regression,PR,0.84251968503937,0.4798206278026906,0.37064457453807664
Logistic Regression,PR,0.84251968503937,0.481981981981982,0.37245791801186445
Logistic Regression,PR,0.84251968503937,0.4841628959276018,0.3726144766796097
Logistic Regression,PR,0.8346456692913385,0.4818181818181818,0.3744106319694373
Logistic Regression,PR,0.8346456692913385,0.4840182648401826,0.3752538557090687
Logistic Regression,PR,0.8267716535433071,0.481651376146789,0.3755134086634937
Logistic Regression,PR,0.8188976377952756,0.4792626728110599,0.37628061033256394
Logistic Regression,PR,0.8188976377952756,0.48148148148148145,0.37693959312825387
Logistic Regression,PR,0.8110236220472441,0.4790697674418605,0.37905606796604785
Logistic Regression,PR,0.8110236220472441,0.48130841121495327,0.3796085199740889
Logistic Regression,PR,0.8110236220472441,0.4835680751173709,0.37995374205269816
Logistic Regression,PR,0.8110236220472441,0.4858490566037736,0.3814576028063444
Logistic Regression,PR,0.8110236220472441,0.4881516587677725,0.3816000766563045
Logistic Regression,PR,0.8110236220472441,0.49047619047619045,0.3816950996940047
Logistic Regression,PR,0.8110236220472441,0.49282296650717705,0.38241322550084694
Logistic Regression,PR,0.8031496062992126,0.49038461538461536,0.3838220946826064
Logistic Regression,PR,0.7952755905511811,0.48792270531400966,0.3847797814214474
Logistic Regression,PR,0.7952755905511811,0.49029126213592233,0.3857283567605565
Logistic Regression,PR,0.7952755905511811,0.4926829268292683,0.3858457392184042
Logistic Regression,PR,0.7952755905511811,0.4950980392156863,0.38594747426842235
Logistic Regression,PR,0.7874015748031497,0.49261083743842365,0.3871536926712589
Logistic Regression,PR,0.7874015748031497,0.49504950495049505,0.3873970962958868
Logistic Regression,PR,0.7874015748031497,0.4975124378109453,0.3878252347344442
Logistic Regression,PR,0.7874015748031497,0.5,0.3887150612754965
Logistic Regression,PR,0.7795275590551181,0.49748743718592964,0.38914530434779143
Logistic Regression,PR,0.7795275590551181,0.5,0.3913407085441896
Logistic Regression,PR,0.7795275590551181,0.5025380710659898,0.39354317395324356
Logistic Regression,PR,0.7716535433070866,0.5,0.39555460634012185
Logistic Regression,PR,0.7637795275590551,0.49743589743589745,0.39586681870147683
Logistic Regression,PR,0.7637795275590551,0.5,0.3978929706099657
Logistic Regression,PR,0.7559055118110236,0.49740932642487046,0.3981214911401469
Logistic Regression,PR,0.7559055118110236,0.5,0.3999571199134824
Logistic Regression,PR,0.7559055118110236,0.5026178010471204,0.40309245927722714
Logistic Regression,PR,0.7559055118110236,0.5052631578947369,0.4038910866211309
Logistic Regression,PR,0.7559055118110236,0.5079365079365079,0.4052506821207477
Logistic Regression,PR,0.7559055118110236,0.5106382978723404,0.4101329390447615
Logistic Regression,PR,0.7559055118110236,0.5133689839572193,0.41118218484535973
Logistic Regression,PR,0.7559055118110236,0.5161290322580645,0.4175527199574111
Logistic Regression,PR,0.7559055118110236,0.518918918918919,0.41854001094098686
Logistic Regression,PR,0.7559055118110236,0.5217391304347826,0.4186792455624463
Logistic Regression,PR,0.7480314960629921,0.5191256830601093,0.4190845406831405
Logistic Regression,PR,0.7401574803149606,0.5164835164835165,0.4207623519768672
Logistic Regression,PR,0.7401574803149606,0.5193370165745856,0.42287343910650876
Logistic Regression,PR,0.7401574803149606,0.5222222222222223,0.4242670788553302
Logistic Regression,PR,0.7401574803149606,0.5251396648044693,0.425051573793317
Logistic Regression,PR,0.7322834645669292,0.5224719101123596,0.42619907229752585
Logistic Regression,PR,0.7244094488188977,0.519774011299435,0.4279903745397654
Logistic Regression,PR,0.7244094488188977,0.5227272727272727,0.42808181752722463
Logistic Regression,PR,0.7165354330708661,0.52,0.4285704115211473
Logistic Regression,PR,0.7165354330708661,0.5229885057471264,0.429458084536392
Logistic Regression,PR,0.7165354330708661,0.5260115606936416,0.4295768903422189
Logistic Regression,PR,0.7165354330708661,0.5290697674418605,0.430698109181593
Logistic Regression,PR,0.7086614173228346,0.5263157894736842,0.4355657030753826
Logistic Regression,PR,0.7086614173228346,0.5294117647058824,0.4377306677835801
Logistic Regression,PR,0.7086614173228346,0.5325443786982249,0.4390275795928663
Logistic Regression,PR,0.7086614173228346,0.5357142857142857,0.4430714946635914
Logistic Regression,PR,0.7086614173228346,0.5389221556886228,0.44350254146481727
Logistic Regression,PR,0.7086614173228346,0.5421686746987951,0.447402731651887
Logistic Regression,PR,0.7086614173228346,0.5454545454545454,0.4480209305113975
Logistic Regression,PR,0.7086614173228346,0.5487804878048781,0.44965644126689264
Logistic Regression,PR,0.7086614173228346,0.5521472392638037,0.44984024556361213
Logistic Regression,PR,0.7086614173228346,0.5555555555555556,0.4514356715517372
Logistic Regression,PR,0.7086614173228346,0.5590062111801242,0.45241997265112593
Logistic Regression,PR,0.7086614173228346,0.5625,0.4547942165376681
Logistic Regression,PR,0.7007874015748031,0.559748427672956,0.4552426630631545
Logistic Regression,PR,0.7007874015748031,0.5632911392405063,0.4586822328463258
Logistic Regression,PR,0.7007874015748031,0.5668789808917197,0.46122778830984285
Logistic Regression,PR,0.7007874015748031,0.5705128205128205,0.46307557771660113
Logistic Regression,PR,0.7007874015748031,0.5741935483870968,0.4639081061522474
Logistic Regression,PR,0.7007874015748031,0.577922077922078,0.4704712177379858
Logistic Regression,PR,0.7007874015748031,0.5816993464052288,0.4710210690976349
Logistic Regression,PR,0.7007874015748031,0.5855263157894737,0.4718522803244455
Logistic Regression,PR,0.7007874015748031,0.5894039735099338,0.4718681409576997
Logistic Regression,PR,0.7007874015748031,0.5933333333333334,0.472389402459857
Logistic Regression,PR,0.7007874015748031,0.5973154362416108,0.4743988781108166
Logistic Regression,PR,0.7007874015748031,0.6013513513513513,0.4748894417293792
Logistic Regression,PR,0.6929133858267716,0.5986394557823129,0.47647804752112094
Logistic Regression,PR,0.6929133858267716,0.6027397260273972,0.47753987717061813
Logistic Regression,PR,0.6929133858267716,0.6068965517241379,0.4809295413086088
Logistic Regression,PR,0.6850393700787402,0.6041666666666666,0.48143869257617866
Logistic Regression,PR,0.6850393700787402,0.6083916083916084,0.48193978022241574
Logistic Regression,PR,0.6771653543307087,0.6056338028169014,0.48689230188107224
Logistic Regression,PR,0.6771653543307087,0.6099290780141844,0.4896468893478898
Logistic Regression,PR,0.6692913385826772,0.6071428571428571,0.48972634805935983
Logistic Regression,PR,0.6614173228346457,0.60431654676259,0.4917072963830605
Logistic Regression,PR,0.6535433070866141,0.6014492753623188,0.4946357317088032
Logistic Regression,PR,0.6456692913385826,0.5985401459854015,0.4956195583534756
Logistic Regression,PR,0.6377952755905512,0.5955882352941176,0.4967953578185035
Logistic Regression,PR,0.6377952755905512,0.6,0.4991714769670921
Logistic Regression,PR,0.6377952755905512,0.6044776119402985,0.5073749967802471
Logistic Regression,PR,0.6299212598425197,0.6015037593984962,0.5075124451745334
Logistic Regression,PR,0.6299212598425197,0.6060606060606061,0.5076822627012498
Logistic Regression,PR,0.6299212598425197,0.6106870229007634,0.5088617211594412
Logistic Regression,PR,0.6220472440944882,0.6076923076923076,0.5106344547709661
Logistic Regression,PR,0.6141732283464567,0.6046511627906976,0.5108958012600273
Logistic Regression,PR,0.6062992125984252,0.6015625,0.5156105495699266
Logistic Regression,PR,0.6062992125984252,0.6062992125984252,0.5162568080248336
Logistic Regression,PR,0.5984251968503937,0.6031746031746031,0.5176567995537636
Logistic Regression,PR,0.5905511811023622,0.6,0.5196534964742061
Logistic Regression,PR,0.5826771653543307,0.5967741935483871,0.5198428600301236
Logistic Regression,PR,0.5748031496062992,0.5934959349593496,0.5250370820264306
Logistic Regression,PR,0.5669291338582677,0.5901639344262295,0.5266672064321313
Logistic Regression,PR,0.5669291338582677,0.5950413223140496,0.5302029626357165
Logistic Regression,PR,0.5669291338582677,0.6,0.5309139784296282
Logistic Regression,PR,0.5590551181102362,0.5966386554621849,0.5351059904169633
Logistic Regression,PR,0.5511811023622047,0.5932203389830508,0.5402525010424966
Logistic Regression,PR,0.5511811023622047,0.5982905982905983,0.5412912955379097
Logistic Regression,PR,0.5433070866141733,0.5948275862068966,0.5419131549385863
Logistic Regression,PR,0.5354330708661418,0.591304347826087,0.5420267963274572
Logistic Regression,PR,0.5354330708661418,0.5964912280701754,0.5421941463748334
Logistic Regression,PR,0.5354330708661418,0.6017699115044248,0.5439587769343175
Logistic Regression,PR,0.5354330708661418,0.6071428571428571,0.5477202931748743
Logistic Regression,PR,0.5354330708661418,0.6126126126126126,0.5527697578096014
Logistic Regression,PR,0.5354330708661418,0.6181818181818182,0.5536219314746267
Logistic Regression,PR,0.5354330708661418,0.6238532110091743,0.553681690325631
Logistic Regression,PR,0.5354330708661418,0.6296296296296297,0.5584154548414242
Logistic Regression,PR,0.5354330708661418,0.6355140186915887,0.5607006249800612
Logistic Regression,PR,0.5275590551181102,0.6320754716981132,0.5680733768641715
Logistic Regression,PR,0.5275590551181102,0.638095238095238,0.5680794555241874
Logistic Regression,PR,0.5275590551181102,0.6442307692307693,0.5699377197587548
Logistic Regression,PR,0.5196850393700787,0.6407766990291263,0.5722519920724906
Logistic Regression,PR,0.5196850393700787,0.6470588235294118,0.5723416350130769
Logistic Regression,PR,0.5196850393700787,0.6534653465346535,0.5764540210246226
Logistic Regression,PR,0.5196850393700787,0.66,0.5776795336194415
Logistic Regression,PR,0.5118110236220472,0.6565656565656566,0.5787099198309512
Logistic Regression,PR,0.5039370078740157,0.6530612244897959,0.5787139418387581
Logistic Regression,PR,0.49606299212598426,0.6494845360824743,0.5790743213663359
Logistic Regression,PR,0.4881889763779528,0.6458333333333334,0.5801811325241365
Logistic Regression,PR,0.48031496062992124,0.6421052631578947,0.5858288587959489
Logistic Regression,PR,0.47244094488188976,0.6382978723404256,0.5863746728189195
Logistic Regression,PR,0.47244094488188976,0.6451612903225806,0.587095571572455
Logistic Regression,PR,0.4645669291338583,0.6413043478260869,0.587531157160192
Logistic Regression,PR,0.4645669291338583,0.6483516483516484,0.5879392366520423
Logistic Regression,PR,0.4566929133858268,0.6444444444444445,0.5880864508470087
Logistic Regression,PR,0.4566929133858268,0.651685393258427,0.5969943762541835
Logistic Regression,PR,0.44881889763779526,0.6477272727272727,0.5975481599965136
Logistic Regression,PR,0.4409448818897638,0.6436781609195402,0.6046033534440968
Logistic Regression,PR,0.4330708661417323,0.6395348837209303,0.6096040730833541
Logistic Regression,PR,0.4330708661417323,0.6470588235294118,0.6097025321058838
Logistic Regression,PR,0.4251968503937008,0.6428571428571429,0.6226592038629504
Logistic Regression,PR,0.41732283464566927,0.6385542168674698,0.6267319854839131
Logistic Regression,PR,0.41732283464566927,0.6463414634146342,0.628093512702571
Logistic Regression,PR,0.4094488188976378,0.6419753086419753,0.6288609270312551
Logistic Regression,PR,0.4015748031496063,0.6375,0.6294725390989198
Logistic Regression,PR,0.4015748031496063,0.6455696202531646,0.6299223313799033
Logistic Regression,PR,0.3937007874015748,0.6410256410256411,0.6303724750218467
Logistic Regression,PR,0.3858267716535433,0.6363636363636364,0.630448549344733
Logistic Regression,PR,0.3858267716535433,0.6447368421052632,0.6315985411792698
Logistic Regression,PR,0.3858267716535433,0.6533333333333333,0.6317452465017664
Logistic Regression,PR,0.3779527559055118,0.6486486486486487,0.6331922329061415
Logistic Regression,PR,0.3700787401574803,0.6438356164383562,0.6492853676270811
Logistic Regression,PR,0.3700787401574803,0.6527777777777778,0.6502360871132353
Logistic Regression,PR,0.36220472440944884,0.647887323943662,0.6514259009744986
Logistic Regression,PR,0.36220472440944884,0.6571428571428571,0.6532866593405633
Logistic Regression,PR,0.3543307086614173,0.6521739130434783,0.6534847731532342
Logistic Regression,PR,0.3464566929133858,0.6470588235294118,0.6551883883091832
Logistic Regression,PR,0.3464566929133858,0.6567164179104478,0.655457506055532
Logistic Regression,PR,0.3464566929133858,0.6666666666666666,0.6564061107125261
Logistic Regression,PR,0.33858267716535434,0.6615384615384615,0.6564404022549158
Logistic Regression,PR,0.33070866141732286,0.65625,0.6598418125159408
Logistic Regression,PR,0.3228346456692913,0.6507936507936508,0.6600386877404719
Logistic Regression,PR,0.31496062992125984,0.6451612903225806,0.6601606617708231
Logistic Regression,PR,0.30708661417322836,0.639344262295082,0.6626334435936327
Logistic Regression,PR,0.2992125984251969,0.6333333333333333,0.6643068074474011
Logistic Regression,PR,0.29133858267716534,0.6271186440677966,0.6663355895524185
Logistic Regression,PR,0.28346456692913385,0.6206896551724138,0.6677212463905002
Logistic Regression,PR,0.28346456692913385,0.631578947368421,0.6732637436898187
Logistic Regression,PR,0.28346456692913385,0.6428571428571429,0.6772608544652363
Logistic Regression,PR,0.28346456692913385,0.6545454545454545,0.6795034191700061
Logistic Regression,PR,0.28346456692913385,0.6666666666666666,0.6829448547966458
Logistic Regression,PR,0.28346456692913385,0.6792452830188679,0.6898747297529176
Logistic Regression,PR,0.28346456692913385,0.6923076923076923,0.6907376521505951
Logistic Regression,PR,0.2755905511811024,0.6862745098039216,0.6921655621839686
Logistic Regression,PR,0.2755905511811024,0.7,0.696315989340502
Logistic Regression,PR,0.2755905511811024,0.7142857142857143,0.7011059163342078
Logistic Regression,PR,0.2755905511811024,0.7291666666666666,0.7020871845441027
Logistic Regression,PR,0.2755905511811024,0.7446808510638298,0.704811455382863
Logistic Regression,PR,0.2677165354330709,0.7391304347826086,0.7054641928511755
Logistic Regression,PR,0.25984251968503935,0.7333333333333333,0.7146290216171488
Logistic Regression,PR,0.25984251968503935,0.75,0.7231668304935248
Logistic Regression,PR,0.25196850393700787,0.7441860465116279,0.7242605608119779
Logistic Regression,PR,0.2440944881889764,0.7380952380952381,0.7244178117432145
Logistic Regression,PR,0.23622047244094488,0.7317073170731707,0.7281872541017327
Logistic Regression,PR,0.2283464566929134,0.725,0.7309909884362904
Logistic Regression,PR,0.2283464566929134,0.7435897435897436,0.7314202442254545
Logistic Regression,PR,0.2204724409448819,0.7368421052631579,0.7466231459572688
Logistic Regression,PR,0.2125984251968504,0.7297297297297297,0.7472063871864769
Logistic Regression,PR,0.2125984251968504,0.75,0.7508273865970224
Logistic Regression,PR,0.2047244094488189,0.7428571428571429,0.7529387842009407
Logistic Regression,PR,0.1968503937007874,0.7352941176470589,0.7562641441385102
Logistic Regression,PR,0.1968503937007874,0.7575757575757576,0.7592437866893839
Logistic Regression,PR,0.1889763779527559,0.75,0.7595771522044046
Logistic Regression,PR,0.1889763779527559,0.7741935483870968,0.7622901808040621
Logistic Regression,PR,0.18110236220472442,0.7666666666666667,0.7685521684190457
Logistic Regression,PR,0.1732283464566929,0.7586206896551724,0.7696030940621865
Logistic Regression,PR,0.1732283464566929,0.7857142857142857,0.7709508494374055
Logistic Regression,PR,0.16535433070866143,0.7777777777777778,0.7714275921866944
Logistic Regression,PR,0.15748031496062992,0.7692307692307693,0.7942955571580751
Logistic Regression,PR,0.14960629921259844,0.76,0.8051581793858245
Logistic Regression,PR,0.14173228346456693,0.75,0.8104605549788003
Logistic Regression,PR,0.13385826771653545,0.7391304347826086,0.8307513236539756
Logistic Regression,PR,0.12598425196850394,0.7272727272727273,0.8378951639350324
Logistic Regression,PR,0.11811023622047244,0.7142857142857143,0.8411417995149982
Logistic Regression,PR,0.11811023622047244,0.75,0.8413629255858251
Logistic Regression,PR,0.11023622047244094,0.7368421052631579,0.844427891482611
Logistic Regression,PR,0.10236220472440945,0.7222222222222222,0.8467582983727309
Logistic Regression,PR,0.09448818897637795,0.7058823529411765,0.8590139731825382
Logistic Regression,PR,0.08661417322834646,0.6875,0.8681512952326144
Logistic Regression,PR,0.07874015748031496,0.6666666666666666,0.8709898756159936
Logistic Regression,PR,0.07086614173228346,0.6428571428571429,0.882591247771418
Logistic Regression,PR,0.06299212598425197,0.6153846153846154,0.8862579390227217
Logistic Regression,PR,0.05511811023622047,0.5833333333333334,0.8936154268800789
Logistic Regression,PR,0.047244094488188976,0.5454545454545454,0.896592573533817
Logistic Regression,PR,0.047244094488188976,0.6,0.8986270507251682
Logistic Regression,PR,0.047244094488188976,0.6666666666666666,0.9049435563367202
Logistic Regression,PR,0.047244094488188976,0.75,0.9151726883797244
Logistic Regression,PR,0.03937007874015748,0.7142857142857143,0.9233567482796498
Logistic Regression,PR,0.031496062992125984,0.6666666666666666,0.9358430638027566
Logistic Regression,PR,0.023622047244094488,0.6,0.9383710595559441
Logistic Regression,PR,0.023622047244094488,0.75,0.9411686730778177
Logistic Regression,PR,0.023622047244094488,1.0,0.9456206300826823
Logistic Regression,PR,0.015748031496062992,1.0,0.9480973239417946
Logistic Regression,PR,0.007874015748031496,1.0,0.9858942889188594
Logistic Regression,PR,0.0,1.0,
Random Forest,ROC,0.0,0.0,inf
Random Forest,ROC,0.0,0.007874015748031496,0.894228307164005
Random Forest,ROC,0.0,0.07086614173228346,0.7999106236518275
Random Forest,ROC,0.004784688995215311,0.07086614173228346,0.7953493112795424
Random Forest,ROC,0.004784688995215311,0.07874015748031496,0.7901962683381856
Random Forest,ROC,0.014354066985645933,0.07874015748031496,0.7815813367599111
Random Forest,ROC,0.014354066985645933,0.08661417322834646,0.7777874225903055
Random Forest,ROC,0.019138755980861243,0.08661417322834646,0.7756497297553026
Random Forest,ROC,0.019138755980861243,0.09448818897637795,0.7552455906892205
Random Forest,ROC,0.023923444976076555,0.09448818897637795,0.753925487802087
Random Forest,ROC,0.023923444976076555,0.10236220472440945,0.7489553943699733
Random Forest,ROC,0.028708133971291867,0.10236220472440945,0.7459672348792389
Random Forest,ROC,0.028708133971291867,0.11023622047244094,0.7367971548586707
Random Forest,ROC,0.03349282296650718,0.11023622047244094,0.7328699659287492
Random Forest,ROC,0.03349282296650718,0.1732283464566929,0.7021008961487866
Random Forest,ROC,0.0430622009569378,0.1732283464566929,0.7003520939581569
Random Forest,ROC,0.0430622009569378,0.1889763779527559,0.6980930658603943
Random Forest,ROC,0.04784688995215311,0.1889763779527559,0.6935359147910044
Random Forest,ROC,0.04784688995215311,0.1968503937007874,0.6864268419159741
Random Forest,ROC,0.05741626794258373,0.1968503937007874,0.6845543104895617
Random Forest,ROC,0.05741626794258373,0.2204724409448819,0.6772464450811126
Random Forest,ROC,0.06220095693779904,0.2204724409448819,0.6769330600620754
Random Forest,ROC,0.06220095693779904,0.2440944881889764,0.6651889595466266
Random Forest,ROC,0.06698564593301436,0.2440944881889764,0.6644651323606227
Random Forest,ROC,0.06698564593301436,0.31496062992125984,0.6414149412419557
Random Forest,ROC,0.07177033492822966,0.31496062992125984,0.6396480372192355
Random Forest,ROC,0.07177033492822966,0.33070866141732286,0.6311962916295658
Random Forest,ROC,0.09090909090909091,0.33070866141732286,0.6219101324383899
Random Forest,ROC,0.09090909090909091,0.3543307086614173,0.6174547772867162
Random Forest,ROC,0.09569377990430622,0.3543307086614173,0.6150123168488193
Random Forest,ROC,0.09569377990430622,0.4015748031496063,0.6078904770166991
Random Forest,ROC,0.10047846889952153,0.4015748031496063,0.6075541661242493
Random Forest,ROC,0.10047846889952153,0.41732283464566927,0.604841029516778
Random Forest,ROC,0.10526315789473684,0.41732283464566927,0.6033997969995615
Random Forest,ROC,0.10526315789473684,0.4409448818897638,0.5982193309512212
Random Forest,ROC,0.11004784688995216,0.4409448818897638,0.5936198117051811
Random Forest,ROC,0.11004784688995216,0.44881889763779526,0.5909778064163353
Random Forest,ROC,0.11483253588516747,0.44881889763779526,0.5901175452347774
Random Forest,ROC,0.11483253588516747,0.4566929133858268,0.5874408937669602
Random Forest,ROC,0.12440191387559808,0.4566929133858268,0.5847002956956162
Random Forest,ROC,0.12440191387559808,0.47244094488188976,0.5837168518995043
Random Forest,ROC,0.15789473684210525,0.47244094488188976,0.5720524046976774
Random Forest,ROC,0.15789473684210525,0.5118110236220472,0.5600675549378314
Random Forest,ROC,0.1722488038277512,0.5118110236220472,0.5547114906809582
Random Forest,ROC,0.1722488038277512,0.5433070866141733,0.5463184978760235
Random Forest,ROC,0.20574162679425836,0.5433070866141733,0.5352972397528454
Random Forest,ROC,0.20574162679425836,0.5826771653543307,0.5268524754663029
Random Forest,ROC,0.21052631578947367,0.5826771653543307,0.5238018041650216
Random Forest,ROC,0.21052631578947367,0.5984251968503937,0.5193840078658765
Random Forest,ROC,0.22488038277511962,0.5984251968503937,0.515912095121497
Random Forest,ROC,0.22488038277511962,0.6141732283464567,0.5155389263145101
Random Forest,ROC,0.23444976076555024,0.6141732283464567,0.512323459156496
Random Forest,ROC,0.23444976076555024,0.6220472440944882,0.5112342496264803
Random Forest,ROC,0.24401913875598086,0.6220472440944882,0.5100716036227794
Random Forest,ROC,0.24401913875598086,0.6299212598425197,0.5083187844399665
Random Forest,ROC,0.2535885167464115,0.6299212598425197,0.5059242215296594
Random Forest,ROC,0.2535885167464115,0.6377952755905512,0.5020635808299042
Random Forest,ROC,0.2822966507177033,0.6377952755905512,0.4874764766038785
Random Forest,ROC,0.2822966507177033,0.6456692913385826,0.4874060728983788
Random Forest,ROC,0.28708133971291866,0.6456692913385826,0.48634818910594285
Random Forest,ROC,0.28708133971291866,0.6692913385826772,0.47826250714853563
Random Forest,ROC,0.291866028708134,0.6692913385826772,0.47744500092217845
Random Forest,ROC,0.291866028708134,0.6771653543307087,0.4742648321094882
Random Forest,ROC,0.3062200956937799,0.6771653543307087,0.47292264567629866
Random Forest,ROC,0.3062200956937799,0.6929133858267716,0.46989439972187014
Random Forest,ROC,0.32057416267942584,0.6929133858267716,0.4639300633007917
Random Forest,ROC,0.32057416267942584,0.7007874015748031,0.4636793763916388
Random Forest,ROC,0.3444976076555024,0.7007874015748031,0.4530576291912429
Random Forest,ROC,0.3444976076555024,0.7086614173228346,0.453018811152363
Random Forest,ROC,0.3684210526315789,0.7086614173228346,0.4427130722930737
Random Forest,ROC,0.3684210526315789,0.7244094488188977,0.44101344391361014
Random Forest,ROC,0.3827751196172249,0.7244094488188977,0.43814492851829745
Random Forest,ROC,0.3827751196172249,0.7322834645669292,0.4348589495000276
Random Forest,ROC,0.39712918660287083,0.7322834645669292,0.42891559011645886
Random Forest,ROC,0.39712918660287083,0.7401574803149606,0.4287753351767457
Random Forest,ROC,0.41626794258373206,0.7401574803149606,0.41519567387851636
Random Forest,ROC,0.41626794258373206,0.7559055118110236,0.4123411824624582
Random Forest,ROC,0.4354066985645933,0.7559055118110236,0.40281035387426806
Random Forest,ROC,0.4354066985645933,0.7716535433070866,0.39989112896914597
Random Forest,ROC,0.4449760765550239,0.7716535433070866,0.39902861207287527
Random Forest,ROC,0.4449760765550239,0.7795275590551181,0.39615483863074635
Random Forest,ROC,0.45454545454545453,0.7795275590551181,0.3941871169647683
Random Forest,ROC,0.45454545454545453,0.7874015748031497,0.3936940146252023
Random Forest,ROC,0.45933014354066987,0.7874015748031497,0.3916347348517923
Random Forest,ROC,0.45933014354066987,0.7952755905511811,0.387922258677121
Random Forest,ROC,0.46411483253588515,0.7952755905511811,0.38689016022915523
Random Forest,ROC,0.46411483253588515,0.8031496062992126,0.385882526739804
Random Forest,ROC,0.4688995215311005,0.8031496062992126,0.38510226011941884
Random Forest,ROC,0.4688995215311005,0.8110236220472441,0.38311389466274115
Random Forest,ROC,0.507177033492823,0.8110236220472441,0.3711151742195652
Random Forest,ROC,0.507177033492823,0.8188976377952756,0.36717210776019116
Random Forest,ROC,0.5215311004784688,0.8188976377952756,0.361890799040734
Random Forest,ROC,0.5215311004784688,0.8346456692913385,0.3592563350796081
Random Forest,ROC,0.5311004784688995,0.8346456692913385,0.35835978286587755
Random Forest,ROC,0.5311004784688995,0.84251968503937,0.356024910177824
Random Forest,ROC,0.5598086124401914,0.84251968503937,0.3518930006192005
Random Forest,ROC,0.5598086124401914,0.8503937007874016,0.348548854290084
Random Forest,ROC,0.5885167464114832,0.8503937007874016,0.3342452174514353
Random Forest,ROC,0.5885167464114832,0.8582677165354331,0.33409681896126703
Random Forest,ROC,0.645933014354067,0.8582677165354331,0.3159008379008059
Random Forest,ROC,0.645933014354067,0.8661417322834646,0.31345533969955897
Random Forest,ROC,0.6507177033492823,0.8661417322834646,0.3110893561514467
Random Forest,ROC,0.6507177033492823,0.8818897637795275,0.30927057994578816
Random Forest,ROC,0.722488038277512,0.8818897637795275,0.28254491973660745
Random Forest,ROC,0.722488038277512,0.8976377952755905,0.27941726353890345
Random Forest,ROC,0.7272727272727273,0.8976377952755905,0.27927725614457083
Random Forest,ROC,0.7272727272727273,0.905511811023622,0.2790598711481984
Random Forest,ROC,0.7559808612440191,0.905511811023622,0.2654917068372479
Random Forest,ROC,0.7559808612440191,0.9133858267716536,0.2654307925202361
Random Forest,ROC,0.7607655502392344,0.9133858267716536,0.26487087747616483
Random Forest,ROC,0.7607655502392344,0.9212598425196851,0.26480706892087374
Random Forest,ROC,0.7655502392344498,0.9212598425196851,0.2618469814698013
Random Forest,ROC,0.7655502392344498,0.9291338582677166,0.2600720815635778
Random Forest,ROC,0.7751196172248804,0.9291338582677166,0.256414609803101
Random Forest,ROC,0.7751196172248804,0.937007874015748,0.25460309650769886
Random Forest,ROC,0.784688995215311,0.937007874015748,0.2501756138610171
Random Forest,ROC,0.784688995215311,0.9448818897637795,0.24776600519520575
Random Forest,ROC,0.7990430622009569,0.9448818897637795,0.2411553739406258
Random Forest,ROC,0.7990430622009569,0.952755905511811,0.24055045159460334
Random Forest,ROC,0.8181818181818182,0.952755905511811,0.22878209990692114
Random Forest,ROC,0.8181818181818182,0.9606299212598425,0.22770973761264998
Random Forest,ROC,0.8229665071770335,0.9606299212598425,0.2255440083659257
Random Forest,ROC,0.8229665071770335,0.968503937007874,0.22551211962261009
Random Forest,ROC,0.861244019138756,0.968503937007874,0.2139555223130718
Random Forest,ROC,0.861244019138756,0.9763779527559056,0.21225069323554563
Random Forest,ROC,0.8660287081339713,0.9763779527559056,0.21069684485421547
Random Forest,ROC,0.8660287081339713,0.984251968503937,0.20878844810793531
Random Forest,ROC,0.9090909090909091,0.984251968503937,0.19442534787362187
Random Forest,ROC,0.9090909090909091,0.9921259842519685,0.19293582694647649
Random Forest,ROC,0.9138755980861244,0.9921259842519685,0.18959142744206026
Random Forest,ROC,0.9234449760765551,0.9921259842519685,0.18665467480938172
Random Forest,ROC,0.9712918660287081,0.9921259842519685,0.16627013321546502
Random Forest,ROC,0.9712918660287081,1.0,0.16085324091255715
Random Forest,ROC,1.0,1.0,0.08189551735473294
Random Forest,PR,1.0,0.37797619047619047,0.08189551735473294
Random Forest,PR,1.0,0.37910447761194027,0.10051867300108891
Random Forest,PR,1.0,0.38023952095808383,0.10415796743684926
Random Forest,PR,1.0,0.3813813813813814,0.13598639028129925
Random Forest,PR,1.0,0.3825301204819277,0.15511370347684025
Random Forest,PR,1.0,0.38368580060422963,0.15660057895692298
Random Forest,PR,1.0,0.38484848484848483,0.16085324091255715
Random Forest,PR,0.9921259842519685,0.3829787234042553,0.16627013321546502
Random Forest,PR,0.9921259842519685,0.38414634146341464,0.16737554981359312
Random Forest,PR,0.9921259842519685,0.3853211009174312,0.16855216743596005
Random Forest,PR,0.9921259842519685,0.38650306748466257,0.17086796428132214
Random Forest,PR,0.9921259842519685,0.38769230769230767,0.17214956580717058
Random Forest,PR,0.9921259842519685,0.3888888888888889,0.17313968418620307
Random Forest,PR,0.9921259842519685,0.39009287925696595,0.1763190365040839
Random Forest,PR,0.9921259842519685,0.391304347826087,0.1769269369484696
Random Forest,PR,0.9921259842519685,0.3925233644859813,0.18515254868675213
Random Forest,PR,0.9921259842519685,0.39375,0.18521698743334553
Random Forest,PR,0.9921259842519685,0.3949843260188088,0.18665467480938172
Random Forest,PR,0.9921259842519685,0.39747634069400634,0.18959142744206026
Random Forest,PR,0.9921259842519685,0.3987341772151899,0.19293582694647649
Random Forest,PR,0.984251968503937,0.3968253968253968,0.19442534787362187
Random Forest,PR,0.984251968503937,0.3980891719745223,0.19488143604515196
Random Forest,PR,0.984251968503937,0.3993610223642173,0.19642008060361474
Random Forest,PR,0.984251968503937,0.40064102564102566,0.19755646873665372
Random Forest,PR,0.984251968503937,0.40192926045016075,0.2003101127060337
Random Forest,PR,0.984251968503937,0.4032258064516129,0.20031150563277925
Random Forest,PR,0.984251968503937,0.4045307443365696,0.20385832537508813
Random Forest,PR,0.984251968503937,0.40584415584415584,0.2042105218575787
Random Forest,PR,0.984251968503937,0.40716612377850164,0.2048955898328554
Random Forest,PR,0.984251968503937,0.4084967320261438,0.20878844810793531
Random Forest,PR,0.9763779527559056,0.4065573770491803,0.21069684485421547
Random Forest,PR,0.9763779527559056,0.40789473684210525,0.21225069323554563
Random Forest,PR,0.968503937007874,0.40594059405940597,0.2139555223130718
Random Forest,PR,0.968503937007874,0.40728476821192056,0.21505759029265462
Random Forest,PR,0.968503937007874,0.40863787375415284,0.21728586061823713
Random Forest,PR,0.968503937007874,0.41,0.21885953304982322
Random Forest,PR,0.968503937007874,0.411371237458194,0.21967861344234133
Random Forest,PR,0.968503937007874,0.412751677852349,0.22092688277186548
Random Forest,PR,0.968503937007874,0.41414141414141414,0.22437390153106374
Random Forest,PR,0.968503937007874,0.4155405405405405,0.22520832091374507
Random Forest,PR,0.968503937007874,0.41694915254237286,0.22551211962261009
Random Forest,PR,0.9606299212598425,0.41496598639455784,0.2255440083659257
Random Forest,PR,0.9606299212598425,0.41638225255972694,0.22770973761264998
Random Forest,PR,0.952755905511811,0.4143835616438356,0.22878209990692114
Random Forest,PR,0.952755905511811,0.41580756013745707,0.23269360251028914
Random Forest,PR,0.952755905511811,0.41724137931034483,0.23430180850438898
Random Forest,PR,0.952755905511811,0.4186851211072664,0.23724561976451833
Random Forest,PR,0.952755905511811,0.4201388888888889,0.24055045159460334
Random Forest,PR,0.9448818897637795,0.4181184668989547,0.2411553739406258
Random Forest,PR,0.9448818897637795,0.4195804195804196,0.24260129145927498
Random Forest,PR,0.9448818897637795,0.42105263157894735,0.2432997544076196
Random Forest,PR,0.9448818897637795,0.4225352112676056,0.24776600519520575
Random Forest,PR,0.937007874015748,0.4204946996466431,0.2501756138610171
Random Forest,PR,0.937007874015748,0.4219858156028369,0.2542220010916134
Random Forest,PR,0.937007874015748,0.4234875444839858,0.25460309650769886
Random Forest,PR,0.9291338582677166,0.42142857142857143,0.256414609803101
Random Forest,PR,0.9291338582677166,0.4229390681003584,0.2581618370879346
Random Forest,PR,0.9291338582677166,0.4244604316546763,0.2600720815635778
Random Forest,PR,0.9212598425196851,0.4223826714801444,0.2618469814698013
Random Forest,PR,0.9212598425196851,0.42391304347826086,0.26480706892087374
Random Forest,PR,0.9133858267716536,0.4218181818181818,0.26487087747616483
Random Forest,PR,0.9133858267716536,0.4233576642335766,0.2654307925202361
Random Forest,PR,0.905511811023622,0.42124542124542125,0.2654917068372479
Random Forest,PR,0.905511811023622,0.4227941176470588,0.2677152146373277
Random Forest,PR,0.905511811023622,0.42435424354243545,0.26960014922810766
Random Forest,PR,0.905511811023622,0.42592592592592593,0.27575012736054877
Random Forest,PR,0.905511811023622,0.4275092936802974,0.27703337872442807
Random Forest,PR,0.905511811023622,0.4291044776119403,0.2775657194176422
Random Forest,PR,0.905511811023622,0.4307116104868914,0.2790598711481984
Random Forest,PR,0.8976377952755905,0.42857142857142855,0.27927725614457083
Random Forest,PR,0.8976377952755905,0.43018867924528303,0.27941726353890345
Random Forest,PR,0.889763779527559,0.42803030303030304,0.28202370286636746
Random Forest,PR,0.8818897637795275,0.42585551330798477,0.28254491973660745
Random Forest,PR,0.8818897637795275,0.42748091603053434,0.2842587237025216
Random Forest,PR,0.8818897637795275,0.42911877394636017,0.28552499986429636
Random Forest,PR,0.8818897637795275,0.4307692307692308,0.2896845168798165
Random Forest,PR,0.8818897637795275,0.43243243243243246,0.29070183621767115
Random Forest,PR,0.8818897637795275,0.43410852713178294,0.29106393410657505
Random Forest,PR,0.8818897637795275,0.4357976653696498,0.29910816955581065
Random Forest,PR,0.8818897637795275,0.4375,0.29928462532670136
Random Forest,PR,0.8818897637795275,0.4392156862745098,0.29951406469428665
Random Forest,PR,0.8818897637795275,0.4409448818897638,0.3020109855349948
Random Forest,PR,0.8818897637795275,0.4426877470355731,0.3040951921777618
Random Forest,PR,0.8818897637795275,0.4444444444444444,0.3044033229724994
Random Forest,PR,0.8818897637795275,0.44621513944223107,0.30510642786168896
Random Forest,PR,0.8818897637795275,0.448,0.30627817017745507
Random Forest,PR,0.8818897637795275,0.4497991967871486,0.3080042491328494
Random Forest,PR,0.8818897637795275,0.45161290322580644,0.30927057994578816
Random Forest,PR,0.8740157480314961,0.4493927125506073,0.31101942634172575
Random Forest,PR,0.8661417322834646,0.44715447154471544,0.3110893561514467
Random Forest,PR,0.8661417322834646,0.4489795918367347,0.31345533969955897
Random Forest,PR,0.8582677165354331,0.44672131147540983,0.3159008379008059
Random Forest,PR,0.8582677165354331,0.448559670781893,0.31836493130009835
Random Forest,PR,0.8582677165354331,0.45041322314049587,0.31851936052948704
Random Forest,PR,0.8582677165354331,0.45228215767634855,0.31870892409378715
Random Forest,PR,0.8582677165354331,0.45416666666666666,0.3195417631664378
Random Forest,PR,0.8582677165354331,0.4560669456066946,0.32181709102496786
Random Forest,PR,0.8582677165354331,0.4579831932773109,0.3224201518717028
Random Forest,PR,0.8582677165354331,0.459915611814346,0.32869381469840575
Random Forest,PR,0.8582677165354331,0.461864406779661,0.33035499410671104
Random Forest,PR,0.8582677165354331,0.46382978723404256,0.3307098858365988
Random Forest,PR,0.8582677165354331,0.4658119658119658,0.33227731552894035
Random Forest,PR,0.8582677165354331,0.4678111587982833,0.3328424408141893
Random Forest,PR,0.8582677165354331,0.4698275862068966,0.33409681896126703
Random Forest,PR,0.8503937007874016,0.4675324675324675,0.3342452174514353
Random Forest,PR,0.8503937007874016,0.46956521739130436,0.3398741044457992
Random Forest,PR,0.8503937007874016,0.47161572052401746,0.34007461619806983
Random Forest,PR,0.8503937007874016,0.47368421052631576,0.3414881856500964
Random Forest,PR,0.8503937007874016,0.47577092511013214,0.34423336189766124
Random Forest,PR,0.8503937007874016,0.4778761061946903,0.3459680397145043
Random Forest,PR,0.8503937007874016,0.48,0.348548854290084
Random Forest,PR,0.84251968503937,0.47767857142857145,0.3518930006192005
Random Forest,PR,0.84251968503937,0.4798206278026906,0.35362042750438244
Random Forest,PR,0.84251968503937,0.481981981981982,0.3539631027696113
Random Forest,PR,0.84251968503937,0.4841628959276018,0.3541124826273226
Random Forest,PR,0.84251968503937,0.4863636363636364,0.3542264702630968
Random Forest,PR,0.84251968503937,0.4885844748858447,0.3557774859716231
Random Forest,PR,0.84251968503937,0.4908256880733945,0.356024910177824
Random Forest,PR,0.8346456692913385,0.48847926267281105,0.35835978286587755
Random Forest,PR,0.8346456692913385,0.49074074074074076,0.35918606436736633
Random Forest,PR,0.8346456692913385,0.4930232558139535,0.3592563350796081
Random Forest,PR,0.8267716535433071,0.49065420560747663,0.36072722013153113
Random Forest,PR,0.8188976377952756,0.48826291079812206,0.361890799040734
Random Forest,PR,0.8188976377952756,0.49056603773584906,0.3652765110549283
Random Forest,PR,0.8188976377952756,0.4928909952606635,0.366234089078753
Random Forest,PR,0.8188976377952756,0.49523809523809526,0.36717210776019116
Random Forest,PR,0.8110236220472441,0.49282296650717705,0.3711151742195652
Random Forest,PR,0.8110236220472441,0.4951923076923077,0.37141566988148655
Random Forest,PR,0.8110236220472441,0.4975845410628019,0.3732686368932532
Random Forest,PR,0.8110236220472441,0.5,0.3759200484570448
Random Forest,PR,0.8110236220472441,0.5024390243902439,0.3772793135898953
Random Forest,PR,0.8110236220472441,0.5049019607843137,0.3794481718797306
Random Forest,PR,0.8110236220472441,0.5073891625615764,0.37977243785873077
Random Forest,PR,0.8110236220472441,0.5099009900990099,0.38089366129423285
Random Forest,PR,0.8110236220472441,0.5124378109452736,0.38311389466274115
Random Forest,PR,0.8031496062992126,0.51,0.38510226011941884
Random Forest,PR,0.8031496062992126,0.5125628140703518,0.385882526739804
Random Forest,PR,0.7952755905511811,0.51010101010101,0.38689016022915523
Random Forest,PR,0.7952755905511811,0.5126903553299492,0.387922258677121
Random Forest,PR,0.7874015748031497,0.5102040816326531,0.3916347348517923
Random Forest,PR,0.7874015748031497,0.5128205128205128,0.3936940146252023
Random Forest,PR,0.7795275590551181,0.5103092783505154,0.3941871169647683
Random Forest,PR,0.7795275590551181,0.5129533678756477,0.3946584776821455
Random Forest,PR,0.7795275590551181,0.515625,0.39615483863074635
Random Forest,PR,0.7716535433070866,0.5130890052356021,0.39902861207287527
Random Forest,PR,0.7716535433070866,0.5157894736842106,0.3991177329174494
Random Forest,PR,0.7716535433070866,0.5185185185185185,0.39989112896914597
Random Forest,PR,0.7637795275590551,0.5159574468085106,0.4027831191493865
Random Forest,PR,0.7559055118110236,0.5133689839572193,0.40281035387426806
Random Forest,PR,0.7559055118110236,0.5161290322580645,0.40377038116615627
Random Forest,PR,0.7559055118110236,0.518918918918919,0.4043707035353317
Random Forest,PR,0.7559055118110236,0.5217391304347826,0.4058616367375187
Random Forest,PR,0.7559055118110236,0.5245901639344263,0.4123411824624582
Random Forest,PR,0.7480314960629921,0.521978021978022,0.4125513860503451
Random Forest,PR,0.7401574803149606,0.5193370165745856,0.41519567387851636
Random Forest,PR,0.7401574803149606,0.5222222222222223,0.4205377647862573
Random Forest,PR,0.7401574803149606,0.5251396648044693,0.4210382835364563
Random Forest,PR,0.7401574803149606,0.5280898876404494,0.42380853750064706
Random Forest,PR,0.7401574803149606,0.5310734463276836,0.4287753351767457
Random Forest,PR,0.7322834645669292,0.5284090909090909,0.42891559011645886
Random Forest,PR,0.7322834645669292,0.5314285714285715,0.4313416099811766
Random Forest,PR,0.7322834645669292,0.5344827586206896,0.4335348735899153
Random Forest,PR,0.7322834645669292,0.5375722543352601,0.4348589495000276
Random Forest,PR,0.7244094488188977,0.5348837209302325,0.43814492851829745
Random Forest,PR,0.7244094488188977,0.5380116959064327,0.43892189482705385
Random Forest,PR,0.7244094488188977,0.5411764705882353,0.4401311336894342
Random Forest,PR,0.7244094488188977,0.5443786982248521,0.44101344391361014
Random Forest,PR,0.7165354330708661,0.5416666666666666,0.44225702419148355
Random Forest,PR,0.7086614173228346,0.5389221556886228,0.4427130722930737
Random Forest,PR,0.7086614173228346,0.5421686746987951,0.44467724948874254
Random Forest,PR,0.7086614173228346,0.5454545454545454,0.4450066755806388
Random Forest,PR,0.7086614173228346,0.5487804878048781,0.4488208965300447
Random Forest,PR,0.7086614173228346,0.5521472392638037,0.4504559640864021
Random Forest,PR,0.7086614173228346,0.5555555555555556,0.453018811152363
Random Forest,PR,0.7007874015748031,0.5527950310559007,0.4530576291912429
Random Forest,PR,0.7007874015748031,0.55625,0.4600535884012379
Random Forest,PR,0.7007874015748031,0.559748427672956,0.46039355289362266
Random Forest,PR,0.7007874015748031,0.5632911392405063,0.463035599008981
Random Forest,PR,0.7007874015748031,0.5668789808917197,0.4632587407186384
Random Forest,PR,0.7007874015748031,0.5705128205128205,0.4636793763916388
Random Forest,PR,0.6929133858267716,0.567741935483871,0.4639300633007917
Random Forest,PR,0.6929133858267716,0.5714285714285714,0.46621647939431354
Random Forest,PR,0.6929133858267716,0.5751633986928104,0.46987199096799065
Random Forest,PR,0.6929133858267716,0.5789473684210527,0.46989439972187014
Random Forest,PR,0.6850393700787402,0.5761589403973509,0.47003213052264264
Random Forest,PR,0.6771653543307087,0.5733333333333334,0.47292264567629866
Random Forest,PR,0.6771653543307087,0.5771812080536913,0.4730631004734964
Random Forest,PR,0.6771653543307087,0.581081081081081,0.47353550427992663
Random Forest,PR,0.6771653543307087,0.5850340136054422,0.4742648321094882
Random Forest,PR,0.6692913385826772,0.5821917808219178,0.47744500092217845
Random Forest,PR,0.6692913385826772,0.5862068965517241,0.47826250714853563
Random Forest,PR,0.6614173228346457,0.5833333333333334,0.47932353018258644
Random Forest,PR,0.6535433070866141,0.5804195804195804,0.48003701345553446
Random Forest,PR,0.6456692913385826,0.5774647887323944,0.48634818910594285
Random Forest,PR,0.6456692913385826,0.5815602836879432,0.4874060728983788
Random Forest,PR,0.6377952755905512,0.5785714285714286,0.4874764766038785
Random Forest,PR,0.6377952755905512,0.5827338129496403,0.48850316547574657
Random Forest,PR,0.6377952755905512,0.5869565217391305,0.4893436767453186
Random Forest,PR,0.6377952755905512,0.5912408759124088,0.49121776496535224
Random Forest,PR,0.6377952755905512,0.5955882352941176,0.4939078692829295
Random Forest,PR,0.6377952755905512,0.6,0.4999826794823673
Random Forest,PR,0.6377952755905512,0.6044776119402985,0.5020635808299042
Random Forest,PR,0.6299212598425197,0.6015037593984962,0.5059242215296594
Random Forest,PR,0.6299212598425197,0.6060606060606061,0.5074966793953286
Random Forest,PR,0.6299212598425197,0.6106870229007634,0.5083187844399665
Random Forest,PR,0.6220472440944882,0.6076923076923076,0.5100716036227794
Random Forest,PR,0.6220472440944882,0.6124031007751938,0.5109889576117562
Random Forest,PR,0.6220472440944882,0.6171875,0.5112342496264803
Random Forest,PR,0.6141732283464567,0.6141732283464567,0.512323459156496
Random Forest,PR,0.6141732283464567,0.6190476190476191,0.5125099029827888
Random Forest,PR,0.6141732283464567,0.624,0.5155389263145101
Random Forest,PR,0.6062992125984252,0.6209677419354839,0.5156711339906493
Random Forest,PR,0.5984251968503937,0.6178861788617886,0.515912095121497
Random Forest,PR,0.5984251968503937,0.6229508196721312,0.5168385282125603
Random Forest,PR,0.5984251968503937,0.628099173553719,0.5171548961104756
Random Forest,PR,0.5984251968503937,0.6333333333333333,0.5193840078658765
Random Forest,PR,0.5905511811023622,0.6302521008403361,0.5236261806416821
Random Forest,PR,0.5826771653543307,0.6271186440677966,0.5238018041650216
Random Forest,PR,0.5826771653543307,0.6324786324786325,0.5268524754663029
Random Forest,PR,0.5748031496062992,0.6293103448275862,0.5290455687583722
Random Forest,PR,0.5669291338582677,0.6260869565217392,0.530315488784817
Random Forest,PR,0.5590551181102362,0.6228070175438597,0.5320545166598485
Random Forest,PR,0.5511811023622047,0.6194690265486725,0.5325547808136574
Random Forest,PR,0.5433070866141733,0.6160714285714286,0.5352972397528454
Random Forest,PR,0.5433070866141733,0.6216216216216216,0.5356211061839645
Random Forest,PR,0.5433070866141733,0.6272727272727273,0.5368477446151798
Random Forest,PR,0.5433070866141733,0.6330275229357798,0.5408649817955314
Random Forest,PR,0.5433070866141733,0.6388888888888888,0.5452955385905808
Random Forest,PR,0.5433070866141733,0.6448598130841121,0.5457301316174742
Random Forest,PR,0.5433070866141733,0.6509433962264151,0.5459234481915914
Random Forest,PR,0.5433070866141733,0.6571428571428571,0.5463184978760235
Random Forest,PR,0.5354330708661418,0.6538461538461539,0.5471566853822666
Random Forest,PR,0.5275590551181102,0.6504854368932039,0.5543896990161665
Random Forest,PR,0.5196850393700787,0.6470588235294118,0.5545275091132168
Random Forest,PR,0.5118110236220472,0.6435643564356436,0.5547114906809582
Random Forest,PR,0.5118110236220472,0.65,0.5562655563673662
Random Forest,PR,0.5118110236220472,0.6565656565656566,0.558770718224164
Random Forest,PR,0.5118110236220472,0.6632653061224489,0.5600675549378314
Random Forest,PR,0.5039370078740157,0.6597938144329897,0.5606953760043165
Random Forest,PR,0.49606299212598426,0.65625,0.5608702743017007
Random Forest,PR,0.4881889763779528,0.6526315789473685,0.568382847651579
Random Forest,PR,0.48031496062992124,0.648936170212766,0.57138855824563
Random Forest,PR,0.47244094488188976,0.6451612903225806,0.5720524046976774
Random Forest,PR,0.47244094488188976,0.6521739130434783,0.5730152375353369
Random Forest,PR,0.47244094488188976,0.6593406593406593,0.5732264273485175
Random Forest,PR,0.47244094488188976,0.6666666666666666,0.5790103387601367
Random Forest,PR,0.47244094488188976,0.6741573033707865,0.5811496774365188
Random Forest,PR,0.47244094488188976,0.6818181818181818,0.5825548923393173
Random Forest,PR,0.47244094488188976,0.6896551724137931,0.5832525432797285
Random Forest,PR,0.47244094488188976,0.6976744186046512,0.5837168518995043
Random Forest,PR,0.4645669291338583,0.6941176470588235,0.5841466500771977
Random Forest,PR,0.4566929133858268,0.6904761904761905,0.5847002956956162
Random Forest,PR,0.4566929133858268,0.6987951807228916,0.5851594079890264
Random Forest,PR,0.4566929133858268,0.7073170731707317,0.5874408937669602
Random Forest,PR,0.44881889763779526,0.7037037037037037,0.5901175452347774
Random Forest,PR,0.44881889763779526,0.7125,0.5909778064163353
Random Forest,PR,0.4409448818897638,0.7088607594936709,0.5936198117051811
Random Forest,PR,0.4409448818897638,0.717948717948718,0.5982193309512212
Random Forest,PR,0.4330708661417323,0.7142857142857143,0.6000187948233338
Random Forest,PR,0.4251968503937008,0.7105263157894737,0.6025804433587948
Random Forest,PR,0.41732283464566927,0.7066666666666667,0.6033997969995615
Random Forest,PR,0.41732283464566927,0.7162162162162162,0.604841029516778
Random Forest,PR,0.4094488188976378,0.7123287671232876,0.6071433941338866
Random Forest,PR,0.4015748031496063,0.7083333333333334,0.6075541661242493
Random Forest,PR,0.4015748031496063,0.7183098591549296,0.6078904770166991
Random Forest,PR,0.3937007874015748,0.7142857142857143,0.6083534682473899
Random Forest,PR,0.3858267716535433,0.7101449275362319,0.6098139053896556
Random Forest,PR,0.3779527559055118,0.7058823529411765,0.6123924566499731
Random Forest,PR,0.3700787401574803,0.7014925373134329,0.6126730973505522
Random Forest,PR,0.36220472440944884,0.696969696969697,0.6132973169030795
Random Forest,PR,0.3543307086614173,0.6923076923076923,0.6150123168488193
Random Forest,PR,0.3543307086614173,0.703125,0.6174547772867162
Random Forest,PR,0.3464566929133858,0.6984126984126984,0.6184214622229457
Random Forest,PR,0.33858267716535434,0.6935483870967742,0.6194881515526101
Random Forest,PR,0.33070866141732286,0.6885245901639344,0.6219101324383899
Random Forest,PR,0.33070866141732286,0.7,0.6233529916994832
Random Forest,PR,0.33070866141732286,0.711864406779661,0.6241394228999848
Random Forest,PR,0.33070866141732286,0.7241379310344828,0.6243561310678712
Random Forest,PR,0.33070866141732286,0.7368421052631579,0.6311962916295658
Random Forest,PR,0.3228346456692913,0.7321428571428571,0.6335706082684068
Random Forest,PR,0.31496062992125984,0.7272727272727273,0.6396480372192355
Random Forest,PR,0.31496062992125984,0.7407407407407407,0.6414149412419557
Random Forest,PR,0.30708661417322836,0.7358490566037735,0.6417743611716162
Random Forest,PR,0.2992125984251969,0.7307692307692307,0.6446384812915438
Random Forest,PR,0.29133858267716534,0.7254901960784313,0.6450311530761637
Random Forest,PR,0.28346456692913385,0.72,0.6455599126510948
Random Forest,PR,0.2755905511811024,0.7142857142857143,0.6464245160002567
Random Forest,PR,0.2677165354330709,0.7083333333333334,0.6473619478205931
Random Forest,PR,0.25984251968503935,0.7021276595744681,0.663022878440241
Random Forest,PR,0.25196850393700787,0.6956521739130435,0.6630994311147206
Random Forest,PR,0.2440944881889764,0.6888888888888889,0.6644651323606227
Random Forest,PR,0.2440944881889764,0.7045454545454546,0.6651889595466266
Random Forest,PR,0.23622047244094488,0.6976744186046512,0.6705678982339903
Random Forest,PR,0.2283464566929134,0.6904761904761905,0.6753369550505649
Random Forest,PR,0.2204724409448819,0.6829268292682927,0.6769330600620754
Random Forest,PR,0.2204724409448819,0.7,0.6772464450811126
Random Forest,PR,0.2125984251968504,0.6923076923076923,0.6804347427284209
Random Forest,PR,0.2047244094488189,0.6842105263157895,0.6843251047949783
Random Forest,PR,0.1968503937007874,0.6756756756756757,0.6845543104895617
Random Forest,PR,0.1968503937007874,0.6944444444444444,0.6858004240362474
Random Forest,PR,0.1968503937007874,0.7142857142857143,0.6864268419159741
Random Forest,PR,0.1889763779527559,0.7058823529411765,0.6935359147910044
Random Forest,PR,0.1889763779527559,0.7272727272727273,0.6980930658603943
Random Forest,PR,0.18110236220472442,0.71875,0.6990050534453628
Random Forest,PR,0.1732283464566929,0.7096774193548387,0.7003520939581569
Random Forest,PR,0.1732283464566929,0.7333333333333333,0.7020586572328829
Random Forest,PR,0.1732283464566929,0.7586206896551724,0.7021008961487866
Random Forest,PR,0.16535433070866143,0.75,0.707835269201368
Random Forest,PR,0.15748031496062992,0.7407407407407407,0.7083757028201615
Random Forest,PR,0.14960629921259844,0.7307692307692307,0.7126533359037998
Random Forest,PR,0.14173228346456693,0.72,0.7148335397820947
Random Forest,PR,0.13385826771653545,0.7083333333333334,0.7208435970933177
Random Forest,PR,0.12598425196850394,0.6956521739130435,0.7248024140983509
Random Forest,PR,0.11811023622047244,0.6818181818181818,0.7283738256906146
Random Forest,PR,0.11023622047244094,0.6666666666666666,0.7328699659287492
Random Forest,PR,0.11023622047244094,0.7,0.7367971548586707
Random Forest,PR,0.10236220472440945,0.6842105263157895,0.7459672348792389
Random Forest,PR,0.10236220472440945,0.7222222222222222,0.7489553943699733
Random Forest,PR,0.09448818897637795,0.7058823529411765,0.753925487802087
Random Forest,PR,0.09448818897637795,0.75,0.7552455906892205
Random Forest,PR,0.08661417322834646,0.7333333333333333,0.7756497297553026
Random Forest,PR,0.08661417322834646,0.7857142857142857,0.7777874225903055
Random Forest,PR,0.07874015748031496,0.7692307692307693,0.7815813367599111
Random Forest,PR,0.07874015748031496,0.8333333333333334,0.7829462141515742
Random Forest,PR,0.07874015748031496,0.9090909090909091,0.7901962683381856
Random Forest,PR,0.07086614173228346,0.9,0.7953493112795424
Random Forest,PR,0.07086614173228346,1.0,0.7999106236518275
Random Forest,PR,0.06299212598425197,1.0,0.8020044793748976
Random Forest,PR,0.05511811023622047,1.0,0.8020515388009151
Random Forest,PR,0.047244094488188976,1.0,0.8043482237007165
Random Forest,PR,0.03937007874015748,1.0,0.820608750799089
Random Forest,PR,0.031496062992125984,1.0,0.8338248500709817
Random Forest,PR,0.023622047244094488,1.0,0.858439604680103
Random Forest,PR,0.015748031496062992,1.0,0.8613801367471484
Random Forest,PR,0.007874015748031496,1.0,0.894228307164005
Random Forest,PR,0.0,1.0,
Standard TabPFN v2,ROC,0.0,0.0,inf
Standard TabPFN v2,ROC,0.004784688995215311,0.0,0.9198095798492432
Standard TabPFN v2,ROC,0.004784688995215311,0.007874015748031496,0.9057064652442932
Standard TabPFN v2,ROC,0.009569377990430622,0.007874015748031496,0.8993591666221619
Standard TabPFN v2,ROC,0.009569377990430622,0.07874015748031496,0.8213893175125122
Standard TabPFN v2,ROC,0.019138755980861243,0.07874015748031496,0.8160175681114197
Standard TabPFN v2,ROC,0.019138755980861243,0.14173228346456693,0.73583984375
Standard TabPFN v2,ROC,0.023923444976076555,0.14173228346456693,0.7356602549552917
Standard TabPFN v2,ROC,0.023923444976076555,0.2204724409448819,0.694505512714386
Standard TabPFN v2,ROC,0.028708133971291867,0.2283464566929134,0.69287109375
Standard TabPFN v2,ROC,0.03349282296650718,0.2283464566929134,0.6925519108772278
Standard TabPFN v2,ROC,0.03349282296650718,0.2440944881889764,0.6827839016914368
Standard TabPFN v2,ROC,0.03827751196172249,0.2440944881889764,0.681640625
Standard TabPFN v2,ROC,0.03827751196172249,0.25196850393700787,0.67529296875
Standard TabPFN v2,ROC,0.03827751196172249,0.2677165354330709,0.66015625
Standard TabPFN v2,ROC,0.0430622009569378,0.2677165354330709,0.6544566750526428
Standard TabPFN v2,ROC,0.0430622009569378,0.29133858267716534,0.65087890625
Standard TabPFN v2,ROC,0.06698564593301436,0.29133858267716534,0.6396484375
Standard TabPFN v2,ROC,0.06698564593301436,0.2992125984251969,0.6277764439582825
Standard TabPFN v2,ROC,0.07655502392344497,0.2992125984251969,0.62451171875
Standard TabPFN v2,ROC,0.07655502392344497,0.33070866141732286,0.61767578125
Standard TabPFN v2,ROC,0.08133971291866028,0.33070866141732286,0.6162109375
Standard TabPFN v2,ROC,0.08133971291866028,0.3543307086614173,0.6083984375
Standard TabPFN v2,ROC,0.09569377990430622,0.3543307086614173,0.6005859375
Standard TabPFN v2,ROC,0.09569377990430622,0.3858267716535433,0.58642578125
Standard TabPFN v2,ROC,0.11004784688995216,0.3858267716535433,0.57763671875
Standard TabPFN v2,ROC,0.11004784688995216,0.3937007874015748,0.576171875
Standard TabPFN v2,ROC,0.12440191387559808,0.3937007874015748,0.55712890625
Standard TabPFN v2,ROC,0.12440191387559808,0.4094488188976378,0.549938976764679
Standard TabPFN v2,ROC,0.1339712918660287,0.4094488188976378,0.54833984375
Standard TabPFN v2,ROC,0.1339712918660287,0.4330708661417323,0.53955078125
Standard TabPFN v2,ROC,0.13875598086124402,0.4330708661417323,0.53857421875
Standard TabPFN v2,ROC,0.13875598086124402,0.4409448818897638,0.5369783043861389
Standard TabPFN v2,ROC,0.15311004784688995,0.4409448818897638,0.5345374941825867
Standard TabPFN v2,ROC,0.15311004784688995,0.44881889763779526,0.5333333611488342
Standard TabPFN v2,ROC,0.15789473684210525,0.44881889763779526,0.5328449606895447
Standard TabPFN v2,ROC,0.15789473684210525,0.4881889763779528,0.5186813473701477
Standard TabPFN v2,ROC,0.1674641148325359,0.4881889763779528,0.50048828125
Standard TabPFN v2,ROC,0.1674641148325359,0.5196850393700787,0.4931640625
Standard TabPFN v2,ROC,0.1722488038277512,0.5196850393700787,0.4862026870250702
Standard TabPFN v2,ROC,0.1722488038277512,0.5275590551181102,0.48486328125
Standard TabPFN v2,ROC,0.19138755980861244,0.5275590551181102,0.46533203125
Standard TabPFN v2,ROC,0.19138755980861244,0.5511811023622047,0.4599609375
Standard TabPFN v2,ROC,0.19617224880382775,0.5511811023622047,0.4564102590084076
Standard TabPFN v2,ROC,0.19617224880382775,0.5590551181102362,0.453125
Standard TabPFN v2,ROC,0.20574162679425836,0.5590551181102362,0.44908425211906433
Standard TabPFN v2,ROC,0.20574162679425836,0.5669291338582677,0.44384765625
Standard TabPFN v2,ROC,0.20574162679425836,0.5826771653543307,0.44140625
Standard TabPFN v2,ROC,0.21052631578947367,0.5826771653543307,0.44078144431114197
Standard TabPFN v2,ROC,0.21052631578947367,0.5905511811023622,0.4402930438518524
Standard TabPFN v2,ROC,0.215311004784689,0.5905511811023622,0.435546875
Standard TabPFN v2,ROC,0.215311004784689,0.5984251968503937,0.43296703696250916
Standard TabPFN v2,ROC,0.22488038277511962,0.5984251968503937,0.4295482337474823
Standard TabPFN v2,ROC,0.22488038277511962,0.6062992125984252,0.42919921875
Standard TabPFN v2,ROC,0.22966507177033493,0.6062992125984252,0.4287109375
Standard TabPFN v2,ROC,0.22966507177033493,0.6220472440944882,0.42222222685813904
Standard TabPFN v2,ROC,0.23444976076555024,0.6220472440944882,0.41748046875
Standard TabPFN v2,ROC,0.23444976076555024,0.6299212598425197,0.40737125277519226
Standard TabPFN v2,ROC,0.23923444976076555,0.6299212598425197,0.40673828125
Standard TabPFN v2,ROC,0.23923444976076555,0.6377952755905512,0.40283203125
Standard TabPFN v2,ROC,0.24401913875598086,0.6377952755905512,0.40087890625
Standard TabPFN v2,ROC,0.24401913875598086,0.6535433070866141,0.39453125
Standard TabPFN v2,ROC,0.2631578947368421,0.6535433070866141,0.39047619700431824
Standard TabPFN v2,ROC,0.2631578947368421,0.6692913385826772,0.388671875
Standard TabPFN v2,ROC,0.2727272727272727,0.6692913385826772,0.38818359375
Standard TabPFN v2,ROC,0.2727272727272727,0.6850393700787402,0.3837890625
Standard TabPFN v2,ROC,0.27751196172248804,0.6850393700787402,0.3828125
Standard TabPFN v2,ROC,0.27751196172248804,0.6929133858267716,0.381010502576828
Standard TabPFN v2,ROC,0.2966507177033493,0.6929133858267716,0.35986328125
Standard TabPFN v2,ROC,0.2966507177033493,0.7086614173228346,0.3561142385005951
Standard TabPFN v2,ROC,0.3062200956937799,0.7086614173228346,0.3533577620983124
Standard TabPFN v2,ROC,0.3062200956937799,0.7165354330708661,0.3525390625
Standard TabPFN v2,ROC,0.3253588516746411,0.7165354330708661,0.3489621579647064
Standard TabPFN v2,ROC,0.3253588516746411,0.7244094488188977,0.3486328125
Standard TabPFN v2,ROC,0.3444976076555024,0.7244094488188977,0.337890625
Standard TabPFN v2,ROC,0.3444976076555024,0.7322834645669292,0.33544921875
Standard TabPFN v2,ROC,0.3875598086124402,0.7322834645669292,0.31005859375
Standard TabPFN v2,ROC,0.3875598086124402,0.7401574803149606,0.303880900144577
Standard TabPFN v2,ROC,0.39712918660287083,0.7401574803149606,0.29509398341178894
Standard TabPFN v2,ROC,0.39712918660287083,0.7480314960629921,0.2919921875
Standard TabPFN v2,ROC,0.4019138755980861,0.7480314960629921,0.2864468991756439
Standard TabPFN v2,ROC,0.4019138755980861,0.7637795275590551,0.2835164964199066
Standard TabPFN v2,ROC,0.40669856459330145,0.7637795275590551,0.28271484375
Standard TabPFN v2,ROC,0.40669856459330145,0.7716535433070866,0.2822265625
Standard TabPFN v2,ROC,0.41148325358851673,0.7795275590551181,0.27978515625
Standard TabPFN v2,ROC,0.41626794258373206,0.7795275590551181,0.2796092927455902
Standard TabPFN v2,ROC,0.41626794258373206,0.8031496062992126,0.275390625
Standard TabPFN v2,ROC,0.4258373205741627,0.8031496062992126,0.2744140625
Standard TabPFN v2,ROC,0.4258373205741627,0.8110236220472441,0.2734375
Standard TabPFN v2,ROC,0.45454545454545453,0.8110236220472441,0.2646484375
Standard TabPFN v2,ROC,0.45454545454545453,0.8188976377952756,0.26433977484703064
Standard TabPFN v2,ROC,0.4688995215311005,0.8188976377952756,0.25225886702537537
Standard TabPFN v2,ROC,0.4784688995215311,0.8188976377952756,0.25048828125
Standard TabPFN v2,ROC,0.48325358851674644,0.8267716535433071,0.2481386512517929
Standard TabPFN v2,ROC,0.49282296650717705,0.8267716535433071,0.24307166039943695
Standard TabPFN v2,ROC,0.49282296650717705,0.8346456692913385,0.24276821315288544
Standard TabPFN v2,ROC,0.49760765550239233,0.8346456692913385,0.24062995612621307
Standard TabPFN v2,ROC,0.49760765550239233,0.84251968503937,0.23876953125
Standard TabPFN v2,ROC,0.5167464114832536,0.84251968503937,0.2314453125
Standard TabPFN v2,ROC,0.5167464114832536,0.8503937007874016,0.22900390625
Standard TabPFN v2,ROC,0.5215311004784688,0.8503937007874016,0.2275390625
Standard TabPFN v2,ROC,0.5215311004784688,0.8582677165354331,0.22412109375
Standard TabPFN v2,ROC,0.5311004784688995,0.8582677165354331,0.22158466279506683
Standard TabPFN v2,ROC,0.5311004784688995,0.8661417322834646,0.22060798108577728
Standard TabPFN v2,ROC,0.583732057416268,0.8661417322834646,0.20322225987911224
Standard TabPFN v2,ROC,0.583732057416268,0.8740157480314961,0.20293040573596954
Standard TabPFN v2,ROC,0.5980861244019139,0.8740157480314961,0.19970703125
Standard TabPFN v2,ROC,0.6076555023923444,0.8740157480314961,0.197265625
Standard TabPFN v2,ROC,0.6267942583732058,0.8740157480314961,0.18759916722774506
Standard TabPFN v2,ROC,0.6267942583732058,0.8818897637795275,0.18691246211528778
Standard TabPFN v2,ROC,0.6363636363636364,0.8818897637795275,0.18222872912883759
Standard TabPFN v2,ROC,0.6363636363636364,0.889763779527559,0.1807640641927719
Standard TabPFN v2,ROC,0.6507177033492823,0.889763779527559,0.1775335818529129
Standard TabPFN v2,ROC,0.6507177033492823,0.905511811023622,0.17588184773921967
Standard TabPFN v2,ROC,0.6650717703349283,0.905511811023622,0.17323891818523407
Standard TabPFN v2,ROC,0.6650717703349283,0.9133858267716536,0.17207713425159454
Standard TabPFN v2,ROC,0.7033492822966507,0.9133858267716536,0.16025875508785248
Standard TabPFN v2,ROC,0.7033492822966507,0.9212598425196851,0.16005371510982513
Standard TabPFN v2,ROC,0.7129186602870813,0.9212598425196851,0.15830586850643158
Standard TabPFN v2,ROC,0.7129186602870813,0.9291338582677166,0.15743227303028107
Standard TabPFN v2,ROC,0.7177033492822966,0.9291338582677166,0.15712366998195648
Standard TabPFN v2,ROC,0.7272727272727273,0.9291338582677166,0.15565864741802216
Standard TabPFN v2,ROC,0.7607655502392344,0.9291338582677166,0.14697265625
Standard TabPFN v2,ROC,0.7607655502392344,0.937007874015748,0.1465885490179062
Standard TabPFN v2,ROC,0.7703349282296651,0.937007874015748,0.14627595245838165
Standard TabPFN v2,ROC,0.7703349282296651,0.9448818897637795,0.1457875519990921
Standard TabPFN v2,ROC,0.7990430622009569,0.9448818897637795,0.1368241161108017
Standard TabPFN v2,ROC,0.7990430622009569,0.952755905511811,0.13525390625
Standard TabPFN v2,ROC,0.8181818181818182,0.952755905511811,0.1318359375
Standard TabPFN v2,ROC,0.8181818181818182,0.9606299212598425,0.13026492297649384
Standard TabPFN v2,ROC,0.8325358851674641,0.9606299212598425,0.12423724681138992
Standard TabPFN v2,ROC,0.8325358851674641,0.968503937007874,0.1240234375
Standard TabPFN v2,ROC,0.84688995215311,0.968503937007874,0.12283272296190262
Standard TabPFN v2,ROC,0.84688995215311,0.9763779527559056,0.12245146930217743
Standard TabPFN v2,ROC,0.8708133971291866,0.9763779527559056,0.119140625
Standard TabPFN v2,ROC,0.8803827751196173,0.9763779527559056,0.11805640161037445
Standard TabPFN v2,ROC,0.9521531100478469,0.9763779527559056,0.10725840926170349
Standard TabPFN v2,ROC,0.9521531100478469,0.984251968503937,0.10471076518297195
Standard TabPFN v2,ROC,0.9760765550239234,0.984251968503937,0.09852276742458344
Standard TabPFN v2,ROC,0.9760765550239234,0.9921259842519685,0.09765625
Standard TabPFN v2,ROC,0.9856459330143541,0.9921259842519685,0.0951596200466156
Standard TabPFN v2,ROC,0.9856459330143541,1.0,0.09380531311035156
Standard TabPFN v2,ROC,1.0,1.0,0.08246353268623352
Standard TabPFN v2,PR,1.0,0.37797619047619047,0.08246353268623352
Standard TabPFN v2,PR,1.0,0.37910447761194027,0.09185230731964111
Standard TabPFN v2,PR,1.0,0.38023952095808383,0.09375
Standard TabPFN v2,PR,1.0,0.3813813813813814,0.09380531311035156
Standard TabPFN v2,PR,0.9921259842519685,0.3795180722891566,0.0951596200466156
Standard TabPFN v2,PR,0.9921259842519685,0.3806646525679758,0.09760117530822754
Standard TabPFN v2,PR,0.9921259842519685,0.38181818181818183,0.09765625
Standard TabPFN v2,PR,0.984251968503937,0.3799392097264438,0.09852276742458344
Standard TabPFN v2,PR,0.984251968503937,0.38109756097560976,0.0992310494184494
Standard TabPFN v2,PR,0.984251968503937,0.382262996941896,0.10139796137809753
Standard TabPFN v2,PR,0.984251968503937,0.3834355828220859,0.1025390625
Standard TabPFN v2,PR,0.984251968503937,0.38461538461538464,0.10367974638938904
Standard TabPFN v2,PR,0.984251968503937,0.38580246913580246,0.10471076518297195
Standard TabPFN v2,PR,0.9763779527559056,0.38390092879256965,0.10725840926170349
Standard TabPFN v2,PR,0.9763779527559056,0.38509316770186336,0.10758528113365173
Standard TabPFN v2,PR,0.9763779527559056,0.3862928348909657,0.10785570740699768
Standard TabPFN v2,PR,0.9763779527559056,0.3875,0.10791015625
Standard TabPFN v2,PR,0.9763779527559056,0.3887147335423197,0.1092662662267685
Standard TabPFN v2,PR,0.9763779527559056,0.389937106918239,0.11360722780227661
Standard TabPFN v2,PR,0.9763779527559056,0.3911671924290221,0.11452991515398026
Standard TabPFN v2,PR,0.9763779527559056,0.3924050632911392,0.11463801562786102
Standard TabPFN v2,PR,0.9763779527559056,0.39365079365079364,0.11490815877914429
Standard TabPFN v2,PR,0.9763779527559056,0.39490445859872614,0.11496428400278091
Standard TabPFN v2,PR,0.9763779527559056,0.3961661341853035,0.11572265625
Standard TabPFN v2,PR,0.9763779527559056,0.3974358974358974,0.1163727343082428
Standard TabPFN v2,PR,0.9763779527559056,0.3987138263665595,0.1170797199010849
Standard TabPFN v2,PR,0.9763779527559056,0.4,0.11734911799430847
Standard TabPFN v2,PR,0.9763779527559056,0.40129449838187703,0.11751419305801392
Standard TabPFN v2,PR,0.9763779527559056,0.4025974025974026,0.11805640161037445
Standard TabPFN v2,PR,0.9763779527559056,0.40522875816993464,0.119140625
Standard TabPFN v2,PR,0.9763779527559056,0.4065573770491803,0.12039072066545486
Standard TabPFN v2,PR,0.9763779527559056,0.40789473684210525,0.12055179476737976
Standard TabPFN v2,PR,0.9763779527559056,0.40924092409240925,0.12190952897071838
Standard TabPFN v2,PR,0.9763779527559056,0.4105960264900662,0.12196312844753265
Standard TabPFN v2,PR,0.9763779527559056,0.4119601328903654,0.12245146930217743
Standard TabPFN v2,PR,0.968503937007874,0.41,0.12283272296190262
Standard TabPFN v2,PR,0.968503937007874,0.411371237458194,0.1229933500289917
Standard TabPFN v2,PR,0.968503937007874,0.412751677852349,0.12358865141868591
Standard TabPFN v2,PR,0.968503937007874,0.41414141414141414,0.1240234375
Standard TabPFN v2,PR,0.9606299212598425,0.41216216216216217,0.12423724681138992
Standard TabPFN v2,PR,0.9606299212598425,0.4135593220338983,0.12456515431404114
Standard TabPFN v2,PR,0.9606299212598425,0.41496598639455784,0.12472540885210037
Standard TabPFN v2,PR,0.9606299212598425,0.41638225255972694,0.13026492297649384
Standard TabPFN v2,PR,0.952755905511811,0.4143835616438356,0.1318359375
Standard TabPFN v2,PR,0.952755905511811,0.41580756013745707,0.1320478469133377
Standard TabPFN v2,PR,0.952755905511811,0.41724137931034483,0.13232421875
Standard TabPFN v2,PR,0.952755905511811,0.4186851211072664,0.13417164981365204
Standard TabPFN v2,PR,0.952755905511811,0.4201388888888889,0.13525390625
Standard TabPFN v2,PR,0.9448818897637795,0.4181184668989547,0.1368241161108017
Standard TabPFN v2,PR,0.9448818897637795,0.4195804195804196,0.1379057914018631
Standard TabPFN v2,PR,0.9448818897637795,0.42105263157894735,0.14041514694690704
Standard TabPFN v2,PR,0.9448818897637795,0.4225352112676056,0.1407298892736435
Standard TabPFN v2,PR,0.9448818897637795,0.42402826855123676,0.14170633256435394
Standard TabPFN v2,PR,0.9448818897637795,0.425531914893617,0.1455078125
Standard TabPFN v2,PR,0.9448818897637795,0.42704626334519574,0.1457875519990921
Standard TabPFN v2,PR,0.937007874015748,0.425,0.14627595245838165
Standard TabPFN v2,PR,0.937007874015748,0.4265232974910394,0.14638017117977142
Standard TabPFN v2,PR,0.937007874015748,0.42805755395683454,0.1465885490179062
Standard TabPFN v2,PR,0.9291338582677166,0.4259927797833935,0.14697265625
Standard TabPFN v2,PR,0.9291338582677166,0.427536231884058,0.1488218754529953
Standard TabPFN v2,PR,0.9291338582677166,0.4290909090909091,0.14931021630764008
Standard TabPFN v2,PR,0.9291338582677166,0.4306569343065693,0.150390625
Standard TabPFN v2,PR,0.9291338582677166,0.43223443223443225,0.15147076547145844
Standard TabPFN v2,PR,0.9291338582677166,0.4338235294117647,0.1516483575105667
Standard TabPFN v2,PR,0.9291338582677166,0.4354243542435424,0.15255065262317657
Standard TabPFN v2,PR,0.9291338582677166,0.43703703703703706,0.15565864741802216
Standard TabPFN v2,PR,0.9291338582677166,0.44029850746268656,0.15712366998195648
Standard TabPFN v2,PR,0.9291338582677166,0.4419475655430712,0.15743227303028107
Standard TabPFN v2,PR,0.9212598425196851,0.4398496240601504,0.15830586850643158
Standard TabPFN v2,PR,0.9212598425196851,0.44150943396226416,0.15995116531848907
Standard TabPFN v2,PR,0.9212598425196851,0.4431818181818182,0.16005371510982513
Standard TabPFN v2,PR,0.9133858267716536,0.44106463878326996,0.16025875508785248
Standard TabPFN v2,PR,0.9133858267716536,0.44274809160305345,0.1618257313966751
Standard TabPFN v2,PR,0.9133858267716536,0.4444444444444444,0.16200707852840424
Standard TabPFN v2,PR,0.9133858267716536,0.4461538461538462,0.16221164166927338
Standard TabPFN v2,PR,0.9133858267716536,0.44787644787644787,0.16318808495998383
Standard TabPFN v2,PR,0.9133858267716536,0.4496124031007752,0.16329021751880646
Standard TabPFN v2,PR,0.9133858267716536,0.45136186770428016,0.16426654160022736
Standard TabPFN v2,PR,0.9133858267716536,0.453125,0.1696363240480423
Standard TabPFN v2,PR,0.9133858267716536,0.4549019607843137,0.17207713425159454
Standard TabPFN v2,PR,0.905511811023622,0.452755905511811,0.17323891818523407
Standard TabPFN v2,PR,0.905511811023622,0.45454545454545453,0.17519228160381317
Standard TabPFN v2,PR,0.905511811023622,0.45634920634920634,0.1755799800157547
Standard TabPFN v2,PR,0.905511811023622,0.4581673306772908,0.17588184773921967
Standard TabPFN v2,PR,0.8976377952755905,0.456,0.17598243057727814
Standard TabPFN v2,PR,0.889763779527559,0.4538152610441767,0.1775335818529129
Standard TabPFN v2,PR,0.889763779527559,0.45564516129032256,0.17919921875
Standard TabPFN v2,PR,0.889763779527559,0.4574898785425101,0.18007569015026093
Standard TabPFN v2,PR,0.889763779527559,0.45934959349593496,0.1807640641927719
Standard TabPFN v2,PR,0.8818897637795275,0.45714285714285713,0.18222872912883759
Standard TabPFN v2,PR,0.8818897637795275,0.45901639344262296,0.18476934731006622
Standard TabPFN v2,PR,0.8818897637795275,0.4609053497942387,0.18691246211528778
Standard TabPFN v2,PR,0.8740157480314961,0.45867768595041325,0.18759916722774506
Standard TabPFN v2,PR,0.8740157480314961,0.4605809128630705,0.18788914382457733
Standard TabPFN v2,PR,0.8740157480314961,0.4625,0.19179587066173553
Standard TabPFN v2,PR,0.8740157480314961,0.46443514644351463,0.196485236287117
Standard TabPFN v2,PR,0.8740157480314961,0.46638655462184875,0.197265625
Standard TabPFN v2,PR,0.8740157480314961,0.4703389830508475,0.19970703125
Standard TabPFN v2,PR,0.8740157480314961,0.4723404255319149,0.20185615122318268
Standard TabPFN v2,PR,0.8740157480314961,0.47435897435897434,0.2021484375
Standard TabPFN v2,PR,0.8740157480314961,0.47639484978540775,0.20293040573596954
Standard TabPFN v2,PR,0.8661417322834646,0.47413793103448276,0.20322225987911224
Standard TabPFN v2,PR,0.8661417322834646,0.47619047619047616,0.20595775544643402
Standard TabPFN v2,PR,0.8661417322834646,0.4782608695652174,0.20859269797801971
Standard TabPFN v2,PR,0.8661417322834646,0.48034934497816595,0.20956914126873016
Standard TabPFN v2,PR,0.8661417322834646,0.4824561403508772,0.21044921875
Standard TabPFN v2,PR,0.8661417322834646,0.4845814977973568,0.21308274567127228
Standard TabPFN v2,PR,0.8661417322834646,0.48672566371681414,0.2138671875
Standard TabPFN v2,PR,0.8661417322834646,0.4888888888888889,0.21474789083003998
Standard TabPFN v2,PR,0.8661417322834646,0.49107142857142855,0.21493957936763763
Standard TabPFN v2,PR,0.8661417322834646,0.49327354260089684,0.2151404172182083
Standard TabPFN v2,PR,0.8661417322834646,0.4954954954954955,0.21786890923976898
Standard TabPFN v2,PR,0.8661417322834646,0.497737556561086,0.22060798108577728
Standard TabPFN v2,PR,0.8582677165354331,0.4954545454545455,0.22158466279506683
Standard TabPFN v2,PR,0.8582677165354331,0.4977168949771689,0.2236328125
Standard TabPFN v2,PR,0.8582677165354331,0.5,0.22412109375
Standard TabPFN v2,PR,0.8503937007874016,0.4976958525345622,0.2275390625
Standard TabPFN v2,PR,0.8503937007874016,0.5,0.22900390625
Standard TabPFN v2,PR,0.84251968503937,0.49767441860465117,0.2314453125
Standard TabPFN v2,PR,0.84251968503937,0.5,0.23553819954395294
Standard TabPFN v2,PR,0.84251968503937,0.5023474178403756,0.2359331101179123
Standard TabPFN v2,PR,0.84251968503937,0.5047169811320755,0.23672322928905487
Standard TabPFN v2,PR,0.84251968503937,0.5071090047393365,0.23876953125
Standard TabPFN v2,PR,0.8346456692913385,0.5047619047619047,0.24062995612621307
Standard TabPFN v2,PR,0.8346456692913385,0.507177033492823,0.24276821315288544
Standard TabPFN v2,PR,0.8267716535433071,0.5048076923076923,0.24307166039943695
Standard TabPFN v2,PR,0.8267716535433071,0.5072463768115942,0.24649004638195038
Standard TabPFN v2,PR,0.8267716535433071,0.5097087378640777,0.2481386512517929
Standard TabPFN v2,PR,0.8188976377952756,0.5098039215686274,0.25048828125
Standard TabPFN v2,PR,0.8188976377952756,0.5148514851485149,0.25225886702537537
Standard TabPFN v2,PR,0.8188976377952756,0.5174129353233831,0.25390625
Standard TabPFN v2,PR,0.8188976377952756,0.52,0.25927734375
Standard TabPFN v2,PR,0.8188976377952756,0.5226130653266332,0.26433977484703064
Standard TabPFN v2,PR,0.8110236220472441,0.5202020202020202,0.2646484375
Standard TabPFN v2,PR,0.8110236220472441,0.5228426395939086,0.2687332332134247
Standard TabPFN v2,PR,0.8110236220472441,0.5255102040816326,0.27001953125
Standard TabPFN v2,PR,0.8110236220472441,0.5282051282051282,0.27099609375
Standard TabPFN v2,PR,0.8110236220472441,0.5309278350515464,0.27228328585624695
Standard TabPFN v2,PR,0.8110236220472441,0.533678756476684,0.2731266915798187
Standard TabPFN v2,PR,0.8110236220472441,0.5364583333333334,0.2734375
Standard TabPFN v2,PR,0.8031496062992126,0.5340314136125655,0.2744140625
Standard TabPFN v2,PR,0.8031496062992126,0.5368421052631579,0.2747252881526947
Standard TabPFN v2,PR,0.8031496062992126,0.5396825396825397,0.275390625
Standard TabPFN v2,PR,0.7952755905511811,0.5372340425531915,0.27849647402763367
Standard TabPFN v2,PR,0.7874015748031497,0.5347593582887701,0.27880859375
Standard TabPFN v2,PR,0.7795275590551181,0.532258064516129,0.2796092927455902
Standard TabPFN v2,PR,0.7795275590551181,0.5351351351351351,0.27978515625
Standard TabPFN v2,PR,0.7716535433070866,0.5355191256830601,0.2822265625
Standard TabPFN v2,PR,0.7637795275590551,0.532967032967033,0.28271484375
Standard TabPFN v2,PR,0.7637795275590551,0.5359116022099447,0.2835164964199066
Standard TabPFN v2,PR,0.7559055118110236,0.5333333333333333,0.28466796875
Standard TabPFN v2,PR,0.7480314960629921,0.5307262569832403,0.2864468991756439
Standard TabPFN v2,PR,0.7480314960629921,0.5337078651685393,0.2919921875
Standard TabPFN v2,PR,0.7401574803149606,0.5310734463276836,0.29509398341178894
Standard TabPFN v2,PR,0.7401574803149606,0.5340909090909091,0.29607030749320984
Standard TabPFN v2,PR,0.7401574803149606,0.5371428571428571,0.303880900144577
Standard TabPFN v2,PR,0.7322834645669292,0.5344827586206896,0.31005859375
Standard TabPFN v2,PR,0.7322834645669292,0.5375722543352601,0.31201171875
Standard TabPFN v2,PR,0.7322834645669292,0.5406976744186046,0.3173828125
Standard TabPFN v2,PR,0.7322834645669292,0.543859649122807,0.31787109375
Standard TabPFN v2,PR,0.7322834645669292,0.5470588235294118,0.31884765625
Standard TabPFN v2,PR,0.7322834645669292,0.5502958579881657,0.32666015625
Standard TabPFN v2,PR,0.7322834645669292,0.5535714285714286,0.32877716422080994
Standard TabPFN v2,PR,0.7322834645669292,0.5568862275449101,0.3304029405117035
Standard TabPFN v2,PR,0.7322834645669292,0.5602409638554217,0.3312179744243622
Standard TabPFN v2,PR,0.7322834645669292,0.5636363636363636,0.33544921875
Standard TabPFN v2,PR,0.7244094488188977,0.5609756097560976,0.337890625
Standard TabPFN v2,PR,0.7244094488188977,0.5644171779141104,0.3427734375
Standard TabPFN v2,PR,0.7244094488188977,0.5679012345679012,0.3460317552089691
Standard TabPFN v2,PR,0.7244094488188977,0.5714285714285714,0.34683915972709656
Standard TabPFN v2,PR,0.7244094488188977,0.575,0.3486328125
Standard TabPFN v2,PR,0.7165354330708661,0.5723270440251572,0.3489621579647064
Standard TabPFN v2,PR,0.7165354330708661,0.5759493670886076,0.34912109375
Standard TabPFN v2,PR,0.7165354330708661,0.5796178343949044,0.3505859375
Standard TabPFN v2,PR,0.7165354330708661,0.5833333333333334,0.35074445605278015
Standard TabPFN v2,PR,0.7165354330708661,0.5870967741935483,0.3525390625
Standard TabPFN v2,PR,0.7086614173228346,0.5844155844155844,0.3533577620983124
Standard TabPFN v2,PR,0.7086614173228346,0.5882352941176471,0.35367342829704285
Standard TabPFN v2,PR,0.7086614173228346,0.5921052631578947,0.3561142385005951
Standard TabPFN v2,PR,0.7007874015748031,0.5894039735099338,0.3582417666912079
Standard TabPFN v2,PR,0.6929133858267716,0.5866666666666667,0.35986328125
Standard TabPFN v2,PR,0.6929133858267716,0.5906040268456376,0.361328125
Standard TabPFN v2,PR,0.6929133858267716,0.5945945945945946,0.36572265625
Standard TabPFN v2,PR,0.6929133858267716,0.5986394557823129,0.373046875
Standard TabPFN v2,PR,0.6929133858267716,0.6027397260273972,0.381010502576828
Standard TabPFN v2,PR,0.6850393700787402,0.6,0.3828125
Standard TabPFN v2,PR,0.6850393700787402,0.6041666666666666,0.3837890625
Standard TabPFN v2,PR,0.6771653543307087,0.6013986013986014,0.38540396094322205
Standard TabPFN v2,PR,0.6692913385826772,0.5985915492957746,0.38818359375
Standard TabPFN v2,PR,0.6692913385826772,0.6028368794326241,0.38833293318748474
Standard TabPFN v2,PR,0.6692913385826772,0.6071428571428571,0.388671875
Standard TabPFN v2,PR,0.6614173228346457,0.60431654676259,0.3897974193096161
Standard TabPFN v2,PR,0.6535433070866141,0.6014492753623188,0.39047619700431824
Standard TabPFN v2,PR,0.6535433070866141,0.6058394160583942,0.390773743391037
Standard TabPFN v2,PR,0.6535433070866141,0.6102941176470589,0.39126190543174744
Standard TabPFN v2,PR,0.6535433070866141,0.6148148148148148,0.39208984375
Standard TabPFN v2,PR,0.6535433070866141,0.6194029850746269,0.39453125
Standard TabPFN v2,PR,0.6456692913385826,0.6165413533834586,0.3955078125
Standard TabPFN v2,PR,0.6377952755905512,0.6136363636363636,0.40087890625
Standard TabPFN v2,PR,0.6377952755905512,0.6183206106870229,0.40283203125
Standard TabPFN v2,PR,0.6299212598425197,0.6153846153846154,0.40673828125
Standard TabPFN v2,PR,0.6299212598425197,0.6201550387596899,0.40737125277519226
Standard TabPFN v2,PR,0.6220472440944882,0.6171875,0.41748046875
Standard TabPFN v2,PR,0.6220472440944882,0.6220472440944882,0.42222222685813904
Standard TabPFN v2,PR,0.6141732283464567,0.6190476190476191,0.42333984375
Standard TabPFN v2,PR,0.6062992125984252,0.616,0.4287109375
Standard TabPFN v2,PR,0.6062992125984252,0.6209677419354839,0.42919921875
Standard TabPFN v2,PR,0.5984251968503937,0.6178861788617886,0.4295482337474823
Standard TabPFN v2,PR,0.5984251968503937,0.6229508196721312,0.4315018355846405
Standard TabPFN v2,PR,0.5984251968503937,0.628099173553719,0.43296703696250916
Standard TabPFN v2,PR,0.5905511811023622,0.625,0.435546875
Standard TabPFN v2,PR,0.5905511811023622,0.6302521008403361,0.4402930438518524
Standard TabPFN v2,PR,0.5826771653543307,0.6271186440677966,0.44078144431114197
Standard TabPFN v2,PR,0.5826771653543307,0.6324786324786325,0.44140625
Standard TabPFN v2,PR,0.5669291338582677,0.6260869565217392,0.44384765625
Standard TabPFN v2,PR,0.5590551181102362,0.6228070175438597,0.44908425211906433
Standard TabPFN v2,PR,0.5590551181102362,0.6283185840707964,0.45299145579338074
Standard TabPFN v2,PR,0.5590551181102362,0.6339285714285714,0.453125
Standard TabPFN v2,PR,0.5511811023622047,0.6306306306306306,0.4564102590084076
Standard TabPFN v2,PR,0.5511811023622047,0.6363636363636364,0.4599609375
Standard TabPFN v2,PR,0.5433070866141733,0.6330275229357798,0.46142578125
Standard TabPFN v2,PR,0.5354330708661418,0.6296296296296297,0.4644862115383148
Standard TabPFN v2,PR,0.5275590551181102,0.6261682242990654,0.46533203125
Standard TabPFN v2,PR,0.5275590551181102,0.6320754716981132,0.46826171875
Standard TabPFN v2,PR,0.5275590551181102,0.638095238095238,0.47265625
Standard TabPFN v2,PR,0.5275590551181102,0.6442307692307693,0.4822954833507538
Standard TabPFN v2,PR,0.5275590551181102,0.6504854368932039,0.48486328125
Standard TabPFN v2,PR,0.5196850393700787,0.6470588235294118,0.4862026870250702
Standard TabPFN v2,PR,0.5196850393700787,0.6534653465346535,0.4931640625
Standard TabPFN v2,PR,0.5118110236220472,0.65,0.49548229575157166
Standard TabPFN v2,PR,0.5039370078740157,0.6464646464646465,0.4970703125
Standard TabPFN v2,PR,0.49606299212598426,0.6428571428571429,0.498046875
Standard TabPFN v2,PR,0.4881889763779528,0.6391752577319587,0.50048828125
Standard TabPFN v2,PR,0.4881889763779528,0.6458333333333334,0.502075731754303
Standard TabPFN v2,PR,0.4881889763779528,0.6526315789473685,0.5186813473701477
Standard TabPFN v2,PR,0.48031496062992124,0.648936170212766,0.52001953125
Standard TabPFN v2,PR,0.47244094488188976,0.6451612903225806,0.525390625
Standard TabPFN v2,PR,0.4645669291338583,0.6413043478260869,0.52734375
Standard TabPFN v2,PR,0.4566929133858268,0.6373626373626373,0.5304029583930969
Standard TabPFN v2,PR,0.44881889763779526,0.6333333333333333,0.5328449606895447
Standard TabPFN v2,PR,0.44881889763779526,0.6404494382022472,0.5333333611488342
Standard TabPFN v2,PR,0.4409448818897638,0.6363636363636364,0.5345374941825867
Standard TabPFN v2,PR,0.4409448818897638,0.6436781609195402,0.53515625
Standard TabPFN v2,PR,0.4409448818897638,0.6511627906976745,0.5364901423454285
Standard TabPFN v2,PR,0.4409448818897638,0.6588235294117647,0.5369783043861389
Standard TabPFN v2,PR,0.4330708661417323,0.6547619047619048,0.53857421875
Standard TabPFN v2,PR,0.4330708661417323,0.6626506024096386,0.53955078125
Standard TabPFN v2,PR,0.4251968503937008,0.6585365853658537,0.5419921875
Standard TabPFN v2,PR,0.41732283464566927,0.654320987654321,0.546875
Standard TabPFN v2,PR,0.4094488188976378,0.65,0.54833984375
Standard TabPFN v2,PR,0.4094488188976378,0.6582278481012658,0.5498046875
Standard TabPFN v2,PR,0.4094488188976378,0.6666666666666666,0.549938976764679
Standard TabPFN v2,PR,0.4015748031496063,0.6623376623376623,0.55517578125
Standard TabPFN v2,PR,0.3937007874015748,0.6578947368421053,0.55712890625
Standard TabPFN v2,PR,0.3937007874015748,0.6666666666666666,0.5601953864097595
Standard TabPFN v2,PR,0.3937007874015748,0.6756756756756757,0.5665445923805237
Standard TabPFN v2,PR,0.3937007874015748,0.684931506849315,0.576171875
Standard TabPFN v2,PR,0.3858267716535433,0.6805555555555556,0.57763671875
Standard TabPFN v2,PR,0.3858267716535433,0.6901408450704225,0.5846154093742371
Standard TabPFN v2,PR,0.3858267716535433,0.7,0.5859375
Standard TabPFN v2,PR,0.3858267716535433,0.7101449275362319,0.58642578125
Standard TabPFN v2,PR,0.3779527559055118,0.7058823529411765,0.5945814251899719
Standard TabPFN v2,PR,0.3700787401574803,0.7014925373134329,0.59716796875
Standard TabPFN v2,PR,0.36220472440944884,0.696969696969697,0.6004393696784973
Standard TabPFN v2,PR,0.3543307086614173,0.6923076923076923,0.6005859375
Standard TabPFN v2,PR,0.3543307086614173,0.703125,0.6021978259086609
Standard TabPFN v2,PR,0.3543307086614173,0.7142857142857143,0.6058091521263123
Standard TabPFN v2,PR,0.3543307086614173,0.7258064516129032,0.6083984375
Standard TabPFN v2,PR,0.3464566929133858,0.7213114754098361,0.611328125
Standard TabPFN v2,PR,0.33858267716535434,0.7166666666666667,0.61474609375
Standard TabPFN v2,PR,0.33070866141732286,0.711864406779661,0.6162109375
Standard TabPFN v2,PR,0.33070866141732286,0.7241379310344828,0.61767578125
Standard TabPFN v2,PR,0.3228346456692913,0.7192982456140351,0.6181640625
Standard TabPFN v2,PR,0.31496062992125984,0.7142857142857143,0.62060546875
Standard TabPFN v2,PR,0.30708661417322836,0.7090909090909091,0.6212454438209534
Standard TabPFN v2,PR,0.2992125984251969,0.7037037037037037,0.62451171875
Standard TabPFN v2,PR,0.2992125984251969,0.7169811320754716,0.62548828125
Standard TabPFN v2,PR,0.2992125984251969,0.7307692307692307,0.6277764439582825
Standard TabPFN v2,PR,0.29133858267716534,0.7254901960784313,0.6396484375
Standard TabPFN v2,PR,0.29133858267716534,0.74,0.64013671875
Standard TabPFN v2,PR,0.29133858267716534,0.7551020408163265,0.6448621153831482
Standard TabPFN v2,PR,0.29133858267716534,0.7708333333333334,0.64892578125
Standard TabPFN v2,PR,0.29133858267716534,0.7872340425531915,0.6492555737495422
Standard TabPFN v2,PR,0.29133858267716534,0.8043478260869565,0.65087890625
Standard TabPFN v2,PR,0.28346456692913385,0.8,0.6515262722969055
Standard TabPFN v2,PR,0.2755905511811024,0.7954545454545454,0.65234375
Standard TabPFN v2,PR,0.2677165354330709,0.7906976744186046,0.6544566750526428
Standard TabPFN v2,PR,0.2677165354330709,0.8095238095238095,0.66015625
Standard TabPFN v2,PR,0.25196850393700787,0.8,0.67529296875
Standard TabPFN v2,PR,0.2440944881889764,0.7948717948717948,0.681640625
Standard TabPFN v2,PR,0.2440944881889764,0.8157894736842105,0.6827839016914368
Standard TabPFN v2,PR,0.23622047244094488,0.8108108108108109,0.6839150786399841
Standard TabPFN v2,PR,0.2283464566929134,0.8055555555555556,0.6925519108772278
Standard TabPFN v2,PR,0.2283464566929134,0.8285714285714286,0.69287109375
Standard TabPFN v2,PR,0.2204724409448819,0.8484848484848485,0.694505512714386
Standard TabPFN v2,PR,0.2125984251968504,0.84375,0.7109375
Standard TabPFN v2,PR,0.2047244094488189,0.8387096774193549,0.71533203125
Standard TabPFN v2,PR,0.1968503937007874,0.8333333333333334,0.7156456112861633
Standard TabPFN v2,PR,0.1889763779527559,0.8275862068965517,0.716796875
Standard TabPFN v2,PR,0.18110236220472442,0.8214285714285714,0.7213675379753113
Standard TabPFN v2,PR,0.1732283464566929,0.8148148148148148,0.7236328125
Standard TabPFN v2,PR,0.16535433070866143,0.8076923076923077,0.724609375
Standard TabPFN v2,PR,0.15748031496062992,0.8,0.7286935448646545
Standard TabPFN v2,PR,0.14960629921259844,0.7916666666666666,0.7351720929145813
Standard TabPFN v2,PR,0.14173228346456693,0.782608695652174,0.7356602549552917
Standard TabPFN v2,PR,0.14173228346456693,0.8181818181818182,0.73583984375
Standard TabPFN v2,PR,0.13385826771653545,0.8095238095238095,0.7365079522132874
Standard TabPFN v2,PR,0.12598425196850394,0.8,0.7366365790367126
Standard TabPFN v2,PR,0.11811023622047244,0.7894736842105263,0.7537222504615784
Standard TabPFN v2,PR,0.11023622047244094,0.7777777777777778,0.7728548645973206
Standard TabPFN v2,PR,0.10236220472440945,0.7647058823529411,0.79638671875
Standard TabPFN v2,PR,0.09448818897637795,0.75,0.8016599416732788
Standard TabPFN v2,PR,0.08661417322834646,0.7333333333333333,0.8148419260978699
Standard TabPFN v2,PR,0.07874015748031496,0.7142857142857143,0.8160175681114197
Standard TabPFN v2,PR,0.07874015748031496,0.7692307692307693,0.8184592723846436
Standard TabPFN v2,PR,0.07874015748031496,0.8333333333333334,0.8213893175125122
Standard TabPFN v2,PR,0.07086614173228346,0.8181818181818182,0.8240175843238831
Standard TabPFN v2,PR,0.06299212598425197,0.8,0.8343707919120789
Standard TabPFN v2,PR,0.05511811023622047,0.7777777777777778,0.8426705598831177
Standard TabPFN v2,PR,0.047244094488188976,0.75,0.845806360244751
Standard TabPFN v2,PR,0.03937007874015748,0.7142857142857143,0.881186306476593
Standard TabPFN v2,PR,0.031496062992125984,0.6666666666666666,0.888671875
Standard TabPFN v2,PR,0.023622047244094488,0.6,0.8949102759361267
Standard TabPFN v2,PR,0.015748031496062992,0.5,0.8958867192268372
Standard TabPFN v2,PR,0.007874015748031496,0.3333333333333333,0.8993591666221619
Standard TabPFN v2,PR,0.007874015748031496,0.5,0.9057064652442932
Standard TabPFN v2,PR,0.0,0.0,0.9198095798492432
Standard TabPFN v2,PR,0.0,1.0,
XGBoost,ROC,0.0,0.0,inf
XGBoost,ROC,0.0,0.007874015748031496,0.9851638078689575
XGBoost,ROC,0.0,0.047244094488188976,0.9615249633789062
XGBoost,ROC,0.009569377990430622,0.047244094488188976,0.9537370800971985
XGBoost,ROC,0.009569377990430622,0.07874015748031496,0.9346216917037964
XGBoost,ROC,0.014354066985645933,0.07874015748031496,0.9272341132164001
XGBoost,ROC,0.014354066985645933,0.11811023622047244,0.9097601175308228
XGBoost,ROC,0.019138755980861243,0.11811023622047244,0.8900009393692017
XGBoost,ROC,0.019138755980861243,0.15748031496062992,0.8790972828865051
XGBoost,ROC,0.023923444976076555,0.15748031496062992,0.8779414892196655
XGBoost,ROC,0.023923444976076555,0.1732283464566929,0.8678785562515259
XGBoost,ROC,0.03827751196172249,0.1732283464566929,0.863351583480835
XGBoost,ROC,0.03827751196172249,0.1889763779527559,0.8531145453453064
XGBoost,ROC,0.0430622009569378,0.1889763779527559,0.8452471494674683
XGBoost,ROC,0.0430622009569378,0.2125984251968504,0.828995943069458
XGBoost,ROC,0.05263157894736842,0.2125984251968504,0.8111477494239807
XGBoost,ROC,0.05263157894736842,0.2283464566929134,0.789945125579834
XGBoost,ROC,0.06220095693779904,0.2283464566929134,0.7873662114143372
XGBoost,ROC,0.06220095693779904,0.23622047244094488,0.7839241623878479
XGBoost,ROC,0.06698564593301436,0.23622047244094488,0.7833288908004761
XGBoost,ROC,0.06698564593301436,0.2440944881889764,0.7826645970344543
XGBoost,ROC,0.08133971291866028,0.2440944881889764,0.7737333178520203
XGBoost,ROC,0.08133971291866028,0.25984251968503935,0.767906665802002
XGBoost,ROC,0.0861244019138756,0.25984251968503935,0.7634034156799316
XGBoost,ROC,0.0861244019138756,0.2755905511811024,0.7499445080757141
XGBoost,ROC,0.09090909090909091,0.2755905511811024,0.7486335635185242
XGBoost,ROC,0.09090909090909091,0.3228346456692913,0.7335690259933472
XGBoost,ROC,0.10526315789473684,0.3228346456692913,0.7248884439468384
XGBoost,ROC,0.10526315789473684,0.3464566929133858,0.7167288661003113
XGBoost,ROC,0.11483253588516747,0.3464566929133858,0.7150400280952454
XGBoost,ROC,0.11483253588516747,0.3858267716535433,0.6981874704360962
XGBoost,ROC,0.12440191387559808,0.3858267716535433,0.6862708330154419
XGBoost,ROC,0.12440191387559808,0.41732283464566927,0.6704416275024414
XGBoost,ROC,0.1291866028708134,0.41732283464566927,0.6636797189712524
XGBoost,ROC,0.1291866028708134,0.4645669291338583,0.6403664946556091
XGBoost,ROC,0.14354066985645933,0.4645669291338583,0.637445330619812
XGBoost,ROC,0.14354066985645933,0.47244094488188976,0.637267529964447
XGBoost,ROC,0.14832535885167464,0.47244094488188976,0.6316147446632385
XGBoost,ROC,0.14832535885167464,0.5118110236220472,0.616870641708374
XGBoost,ROC,0.15311004784688995,0.5118110236220472,0.6158291101455688
XGBoost,ROC,0.15311004784688995,0.5275590551181102,0.6144170761108398
XGBoost,ROC,0.15789473684210525,0.5275590551181102,0.6038734912872314
XGBoost,ROC,0.15789473684210525,0.5433070866141733,0.5942467451095581
XGBoost,ROC,0.1722488038277512,0.5433070866141733,0.5873796343803406
XGBoost,ROC,0.1722488038277512,0.5511811023622047,0.58693528175354
XGBoost,ROC,0.20095693779904306,0.5511811023622047,0.5722402930259705
XGBoost,ROC,0.20095693779904306,0.5669291338582677,0.5658475160598755
XGBoost,ROC,0.20574162679425836,0.5669291338582677,0.5589663982391357
XGBoost,ROC,0.20574162679425836,0.5826771653543307,0.5562599897384644
XGBoost,ROC,0.23923444976076555,0.5826771653543307,0.5346746444702148
XGBoost,ROC,0.23923444976076555,0.5905511811023622,0.5250275731086731
XGBoost,ROC,0.24401913875598086,0.5905511811023622,0.5227125287055969
XGBoost,ROC,0.24401913875598086,0.6220472440944882,0.5095770955085754
XGBoost,ROC,0.2727272727272727,0.6220472440944882,0.48915743827819824
XGBoost,ROC,0.2727272727272727,0.6299212598425197,0.48892486095428467
XGBoost,ROC,0.2822966507177033,0.6299212598425197,0.4856151342391968
XGBoost,ROC,0.2822966507177033,0.6377952755905512,0.4856054484844208
XGBoost,ROC,0.3157894736842105,0.6377952755905512,0.4707759618759155
XGBoost,ROC,0.3157894736842105,0.6535433070866141,0.46918556094169617
XGBoost,ROC,0.35406698564593303,0.6535433070866141,0.4413703978061676
XGBoost,ROC,0.35406698564593303,0.6614173228346457,0.44003117084503174
XGBoost,ROC,0.37320574162679426,0.6614173228346457,0.43548300862312317
XGBoost,ROC,0.37320574162679426,0.6771653543307087,0.4280538856983185
XGBoost,ROC,0.4019138755980861,0.6771653543307087,0.3991245925426483
XGBoost,ROC,0.4019138755980861,0.6850393700787402,0.3951611816883087
XGBoost,ROC,0.41148325358851673,0.6850393700787402,0.3905174136161804
XGBoost,ROC,0.41148325358851673,0.7086614173228346,0.3776688277721405
XGBoost,ROC,0.41626794258373206,0.7086614173228346,0.3774408996105194
XGBoost,ROC,0.41626794258373206,0.7165354330708661,0.3754355013370514
XGBoost,ROC,0.430622009569378,0.7165354330708661,0.3683657944202423
XGBoost,ROC,0.430622009569378,0.7322834645669292,0.36149853467941284
XGBoost,ROC,0.4354066985645933,0.7322834645669292,0.35862547159194946
XGBoost,ROC,0.4354066985645933,0.7401574803149606,0.35533371567726135
XGBoost,ROC,0.45454545454545453,0.7401574803149606,0.34548625349998474
XGBoost,ROC,0.45454545454545453,0.7480314960629921,0.33998602628707886
XGBoost,ROC,0.47368421052631576,0.7480314960629921,0.32657313346862793
XGBoost,ROC,0.47368421052631576,0.7559055118110236,0.3228225111961365
XGBoost,ROC,0.4880382775119617,0.7559055118110236,0.31672126054763794
XGBoost,ROC,0.4880382775119617,0.7716535433070866,0.312714546918869
XGBoost,ROC,0.5023923444976076,0.7716535433070866,0.3086228668689728
XGBoost,ROC,0.5023923444976076,0.7795275590551181,0.3036329448223114
XGBoost,ROC,0.507177033492823,0.7795275590551181,0.3018946647644043
XGBoost,ROC,0.507177033492823,0.7874015748031497,0.29971349239349365
XGBoost,ROC,0.5358851674641149,0.7874015748031497,0.2844444513320923
XGBoost,ROC,0.5358851674641149,0.7952755905511811,0.28199291229248047
XGBoost,ROC,0.5598086124401914,0.7952755905511811,0.2608039081096649
XGBoost,ROC,0.5598086124401914,0.8188976377952756,0.25525614619255066
XGBoost,ROC,0.6172248803827751,0.8188976377952756,0.22166812419891357
XGBoost,ROC,0.6172248803827751,0.8267716535433071,0.2151702344417572
XGBoost,ROC,0.6267942583732058,0.8267716535433071,0.2129702866077423
XGBoost,ROC,0.6267942583732058,0.8346456692913385,0.20518150925636292
XGBoost,ROC,0.6411483253588517,0.8346456692913385,0.19947271049022675
XGBoost,ROC,0.6411483253588517,0.84251968503937,0.19889529049396515
XGBoost,ROC,0.645933014354067,0.84251968503937,0.1986304670572281
XGBoost,ROC,0.645933014354067,0.8503937007874016,0.19797571003437042
XGBoost,ROC,0.6746411483253588,0.8503937007874016,0.18371307849884033
XGBoost,ROC,0.6746411483253588,0.8582677165354331,0.1829044073820114
XGBoost,ROC,0.6842105263157895,0.8582677165354331,0.1786695420742035
XGBoost,ROC,0.6842105263157895,0.8661417322834646,0.1770668476819992
XGBoost,ROC,0.7177033492822966,0.8661417322834646,0.16908572614192963
XGBoost,ROC,0.7177033492822966,0.8740157480314961,0.16870389878749847
XGBoost,ROC,0.722488038277512,0.8740157480314961,0.1679622083902359
XGBoost,ROC,0.722488038277512,0.8818897637795275,0.16713277995586395
XGBoost,ROC,0.7320574162679426,0.8818897637795275,0.16258637607097626
XGBoost,ROC,0.7320574162679426,0.889763779527559,0.15978950262069702
XGBoost,ROC,0.7511961722488039,0.889763779527559,0.14276321232318878
XGBoost,ROC,0.7511961722488039,0.8976377952755905,0.14190176129341125
XGBoost,ROC,0.7655502392344498,0.8976377952755905,0.13458804786205292
XGBoost,ROC,0.7655502392344498,0.905511811023622,0.1344425231218338
XGBoost,ROC,0.7751196172248804,0.905511811023622,0.12948274612426758
XGBoost,ROC,0.7751196172248804,0.9133858267716536,0.12795740365982056
XGBoost,ROC,0.7799043062200957,0.9133858267716536,0.12726767361164093
XGBoost,ROC,0.7799043062200957,0.9212598425196851,0.12649096548557281
XGBoost,ROC,0.8181818181818182,0.9212598425196851,0.10610044002532959
XGBoost,ROC,0.8181818181818182,0.9291338582677166,0.10461533069610596
XGBoost,ROC,0.8803827751196173,0.9291338582677166,0.08274155855178833
XGBoost,ROC,0.8803827751196173,0.937007874015748,0.07628808915615082
XGBoost,ROC,0.9043062200956937,0.937007874015748,0.06762269884347916
XGBoost,ROC,0.9043062200956937,0.9448818897637795,0.0671328455209732
XGBoost,ROC,0.9138755980861244,0.9448818897637795,0.06246570125222206
XGBoost,ROC,0.9138755980861244,0.952755905511811,0.059458550065755844
XGBoost,ROC,0.9330143540669856,0.952755905511811,0.05093817040324211
XGBoost,ROC,0.9425837320574163,0.952755905511811,0.04987725988030434
XGBoost,ROC,0.9760765550239234,0.952755905511811,0.04675934463739395
XGBoost,ROC,0.9760765550239234,0.9606299212598425,0.0440768264234066
XGBoost,ROC,0.9808612440191388,0.9606299212598425,0.043712593615055084
XGBoost,ROC,0.9808612440191388,0.9921259842519685,0.039175573736429214
XGBoost,ROC,0.9904306220095693,0.9921259842519685,0.034352242946624756
XGBoost,ROC,0.9904306220095693,1.0,0.02938445284962654
XGBoost,ROC,1.0,1.0,0.019268352538347244
XGBoost,PR,1.0,0.37797619047619047,0.019268352538347244
XGBoost,PR,1.0,0.37910447761194027,0.02670079842209816
XGBoost,PR,1.0,0.38023952095808383,0.02938445284962654
XGBoost,PR,0.9921259842519685,0.3783783783783784,0.034352242946624756
XGBoost,PR,0.9921259842519685,0.3795180722891566,0.035373393446207047
XGBoost,PR,0.9921259842519685,0.3806646525679758,0.039175573736429214
XGBoost,PR,0.984251968503937,0.3787878787878788,0.03946519270539284
XGBoost,PR,0.9763779527559056,0.3768996960486322,0.03972335159778595
XGBoost,PR,0.968503937007874,0.375,0.042650315910577774
XGBoost,PR,0.9606299212598425,0.3730886850152905,0.043712593615055084
XGBoost,PR,0.9606299212598425,0.37423312883435583,0.0440768264234066
XGBoost,PR,0.952755905511811,0.3723076923076923,0.04675934463739395
XGBoost,PR,0.952755905511811,0.3734567901234568,0.04770220071077347
XGBoost,PR,0.952755905511811,0.3746130030959752,0.04787397384643555
XGBoost,PR,0.952755905511811,0.37577639751552794,0.048519354313611984
XGBoost,PR,0.952755905511811,0.37694704049844235,0.04916800186038017
XGBoost,PR,0.952755905511811,0.378125,0.04939065873622894
XGBoost,PR,0.952755905511811,0.3793103448275862,0.049655746668577194
XGBoost,PR,0.952755905511811,0.3805031446540881,0.04987725988030434
XGBoost,PR,0.952755905511811,0.3829113924050633,0.05093817040324211
XGBoost,PR,0.952755905511811,0.38412698412698415,0.05317520350217819
XGBoost,PR,0.952755905511811,0.3853503184713376,0.0564485564827919
XGBoost,PR,0.952755905511811,0.3865814696485623,0.05645323172211647
XGBoost,PR,0.952755905511811,0.38782051282051283,0.059458550065755844
XGBoost,PR,0.9448818897637795,0.3858520900321543,0.06246570125222206
XGBoost,PR,0.9448818897637795,0.3870967741935484,0.06436215341091156
XGBoost,PR,0.9448818897637795,0.3883495145631068,0.0671328455209732
XGBoost,PR,0.937007874015748,0.38636363636363635,0.06762269884347916
XGBoost,PR,0.937007874015748,0.38762214983713356,0.06931747496128082
XGBoost,PR,0.937007874015748,0.3888888888888889,0.07255784422159195
XGBoost,PR,0.937007874015748,0.3901639344262295,0.07354550808668137
XGBoost,PR,0.937007874015748,0.39144736842105265,0.07603146880865097
XGBoost,PR,0.937007874015748,0.3927392739273927,0.07628808915615082
XGBoost,PR,0.9291338582677166,0.39072847682119205,0.08274155855178833
XGBoost,PR,0.9291338582677166,0.3920265780730897,0.08355347067117691
XGBoost,PR,0.9291338582677166,0.3933333333333333,0.08425358682870865
XGBoost,PR,0.9291338582677166,0.39464882943143814,0.08473139256238937
XGBoost,PR,0.9291338582677166,0.3959731543624161,0.08724846690893173
XGBoost,PR,0.9291338582677166,0.39730639730639733,0.08748118579387665
XGBoost,PR,0.9291338582677166,0.39864864864864863,0.08786889165639877
XGBoost,PR,0.9291338582677166,0.4,0.08792023360729218
XGBoost,PR,0.9291338582677166,0.4013605442176871,0.09125906974077225
XGBoost,PR,0.9291338582677166,0.40273037542662116,0.0918937548995018
XGBoost,PR,0.9291338582677166,0.4041095890410959,0.09316329658031464
XGBoost,PR,0.9291338582677166,0.4054982817869416,0.09780725091695786
XGBoost,PR,0.9291338582677166,0.4068965517241379,0.10093319416046143
XGBoost,PR,0.9291338582677166,0.4083044982698962,0.10461533069610596
XGBoost,PR,0.9212598425196851,0.40625,0.10610044002532959
XGBoost,PR,0.9212598425196851,0.4076655052264808,0.10654076188802719
XGBoost,PR,0.9212598425196851,0.4090909090909091,0.10774881392717361
XGBoost,PR,0.9212598425196851,0.4105263157894737,0.10956594347953796
XGBoost,PR,0.9212598425196851,0.4119718309859155,0.11359874904155731
XGBoost,PR,0.9212598425196851,0.4134275618374558,0.11962761729955673
XGBoost,PR,0.9212598425196851,0.4148936170212766,0.1209784746170044
XGBoost,PR,0.9212598425196851,0.41637010676156583,0.12121161818504333
XGBoost,PR,0.9212598425196851,0.41785714285714287,0.12649096548557281
XGBoost,PR,0.9133858267716536,0.4157706093189964,0.12726767361164093
XGBoost,PR,0.9133858267716536,0.4172661870503597,0.12795740365982056
XGBoost,PR,0.905511811023622,0.4151624548736462,0.12948274612426758
XGBoost,PR,0.905511811023622,0.4166666666666667,0.1309254765510559
XGBoost,PR,0.905511811023622,0.41818181818181815,0.1344425231218338
XGBoost,PR,0.8976377952755905,0.41605839416058393,0.13458804786205292
XGBoost,PR,0.8976377952755905,0.4175824175824176,0.1370878666639328
XGBoost,PR,0.8976377952755905,0.41911764705882354,0.13905665278434753
XGBoost,PR,0.8976377952755905,0.42066420664206644,0.14190176129341125
XGBoost,PR,0.889763779527559,0.4185185185185185,0.14276321232318878
XGBoost,PR,0.889763779527559,0.4200743494423792,0.14988218247890472
XGBoost,PR,0.889763779527559,0.4216417910447761,0.1532294899225235
XGBoost,PR,0.889763779527559,0.4232209737827715,0.15954560041427612
XGBoost,PR,0.889763779527559,0.424812030075188,0.15978950262069702
XGBoost,PR,0.8818897637795275,0.4226415094339623,0.16258637607097626
XGBoost,PR,0.8818897637795275,0.42424242424242425,0.1663338840007782
XGBoost,PR,0.8818897637795275,0.42585551330798477,0.16713277995586395
XGBoost,PR,0.8740157480314961,0.42366412213740456,0.1679622083902359
XGBoost,PR,0.8740157480314961,0.42528735632183906,0.16870389878749847
XGBoost,PR,0.8661417322834646,0.4230769230769231,0.16908572614192963
XGBoost,PR,0.8661417322834646,0.4247104247104247,0.16951550543308258
XGBoost,PR,0.8661417322834646,0.4263565891472868,0.16970165073871613
XGBoost,PR,0.8661417322834646,0.4280155642023346,0.1725393682718277
XGBoost,PR,0.8661417322834646,0.4296875,0.1728839874267578
XGBoost,PR,0.8661417322834646,0.43137254901960786,0.17443101108074188
XGBoost,PR,0.8661417322834646,0.4330708661417323,0.176998570561409
XGBoost,PR,0.8661417322834646,0.43478260869565216,0.1770668476819992
XGBoost,PR,0.8582677165354331,0.43253968253968256,0.1786695420742035
XGBoost,PR,0.8582677165354331,0.4342629482071713,0.18209026753902435
XGBoost,PR,0.8582677165354331,0.436,0.1829044073820114
XGBoost,PR,0.8503937007874016,0.43373493975903615,0.18371307849884033
XGBoost,PR,0.8503937007874016,0.43548387096774194,0.1850610077381134
XGBoost,PR,0.8503937007874016,0.43724696356275305,0.19231489300727844
XGBoost,PR,0.8503937007874016,0.43902439024390244,0.19359049201011658
XGBoost,PR,0.8503937007874016,0.44081632653061226,0.1938323676586151
XGBoost,PR,0.8503937007874016,0.4426229508196721,0.19402241706848145
XGBoost,PR,0.8503937007874016,0.4444444444444444,0.19797571003437042
XGBoost,PR,0.84251968503937,0.44214876033057854,0.1986304670572281
XGBoost,PR,0.84251968503937,0.44398340248962653,0.19889529049396515
XGBoost,PR,0.8346456692913385,0.44166666666666665,0.19947271049022675
XGBoost,PR,0.8346456692913385,0.4435146443514644,0.20116449892520905
XGBoost,PR,0.8346456692913385,0.44537815126050423,0.20138335227966309
XGBoost,PR,0.8346456692913385,0.4472573839662447,0.20518150925636292
XGBoost,PR,0.8267716535433071,0.4449152542372881,0.2129702866077423
XGBoost,PR,0.8267716535433071,0.44680851063829785,0.21389618515968323
XGBoost,PR,0.8267716535433071,0.44871794871794873,0.2151702344417572
XGBoost,PR,0.8188976377952756,0.44635193133047213,0.22166812419891357
XGBoost,PR,0.8188976377952756,0.4482758620689655,0.22454988956451416
XGBoost,PR,0.8188976377952756,0.45021645021645024,0.22502292692661285
XGBoost,PR,0.8188976377952756,0.45217391304347826,0.23221522569656372
XGBoost,PR,0.8188976377952756,0.45414847161572053,0.23754921555519104
XGBoost,PR,0.8188976377952756,0.45614035087719296,0.23759961128234863
XGBoost,PR,0.8188976377952756,0.4581497797356828,0.2415728121995926
XGBoost,PR,0.8188976377952756,0.46017699115044247,0.24190355837345123
XGBoost,PR,0.8188976377952756,0.4622222222222222,0.24469338357448578
XGBoost,PR,0.8188976377952756,0.4642857142857143,0.24679507315158844
XGBoost,PR,0.8188976377952756,0.4663677130044843,0.2504029870033264
XGBoost,PR,0.8188976377952756,0.46846846846846846,0.25195640325546265
XGBoost,PR,0.8188976377952756,0.47058823529411764,0.25525614619255066
XGBoost,PR,0.8110236220472441,0.4681818181818182,0.25671282410621643
XGBoost,PR,0.8031496062992126,0.4657534246575342,0.26038095355033875
XGBoost,PR,0.7952755905511811,0.463302752293578,0.2608039081096649
XGBoost,PR,0.7952755905511811,0.46543778801843316,0.26495182514190674
XGBoost,PR,0.7952755905511811,0.4675925925925926,0.2719936966896057
XGBoost,PR,0.7952755905511811,0.4697674418604651,0.27555611729621887
XGBoost,PR,0.7952755905511811,0.4719626168224299,0.2792271077632904
XGBoost,PR,0.7952755905511811,0.47417840375586856,0.28199291229248047
XGBoost,PR,0.7874015748031497,0.4716981132075472,0.2844444513320923
XGBoost,PR,0.7874015748031497,0.47393364928909953,0.28522664308547974
XGBoost,PR,0.7874015748031497,0.47619047619047616,0.2892126142978668
XGBoost,PR,0.7874015748031497,0.4784688995215311,0.29308584332466125
XGBoost,PR,0.7874015748031497,0.4807692307692308,0.2987460196018219
XGBoost,PR,0.7874015748031497,0.4830917874396135,0.29931727051734924
XGBoost,PR,0.7874015748031497,0.4854368932038835,0.29971349239349365
XGBoost,PR,0.7795275590551181,0.48292682926829267,0.3018946647644043
XGBoost,PR,0.7795275590551181,0.4852941176470588,0.3036329448223114
XGBoost,PR,0.7716535433070866,0.4827586206896552,0.3086228668689728
XGBoost,PR,0.7716535433070866,0.48514851485148514,0.3089997470378876
XGBoost,PR,0.7716535433070866,0.48756218905472637,0.31120580434799194
XGBoost,PR,0.7716535433070866,0.49,0.312714546918869
XGBoost,PR,0.7637795275590551,0.48743718592964824,0.31399601697921753
XGBoost,PR,0.7559055118110236,0.48484848484848486,0.31672126054763794
XGBoost,PR,0.7559055118110236,0.4873096446700508,0.3198336958885193
XGBoost,PR,0.7559055118110236,0.4897959183673469,0.3200130760669708
XGBoost,PR,0.7559055118110236,0.49230769230769234,0.3228225111961365
XGBoost,PR,0.7480314960629921,0.4896907216494845,0.32657313346862793
XGBoost,PR,0.7480314960629921,0.49222797927461137,0.3277561664581299
XGBoost,PR,0.7480314960629921,0.4947916666666667,0.33463120460510254
XGBoost,PR,0.7480314960629921,0.4973821989528796,0.33496254682540894
XGBoost,PR,0.7480314960629921,0.5,0.33998602628707886
XGBoost,PR,0.7401574803149606,0.4973544973544973,0.34548625349998474
XGBoost,PR,0.7401574803149606,0.5,0.35025373101234436
XGBoost,PR,0.7401574803149606,0.5026737967914439,0.3511805236339569
XGBoost,PR,0.7401574803149606,0.5053763440860215,0.35272422432899475
XGBoost,PR,0.7401574803149606,0.5081081081081081,0.35533371567726135
XGBoost,PR,0.7322834645669292,0.5054347826086957,0.35862547159194946
XGBoost,PR,0.7322834645669292,0.5081967213114754,0.36149853467941284
XGBoost,PR,0.7244094488188977,0.5054945054945055,0.36203452944755554
XGBoost,PR,0.7165354330708661,0.5027624309392266,0.3683657944202423
XGBoost,PR,0.7165354330708661,0.5055555555555555,0.3687228858470917
XGBoost,PR,0.7165354330708661,0.5083798882681564,0.37329575419425964
XGBoost,PR,0.7165354330708661,0.5112359550561798,0.3754355013370514
XGBoost,PR,0.7086614173228346,0.5084745762711864,0.3774408996105194
XGBoost,PR,0.7086614173228346,0.5113636363636364,0.3776688277721405
XGBoost,PR,0.7007874015748031,0.5085714285714286,0.38218143582344055
XGBoost,PR,0.6929133858267716,0.5057471264367817,0.38483017683029175
XGBoost,PR,0.6850393700787402,0.5028901734104047,0.3905174136161804
XGBoost,PR,0.6850393700787402,0.5058139534883721,0.3950783908367157
XGBoost,PR,0.6850393700787402,0.5087719298245614,0.3951611816883087
XGBoost,PR,0.6771653543307087,0.5058823529411764,0.3991245925426483
XGBoost,PR,0.6771653543307087,0.5088757396449705,0.40031009912490845
XGBoost,PR,0.6771653543307087,0.5119047619047619,0.41265538334846497
XGBoost,PR,0.6771653543307087,0.5149700598802395,0.41882234811782837
XGBoost,PR,0.6771653543307087,0.5180722891566265,0.4192650318145752
XGBoost,PR,0.6771653543307087,0.5212121212121212,0.42034271359443665
XGBoost,PR,0.6771653543307087,0.524390243902439,0.4280538856983185
XGBoost,PR,0.6692913385826772,0.5214723926380368,0.43022042512893677
XGBoost,PR,0.6614173228346457,0.5185185185185185,0.43548300862312317
XGBoost,PR,0.6614173228346457,0.5217391304347826,0.43708622455596924
XGBoost,PR,0.6614173228346457,0.525,0.4371206760406494
XGBoost,PR,0.6614173228346457,0.5283018867924528,0.43859195709228516
XGBoost,PR,0.6614173228346457,0.5316455696202531,0.44003117084503174
XGBoost,PR,0.6535433070866141,0.5286624203821656,0.4413703978061676
XGBoost,PR,0.6535433070866141,0.532051282051282,0.44433003664016724
XGBoost,PR,0.6535433070866141,0.535483870967742,0.44729548692703247
XGBoost,PR,0.6535433070866141,0.538961038961039,0.44808804988861084
XGBoost,PR,0.6535433070866141,0.5424836601307189,0.4507283866405487
XGBoost,PR,0.6535433070866141,0.5460526315789473,0.45090582966804504
XGBoost,PR,0.6535433070866141,0.5496688741721855,0.4644019603729248
XGBoost,PR,0.6535433070866141,0.5533333333333333,0.4668423533439636
XGBoost,PR,0.6535433070866141,0.5570469798657718,0.46918556094169617
XGBoost,PR,0.6456692913385826,0.5540540540540541,0.47067540884017944
XGBoost,PR,0.6377952755905512,0.5510204081632653,0.4707759618759155
XGBoost,PR,0.6377952755905512,0.5547945205479452,0.47836753726005554
XGBoost,PR,0.6377952755905512,0.5586206896551724,0.4787645936012268
XGBoost,PR,0.6377952755905512,0.5625,0.4797409772872925
XGBoost,PR,0.6377952755905512,0.5664335664335665,0.4845133423805237
XGBoost,PR,0.6377952755905512,0.5704225352112676,0.485124796628952
XGBoost,PR,0.6377952755905512,0.574468085106383,0.4853557348251343
XGBoost,PR,0.6377952755905512,0.5785714285714286,0.4856054484844208
XGBoost,PR,0.6299212598425197,0.5755395683453237,0.4856151342391968
XGBoost,PR,0.6299212598425197,0.5797101449275363,0.48848283290863037
XGBoost,PR,0.6299212598425197,0.583941605839416,0.48892486095428467
XGBoost,PR,0.6220472440944882,0.5808823529411765,0.48915743827819824
XGBoost,PR,0.6220472440944882,0.5851851851851851,0.49512243270874023
XGBoost,PR,0.6220472440944882,0.5895522388059702,0.4966440498828888
XGBoost,PR,0.6220472440944882,0.5939849624060151,0.5001791715621948
XGBoost,PR,0.6220472440944882,0.5984848484848485,0.502826452255249
XGBoost,PR,0.6220472440944882,0.6030534351145038,0.508080005645752
XGBoost,PR,0.6220472440944882,0.6076923076923076,0.5095770955085754
XGBoost,PR,0.6141732283464567,0.6046511627906976,0.509879469871521
XGBoost,PR,0.6062992125984252,0.6015625,0.5121527314186096
XGBoost,PR,0.5984251968503937,0.5984251968503937,0.5219011902809143
XGBoost,PR,0.5905511811023622,0.5952380952380952,0.5227125287055969
XGBoost,PR,0.5905511811023622,0.6,0.5250275731086731
XGBoost,PR,0.5826771653543307,0.5967741935483871,0.5346746444702148
XGBoost,PR,0.5826771653543307,0.6016260162601627,0.5376874804496765
XGBoost,PR,0.5826771653543307,0.6065573770491803,0.5396386981010437
XGBoost,PR,0.5826771653543307,0.6115702479338843,0.541313111782074
XGBoost,PR,0.5826771653543307,0.6166666666666667,0.545574426651001
XGBoost,PR,0.5826771653543307,0.6218487394957983,0.5495826601982117
XGBoost,PR,0.5826771653543307,0.6271186440677966,0.5511186122894287
XGBoost,PR,0.5826771653543307,0.6324786324786325,0.5562599897384644
XGBoost,PR,0.5748031496062992,0.6293103448275862,0.557623028755188
XGBoost,PR,0.5669291338582677,0.6260869565217392,0.5589663982391357
XGBoost,PR,0.5669291338582677,0.631578947368421,0.5658475160598755
XGBoost,PR,0.5590551181102362,0.6283185840707964,0.571115255355835
XGBoost,PR,0.5511811023622047,0.625,0.5722402930259705
XGBoost,PR,0.5511811023622047,0.6306306306306306,0.5731527209281921
XGBoost,PR,0.5511811023622047,0.6363636363636364,0.5749133825302124
XGBoost,PR,0.5511811023622047,0.6422018348623854,0.5751978158950806
XGBoost,PR,0.5511811023622047,0.6481481481481481,0.5861791372299194
XGBoost,PR,0.5511811023622047,0.6542056074766355,0.586670994758606
XGBoost,PR,0.5511811023622047,0.660377358490566,0.58693528175354
XGBoost,PR,0.5433070866141733,0.6571428571428571,0.5873796343803406
XGBoost,PR,0.5433070866141733,0.6634615384615384,0.5877035856246948
XGBoost,PR,0.5433070866141733,0.6699029126213593,0.5937871336936951
XGBoost,PR,0.5433070866141733,0.6764705882352942,0.5942467451095581
XGBoost,PR,0.5354330708661418,0.6732673267326733,0.598371148109436
XGBoost,PR,0.5275590551181102,0.67,0.6038734912872314
XGBoost,PR,0.5275590551181102,0.6767676767676768,0.6144170761108398
XGBoost,PR,0.5196850393700787,0.673469387755102,0.6148266196250916
XGBoost,PR,0.5118110236220472,0.6701030927835051,0.6158291101455688
XGBoost,PR,0.5118110236220472,0.6770833333333334,0.616870641708374
XGBoost,PR,0.5039370078740157,0.6736842105263158,0.6183041334152222
XGBoost,PR,0.49606299212598426,0.6702127659574468,0.6183632016181946
XGBoost,PR,0.4881889763779528,0.6666666666666666,0.6214596033096313
XGBoost,PR,0.48031496062992124,0.6630434782608695,0.6225410103797913
XGBoost,PR,0.47244094488188976,0.6593406593406593,0.6316147446632385
XGBoost,PR,0.47244094488188976,0.6666666666666666,0.637267529964447
XGBoost,PR,0.4645669291338583,0.6629213483146067,0.637445330619812
XGBoost,PR,0.4645669291338583,0.6704545454545454,0.6379743218421936
XGBoost,PR,0.4645669291338583,0.6781609195402298,0.6396639347076416
XGBoost,PR,0.4645669291338583,0.686046511627907,0.6403664946556091
XGBoost,PR,0.4566929133858268,0.6823529411764706,0.6414163112640381
XGBoost,PR,0.44881889763779526,0.6785714285714286,0.6425722241401672
XGBoost,PR,0.4409448818897638,0.6746987951807228,0.6452826261520386
XGBoost,PR,0.4330708661417323,0.6707317073170732,0.6497750878334045
XGBoost,PR,0.4251968503937008,0.6666666666666666,0.6628813147544861
XGBoost,PR,0.41732283464566927,0.6625,0.6636797189712524
XGBoost,PR,0.41732283464566927,0.6708860759493671,0.6704416275024414
XGBoost,PR,0.4094488188976378,0.6666666666666666,0.6715247631072998
XGBoost,PR,0.4015748031496063,0.6623376623376623,0.6716435551643372
XGBoost,PR,0.3937007874015748,0.6578947368421053,0.6744334697723389
XGBoost,PR,0.3858267716535433,0.6533333333333333,0.6862708330154419
XGBoost,PR,0.3858267716535433,0.6621621621621622,0.689575731754303
XGBoost,PR,0.3858267716535433,0.6712328767123288,0.6981874704360962
XGBoost,PR,0.3779527559055118,0.6666666666666666,0.6990718245506287
XGBoost,PR,0.3700787401574803,0.6619718309859155,0.7004556655883789
XGBoost,PR,0.36220472440944884,0.6571428571428571,0.7074090838432312
XGBoost,PR,0.3543307086614173,0.6521739130434783,0.7111912965774536
XGBoost,PR,0.3464566929133858,0.6470588235294118,0.7150400280952454
XGBoost,PR,0.3464566929133858,0.6567164179104478,0.7150463461875916
XGBoost,PR,0.3464566929133858,0.6666666666666666,0.7167288661003113
XGBoost,PR,0.33858267716535434,0.6615384615384615,0.7212677001953125
XGBoost,PR,0.33070866141732286,0.65625,0.7231203317642212
XGBoost,PR,0.3228346456692913,0.6507936507936508,0.7248884439468384
XGBoost,PR,0.3228346456692913,0.6612903225806451,0.7265836000442505
XGBoost,PR,0.3228346456692913,0.6721311475409836,0.7320588231086731
XGBoost,PR,0.3228346456692913,0.6833333333333333,0.7335690259933472
XGBoost,PR,0.31496062992125984,0.6779661016949152,0.734200119972229
XGBoost,PR,0.30708661417322836,0.6724137931034483,0.7360538840293884
XGBoost,PR,0.2992125984251969,0.6666666666666666,0.7367218136787415
XGBoost,PR,0.29133858267716534,0.6607142857142857,0.7376206517219543
XGBoost,PR,0.28346456692913385,0.6545454545454545,0.7467215061187744
XGBoost,PR,0.2755905511811024,0.6481481481481481,0.7486335635185242
XGBoost,PR,0.2755905511811024,0.660377358490566,0.7499445080757141
XGBoost,PR,0.2677165354330709,0.6538461538461539,0.7597432732582092
XGBoost,PR,0.25984251968503935,0.6470588235294118,0.7634034156799316
XGBoost,PR,0.25984251968503935,0.66,0.767906665802002
XGBoost,PR,0.25196850393700787,0.6530612244897959,0.7727063894271851
XGBoost,PR,0.2440944881889764,0.6458333333333334,0.7737333178520203
XGBoost,PR,0.2440944881889764,0.6595744680851063,0.7781779170036316
XGBoost,PR,0.2440944881889764,0.6739130434782609,0.781091570854187
XGBoost,PR,0.2440944881889764,0.6888888888888889,0.7826645970344543
XGBoost,PR,0.23622047244094488,0.6818181818181818,0.7833288908004761
XGBoost,PR,0.23622047244094488,0.6976744186046512,0.7839241623878479
XGBoost,PR,0.2283464566929134,0.6904761904761905,0.7873662114143372
XGBoost,PR,0.2283464566929134,0.7073170731707317,0.7876802682876587
XGBoost,PR,0.2283464566929134,0.725,0.789945125579834
XGBoost,PR,0.2204724409448819,0.717948717948718,0.8010008335113525
XGBoost,PR,0.2125984251968504,0.7105263157894737,0.8111477494239807
XGBoost,PR,0.2125984251968504,0.7297297297297297,0.8158802390098572
XGBoost,PR,0.2125984251968504,0.75,0.828995943069458
XGBoost,PR,0.2047244094488189,0.7428571428571429,0.842688798904419
XGBoost,PR,0.1968503937007874,0.7352941176470589,0.8451632857322693
XGBoost,PR,0.1889763779527559,0.7272727272727273,0.8452471494674683
XGBoost,PR,0.1889763779527559,0.75,0.8531145453453064
XGBoost,PR,0.18110236220472442,0.7419354838709677,0.8561731576919556
XGBoost,PR,0.1732283464566929,0.7333333333333333,0.863351583480835
XGBoost,PR,0.1732283464566929,0.7586206896551724,0.8659554123878479
XGBoost,PR,0.1732283464566929,0.7857142857142857,0.8664385676383972
XGBoost,PR,0.1732283464566929,0.8148148148148148,0.8678785562515259
XGBoost,PR,0.16535433070866143,0.8076923076923077,0.8741251826286316
XGBoost,PR,0.15748031496062992,0.8,0.8779414892196655
XGBoost,PR,0.15748031496062992,0.8333333333333334,0.8790972828865051
XGBoost,PR,0.14960629921259844,0.8260869565217391,0.8804088830947876
XGBoost,PR,0.14173228346456693,0.8181818181818182,0.8813374042510986
XGBoost,PR,0.13385826771653545,0.8095238095238095,0.8871387839317322
XGBoost,PR,0.12598425196850394,0.8,0.8886425495147705
XGBoost,PR,0.11811023622047244,0.7894736842105263,0.8900009393692017
XGBoost,PR,0.11811023622047244,0.8333333333333334,0.9097601175308228
XGBoost,PR,0.11023622047244094,0.8235294117647058,0.9141112565994263
XGBoost,PR,0.10236220472440945,0.8125,0.9149452447891235
XGBoost,PR,0.09448818897637795,0.8,0.9209602475166321
XGBoost,PR,0.08661417322834646,0.7857142857142857,0.923235297203064
XGBoost,PR,0.07874015748031496,0.7692307692307693,0.9272341132164001
XGBoost,PR,0.07874015748031496,0.8333333333333334,0.9346216917037964
XGBoost,PR,0.07086614173228346,0.8181818181818182,0.9441466331481934
XGBoost,PR,0.06299212598425197,0.8,0.9456338286399841
XGBoost,PR,0.05511811023622047,0.7777777777777778,0.9468352198600769
XGBoost,PR,0.047244094488188976,0.75,0.9537370800971985
XGBoost,PR,0.047244094488188976,0.8571428571428571,0.9605491161346436
XGBoost,PR,0.047244094488188976,1.0,0.9615249633789062
XGBoost,PR,0.03937007874015748,1.0,0.9617124199867249
XGBoost,PR,0.031496062992125984,1.0,0.9621748328208923
XGBoost,PR,0.023622047244094488,1.0,0.9640107154846191
XGBoost,PR,0.015748031496062992,1.0,0.9717027544975281
XGBoost,PR,0.007874015748031496,1.0,0.9851638078689575
XGBoost,PR,0.0,1.0,
